# vtk DataFile Version 3.0
d-2__ created by libgimli-v1.5.0-35-g5443be83
ASCII
DATASET UNSTRUCTURED_GRID
POINTS 7800 double
-10	0	0
-10	-3	0
-10	-20	0
213.21049806631	-20	0
213.21049806631	-3	0
213.21049806631	0	0
85.210498066312	0	0
85.210498066312	-3	0
101.60524903316	-20	0
45.802624516578	-20	0
149.21049806631	-3	0
149.21049806631	0	0
117.21049806631	-3	0
37.605249033156	-3	0
157.40787354973	-20	0
117.21049806631	0	0
37.605249033156	0	0
181.21049806631	0	0
181.21049806631	-3	0
185.30918580802	-20	0
133.21049806631	0	0
133.21049806631	-3	0
129.50656129144	-20	0
101.21049806631	0	0
101.21049806631	-3	0
61.407873549734	0	0
61.407873549734	-3	0
13.802624516578	0	0
6	-3	0
21.802624516578	-3	0
1.901312258289	0	0
13.901312258289	-3	0
17.901312258289	-20	0
25.703936774867	0	0
7.8519683874334	0	0
-2	-3	0
19.753280645722	0	0
29.703936774867	-3	0
-4.0493438708555	0	0
31.654592904011	0	0
165.21049806631	0	0
165.21049806631	-3	0
197.21049806631	0	0
197.21049806631	-3	0
125.21049806631	0	0
125.21049806631	-3	0
141.21049806631	-3	0
141.21049806631	0	0
93.210498066312	0	0
93.210498066312	-3	0
109.21049806631	-3	0
109.21049806631	0	0
49.506561291445	0	0
49.506561291445	-3	0
73.309185808023	0	0
73.309185808023	-3	0
73.703936774867	-20	0
9.9506561291445	-3	0
10.827296452006	0	0
16.77795258115	0	0
17.851968387433	-3	0
-6	-3	0
-7.0246719354278	0	0
33.654592904011	-3	0
34.629920968584	0	0
173.21049806631	-3	0
173.21049806631	0	0
157.21049806631	-3	0
157.21049806631	0	0
189.21049806631	0	0
189.21049806631	-3	0
205.21049806631	-3	0
205.21049806631	0	0
129.21049806631	0	0
129.21049806631	-3	0
121.21049806631	-3	0
121.21049806631	0	0
145.21049806631	0	0
145.21049806631	-3	0
137.21049806631	0	0
137.21049806631	-3	0
97.210498066312	-3	0
97.210498066312	0	0
89.210498066312	-3	0
89.210498066312	0	0
113.21049806631	0	0
113.21049806631	-3	0
105.21049806631	0	0
105.21049806631	-3	0
55.457217420589	-3	0
55.457217420589	0	0
43.5559051623	-3	0
43.5559051623	0	0
67.358529678878	0	0
67.358529678878	-3	0
79.259841937167	-3	0
79.259841937167	0	0
9.3396324197195	-1.1933676167536	0
7.9753280645722	-3	0
7.8697337646294	-1.5018057579256	0
4.8766403228612	0	0
6.3643043551473	0	0
5.6204723390042	-1.4317925295369	0
2	-3	0
4	-3	0
3.990905900285	-1.3692595392189	0
3.3889762905751	0	0
6.9876640322861	-6.16758299885	0
8.9629920968584	-5.0457274176121	0
6.9876640322861	-4.4298128600293	0
3.9506561291445	-20	0
8.9629920968584	-3.7844447893856	0
10.269225982863	-4.4150861034988	0
10.627388503148	-6.8250483160718	0
11.925984193717	-3	0
5	-4.7467926256611	0
3	-4.4476712862771	0
12.913648226003	-5.4682692007601	0
12.913648226003	-1.5308668992445	0
10.938320161431	-1.6605256627695	0
0.17855323043382	-5.3274087688694	0
12.913648226003	-4.0365304978026	0
11.601739254442	-4.297774569873	0
11.03900180423	-5.5322796703529	0
12.012307910225	-6.5540896315683	0
17.210132156839	-9.8299125870812	0
14.204170530328	-7.4565445236827	0
14.702675885472	-4.7523998492813	0
14.581759417696	-1.4759928571008	0
15.876640322861	-3	0
15.290288548864	0	0
16.034120565007	-1.2651218907414	0
17.667021161284	-1.3739604227132	0
19.827296452006	-3	0
18.265616613436	0	0
12.314960484292	0	0
1.7264293069894	-5.3274087688694	0
0	-3	0
13.836086832776	-9.7043382149378	0
0.95249126871163	-4.0974806221971	0
14.186252516488	-6.0552196366212	0
16.533630999629	-6.2319323789547	0
15.314924622548	-6.7415648900468	0
15.906069702381	-8.8802301184452	0
16.388120517117	-7.5959558602887	0
18.206522796197	-9.0110967211144	0
18.231724821993	-7.1028536986928	0
22.728608710295	0	0
-1	-4.2472710793292	0
-3.5000903833137	-5.2272086653955	0
-1.6853033119448	-6.1780517797721	0
-2.4028192638744	-4.3474711828032	0
-4	-3	0
-1.0740158062833	0	0
16.864304355147	-4.481969671131	0
21.279131037214	-8.0973885011835	0
19.238894338201	-1.4898388579647	0
20.814960484292	-1.7454680081396	0
22.374608610698	-1.5336416222353	0
25.753280645722	-3	0
23.77795258115	-3	0
24.216272742581	-1.1510639369624	0
-5	-4.3941637786188	0
1	-1.847623995479	0
-5	-1.51604215402	0
2.5026416658852	-1.5829761544874	0
18.83963241972	-4.7283332202938	0
19.600378124494	-8.0752173344538	0
20.40420149372	-10.778305973398	0
20.465741627685	-6.1186197961971	0
20.423706300125	-9.3014441120677	0
19.201500574463	-10.02386226053	0
20.675156798364	-12.779307640157	0
17.079968083657	-11.112999116748	0
18.841549017631	-11.93354942771	0
24.765616613436	-6.16758299885	0
25.676070511856	-1.5008641460263	0
27.728608710295	-3	0
28.679264839439	0	0
27.191600807153	0	0
27.935432823296	-1.4149150242466	0
29.569437050523	-1.3709472684105	0
31.679264839439	-3	0
30.166928871725	0	0
-10	-11.5	0
-0.55652632396587	-1.506987697493	0
0.41364822600283	0	0
-2.3017697468228	-1.2639475402645	0
-5.5370079031416	0	0
-6.5870181591027	-1.5255082485308	0
-8	-3	0
-8.3858008674794	-1.2160283899466	0
17.857332005431	-5.7419280541365	0
19.133740979841	-6.1227467613241	0
20.814960484292	-4.422466280306	0
11.75435027134	-8.9103885163118	0
8.3102361695021	-18.826998959085	0
24.765616613436	-4.4298128600293	0
28.716272742581	-6.16758299885	0
32.666928871725	-1.4917760215241	0
-5.5858935846193	-7.2159009743506	0
-3.6248826843602	-1.668302630485	0
-3.4049248361492	-7.5639262695393	0
22.620971524463	-5.6783304283035	0
17.366814988581	-12.798369340513	0
9.9515849935894	-15.753610618401	0
26.740944678008	-4.7382713765137	0
30.691600807153	-5.045727417612	0
28.716272742581	-4.4298128600293	0
31.117300176416	-1.4539921724181	0
34.247519218631	-1.5342217527001	0
35.629920968584	-3	0
36.092204869104	-1.1792386998266	0
33.142256936297	0	0
-4.8530327730401	-5.896374264051	0
-10	-7.25	0
-7.2800059989495	-5.3755202713242	0
23.303193371126	-4.3839749094055	0
18.142918731079	-10.572685690965	0
19.046948162635	-13.973611238923	0
8.6172038330933	-17.398034361684	0
32.666928871725	-4.7381204670674	0
30.691600807153	-3.7844447893856	0
37.558260829692	-1.5	0
40.580577097728	-3	0
40.580577097728	0	0
39.092913065442	-3	0
39.092913065442	0	0
39.836745081585	-1.5	0
38.349081049299	-5.3855780622904	0
41.72109934935	-1.5	0
39.836745081585	-4.540683369829	0
-10	-5.125	0
-6.3796603820398	-4.3280410316501	0
15.993937947409	-10.259010913238	0
15.723813005573	-11.613924129784	0
17.073246844585	-8.6476954998097	0
14.727560657546	-10.710920714576	0
12.667695099911	-11.637172932451	0
14.200832383218	-12.293108788755	0
3.6729947110932	-6.7836710082969	0
15.636923856869	-13.466219204679	0
0.95249126871163	-7.8095412471957	0
14.232524229169	-13.719880703698	0
12.959473989159	-13.074880272085	0
10.508115692031	-12.823915387722	0
10.925984193717	-20	0
34.642256936297	-4.7109008244084	0
11.275494512658	-15.752543719564	0
36.61758500087	-4.6167110894979	0
42.068241130014	-3	0
41.324409113871	-4.3090176507953	0
42.812073146157	-4.2885179251641	0
40.952070018924	-6.8104285726026	0
46.531233226873	-3	0
42.087564057097	-5.7010316102735	0
43.298816192569	-8.0765778154805	0
43.780413274438	-5.6772658079613	0
42.322838101734	-7.0776411488393	0
41.208959154218	-9.1421617199248	0
42.068241130014	0	0
-9	-4.0625	0
-8.6529621097807	-5.3909621319711	0
-7.9446816983574	-7.3217173086362	0
17.171345863006	-14.866398626091	0
12.561693750945	-15.438809640476	0
15.263949440813	-15.415809923203	0
17.029396250217	-18.911854909631	0
22.782209888169	-10.071152426106	0
39.693210506976	-6.0201155928866	0
18.430570801928	-16.335065946436	0
39.574644535227	-7.6067260521309	0
10.684130180366	-16.937037611251	0
45.68774177902	-7.3081002967885	0
13.909846260742	-15.077735210705	0
14.044770327327	-17.418176035982	0
16.903776516781	-17.523144376295	0
35.714880572863	-6.4455615893296	0
24.876640322861	-20	0
11.557151925318	-14.113890920512	0
33.679133270992	-6.5054038124453	0
7.4383201614306	-20	0
9.1821521775737	-20	0
16.50572008706	-16.141208085811	0
14.413648226003	-20	0
31.851968387433	-20	0
15.484813960794	-17.183569208911	0
14.976811920769	-18.60227434818	0
12.66981620986	-20	0
16.157480242146	-20	0
11.993047813183	-17.410172400269	0
13.541732217931	-18.836376358305	0
12.199950679353	-18.73944463016	0
10.523887436804	-18.319587487825	0
6.1722707752836	-17.620271564581	0
6.9552429895778	-18.730361567565	0
5.6944881452875	-20	0
4.822572137216	-18.587116871252	0
3.9470143057338	-15.939353754076	0
-3.0246719354278	-20	0
4.7975843618804	-17.126734236188	0
1.4504468160053	-15.847273637138	0
6.2763507649389	-15.169092711544	0
0.46299209685836	-20	0
3.4522536174027	-17.341963407152	0
8.7286353970789	-6.9330550943078	0
6.6306592339095	-9.3420939398276	0
9.7776924331382	-8.6314290082495	0
7.3040737281622	-7.8104961740995	0
5.4852015726207	-7.3088685620202	0
8.2376047988389	-9.134794758063	0
7.7665514132379	-11.815299071379	0
9.6209430544357	-10.759535102628	0
7.5841825529289	-10.401608825425	0
5.408411296564	-11.400895751763	0
5.6396871630786	-5.95263105282	0
10.625907380416	-9.7637316367156	0
11.12343748895	-11.270845220027	0
3.918349372277	-9.3261993954354	0
4.3009055550392	-8.0061800343271	0
2.6154523932021	-8.0993606501917	0
5.2764369964208	-9.0043439980801	0
4.8496668714955	-10.22975523572	0
2.9350902588086	-11.271413028847	0
6.0372609537958	-10.382018047278	0
4.1751931400641	-11.270399924405	0
6.6164910529226	-11.443019263208	0
3.5567662864938	-13.259502130149	0
5.9483415210712	-13.260588052089	0
4.6671091777551	-12.514028210233	0
6.88579800583	-12.573610510535	0
7.2276051201663	-14.02316400733	0
8.070763482174	-13.059269779572	0
4.7522903254827	-13.840535558317	0
8.8037957833931	-14.55120356841	0
9.1736684593063	-12.13037245893	0
3.6363290982108	-14.61625630984	0
1.8716781464359	-14.039029062001	0
2.7120822100225	-15.531310536641	0
2.3439999847519	-16.738390446436	0
0.46825243310106	-17.725709889601	0
2.2068241130014	-20	0
7.6597515553501	-15.349686237478	0
6.8165635869979	-16.419829901955	0
10.156470232402	-14.181418480518	0
2.2191277476666	-6.6979301611735	0
2.3066017184292	-9.7326132201582	0
0.1532679695253	-11.509840457685	0
1.5070078394349	-10.956935531334	0
0.60346985054599	-9.4935780677929	0
1.3624312436437	-12.536662176687	0
-0.79210046723764	-14.104460267024	0
0.52958799437846	-13.656456678743	0
-0.51981845928442	-12.734132371929	0
0.26711424577848	-15.055720643894	0
-2.1465168566103	-11.042643106273	0
-2.536507121931	-13.045634443083	0
-1.7879086866514	-16.27861870363	0
0.22324153987409	-16.401596494747	0
-0.83999320543678	-17.283059826596	0
-2.6630194944225	-18.053988017179	0
-1.2808399192847	-20	0
-0.59611824754968	-18.716866274523	0
3.4508318374783	-18.717975469906	0
2.3596841168492	-18.028841263352	0
0.89441898932443	-6.4659237945973	0
-0.41472171187708	-6.4947586158673	0
-1.5049686511949	-8.1616228234925	0
-5.072398609991	-15.762999187026	0
1.2557209577162	-18.864682409454	0
-2.925109012255	-9.3573250909657	0
-0.21016495265642	-8.4467636911392	0
-1.1752953430719	-9.7469751833254	0
-3.510539679418	-16.532866966044	0
-4.7332183045891	-8.8801909372231	0
-2.8819716541212	-14.828788076621	0
-6.5123359677139	-20	0
-6.6950397365287	-8.8347292270128	0
-4.3336618525749	-11.03056387762	0
-4.7230587393493	-13.547058024015	0
-4.7685039515708	-20	0
-10	-9.375	0
-5.7447870744985	-10.18045534565	0
-7.9145661368287	-10.704231221139	0
-5.9232686545315	-12.072965834332	0
-4.8124477049263	-17.204861342786	0
-8.7151161928853	-11.736750967199	0
-6.148680754741	-17.977841370258	0
-7.7974606626897	-12.66674330381	0
-8.3731374283857	-8.9481561212439	0
-6.6838193908494	-11.046567237959	0
-10	-15.75	0
-9.1630651175306	-10.562832259601	0
-10	-13.625	0
-8.9931547227584	-12.928838536127	0
-8.5212617200852	-14.6875	0
-8.0762161982035	-16.867163458592	0
21.240944678008	0	0
-10	-1.5	0
21.7193320799	-6.7598805755736	0
23.388328037614	-8.0503745848435	0
-2.9449248781426	-6.3748955692897	0
43.251646160243	-1.5	0
46.531233226873	0	0
44.295676986067	-4.2860109981019	0
45.043569194586	-3	0
45.547937170716	-5.5408404783192	0
45.043569194586	-1.0826146293511	0
45.787401210729	-4.1728259497873	0
47.861380524286	-5.2408313131982	0
47.095576128887	-4.1802089706653	0
48.018897259159	-3	0
50.199717985263	-5.6203822645437	0
48.762729275302	-4.1782387290438	0
52.481889356017	-3	0
53.969553388303	-6.5996499748624	0
50.151722197899	-4.2312085721293	0
51.976212970875	-4.8635886015375	0
50.994225323731	-3	0
48.762729275302	-1.5	0
52.481889356017	0	0
50.250393307588	-1.6967139317606	0
48.018897259159	0	0
47.275065243016	-1.6967139317606	0
51.738057339874	-1.7115596252317	0
53.592325866466	-1.5	0
50.994225323731	0	0
46.826303985822	-6.3288710275512	0
47.827288622499	-8.6442534189694	0
48.568394607604	-6.9497952376956	0
51.847175748599	-7.0241531553023	0
53.969553388303	-3	0
53.22572137216	-4.2022362791674	0
53.136186526885	-5.5441148788123	0
54.713385404446	-4.2914392659216	0
58.432545485161	-3	0
53.969553388303	0	0
50.169854207328	-8.6595244189156	0
12.769021772609	-7.8292009638179	0
14.627258379907	-8.6798608779306	0
12.45821673699	-10.190982316436	0
3.870699239549	-5.461769141563	0
-6.7940304395614	-6.628093594995	0
-6.0640200669266	-5.6243014311456	0
13.021931951934	-16.639262088031	0
14.134835281526	-16.238874350482	0
37.92961847156	-10.995186888031	0
21.388976290575	-20	0
21.281969363384	-17.000392306782	0
18.557739534404	-18.073567390794	0
19.752544479241	-17.112267407356	0
19.645144274432	-20	0
20.390266210619	-15.320262117298	0
20.624728210032	-18.52555100151	0
23.132808306718	-20	0
19.112224265309	-15.251818860477	0
23.530329406588	-14.730416000138	0
22.395198783801	-18.384312343693	0
22.052255903264	-15.51488068697	0
22.855868689194	-16.874045535234	0
22.081702430393	-13.785651883796	0
24.317545759816	-18.145285771939	0
24.117983815888	-12.246365573959	0
28.364304355147	-20	0
24.6680715702	-16.266308636201	0
22.313417654915	-11.975667155129	0
23.376957843934	-13.382596506598	0
25.325323419641	-13.843523390137	0
26.604617738683	-6.6294866068146	0
21.709903699362	-10.817160015797	0
21.639951545151	-9.5729446969152	0
22.605843067049	-8.9169630684104	0
23.910252123157	-9.3082114219223	0
22.329425900051	-7.8808063916092	0
23.036895082832	-6.8539211483368	0
24.078733900449	-10.772720059386	0
25.291896951592	-7.9977132754804	0
24.164055423243	-7.1726813049274	0
26.461457202192	-11.446602707087	0
25.625554990447	-9.8528231320646	0
26.620472339004	-20	0
28.599248191165	-9.3092825970826	0
27.492388347076	-17.203637843124	0
27.055606996389	-8.3760269052357	0
27.197140560027	-10.044657104536	0
29.077421173097	-11.925351967483	0
28.430484655147	-10.691865329743	0
27.741302366838	-11.83972151106	0
30.73193893735	-10.271198634375	0
26.679222547161	-13.017545357822	0
28.310763953386	-13.420989323694	0
27.027287877561	-15.110684107513	0
31.092456433499	-13.902561559764	0
29.776688190876	-13.228104467284	0
29.33398646957	-15.530524905944	0
31.207446021609	-12.057568184961	0
25.840532970779	-17.457217056643	0
26.851841435403	-18.538027347497	0
26.042351535877	-16.085920363858	0
25.215846301735	-15.114366580988	0
28.393055826726	-18.456920797442	0
30.10813637129	-20	0
29.031595515211	-17.047764180382	0
30.038149654728	-18.353121155616	0
30.916910271586	-16.634760421055	0
28.498603097252	-7.7325043763581	0
30.288184336977	-8.4098773322785	0
34.10853302054	-13.164459085594	0
25.514257627104	-18.796168092408	0
30.706634568295	-15.249511095839	0
33.033121010293	-15.604943291656	0
31.953784618133	-14.878013864219	0
33.184996267387	-14.214682870406	0
38.827296452006	-20	0
32.598264207046	-12.767549687688	0
33.989871857625	-10.544177904693	0
32.532468097482	-11.179178653324	0
32.474204320395	-9.0554966165137	0
31.840124597271	-18.190764497769	0
35.307502268398	-15.149976137062	0
32.329585510936	-16.848471088924	0
35.33963241972	-20	0
34.551891701862	-17.284978826211	0
33.267103542565	-17.950719087243	0
33.595800403576	-20	0
36.823673483396	-18.097629098056	0
34.506479856467	-18.769943475828	0
4.9708321355296	-15.128279359958	0
5.5910756713707	-16.188785743471	0
8.7076465294401	-16.107815679889	0
-3.2446826057638	-11.868287915075	0
-4.4448325966847	-12.301735847187	0
-4.2038588171478	-14.764416169737	0
-5.4353968138861	-14.570266012841	0
-3.5245372797428	-13.755289643766	0
-6.037436761369	-13.391575022768	0
-6.8211325556425	-15.64360720386	0
-7.3096422224951	-13.981476693427	0
-6.0130931697768	-16.674803121769	0
-10	-17.875	0
-8.2561679838569	-20	0
43.962629385772	-11.960608351021	0
50.325532319098	-7.1413363681659	0
46.721510737541	-15.799001407005	0
39.280398780627	-9.5574190593561	0
37.274386709736	-8.2572901244541	0
40.807309712268	-12.345360913725	0
38.571864815306	-8.453003864564	0
38.154745070665	-6.9414956421315	0
37.736238029308	-9.5941133640011	0
35.728734084043	-9.5394814880247	0
36.708454719551	-10.449853393349	0
35.363656439769	-10.914731382225	0
36.603699634555	-12.324372173919	0
34.377360975831	-11.839457619191	0
35.350114792527	-12.726590295725	0
35.077884113023	-13.933870991724	0
34.227842310253	-14.724101298146	0
34.344320043997	-16.010303502711	0
36.975914831132	-14.205225651989	0
35.610363493719	-16.458375916468	0
36.62659011334	-15.533893116534	0
36.855024559796	-16.805775795487	0
38.910930259982	-17.501976190349	0
38.747966397675	-15.381376908791	0
37.725763468305	-15.992932991386	0
40.531972705675	-10.684055353947	0
38.530338121654	-12.920353131037	0
42.274702246811	-11.248692831018	0
42.497649170234	-13.077059635596	0
43.799803890781	-9.9896957136384	0
40.8414027735	-14.584925307852	0
45.020450554135	-14.868036896671	0
42.597101380859	-9.282491404783	0
46.300711034098	-10.775267285967	0
44.817739825517	-8.7009733791438	0
45.163877744024	-10.020765541833	0
45.113004979302	-11.331120707797	0
46.471011671602	-9.2849661058332	0
45.337164761925	-13.106655628288	0
46.195096276793	-12.096425048089	0
59.753280645722	-20	0
48.366476737634	-11.605207153524	0
47.724780370458	-10.183118495338	0
49.465773558119	-10.25334350228	0
43.910450459176	-13.759282780348	0
42.541960285857	-14.789278223246	0
44.058792500435	-20	0
47.386109128558	-13.977296259148	0
42.314960484292	-20	0
43.765043684888	-15.3372580917	0
44.879250714269	-16.404293628767	0
41.567651197701	-15.719241250309	0
40.122516746592	-15.844842854818	0
43.350534584729	-16.611776488233	0
41.017951894861	-17.77100860743	0
52.373619332083	-10.585478768016	0
56.7749768811	-6.2105951547221	0
42.06531801888	-16.952093698962	0
42.399621717714	-18.458888933804	0
50.971476943977	-9.966072630139	0
50.642885266412	-12.333427223176	0
52.337162952499	-8.7712949615684	0
51.677611874323	-13.403083216628	0
55.264567539446	-9.61992639423	0
55.044895515584	-5.6722270746553	0
53.668562044603	-9.6519984378295	0
54.517994659228	-12.19527393608	0
54.437443651079	-8.1868030937983	0
54.48977968033	-10.791208079843	0
53.351196889854	-11.516404545326	0
56.755409443597	-11.447996226058	0
52.005004302086	-11.951312816156	0
52.77795258115	-20	0
57.124871073329	-7.5910083994651	0
53.152035925897	-13.20085361053	0
55.581224193099	-6.9870751556932	0
55.932188162078	-8.3647540625612	0
56.991630297502	-9.7334050547199	0
59.165838819512	-6.1359010652336	0
49.621100379314	-14.357142859059	0
52.739113861677	-15.666315198615	0
46.376409244404	-17.854840890841	0
59.622992194522	-10.969498053447	0
48.303589410993	-15.344096070831	0
49.290288548864	-20	0
50.323569918228	-16.667756160851	0
55.417424902126	-14.847576418409	0
58.114602073775	-10.761685714097	0
58.535554851572	-13.284405744521	0
59.168114581282	-8.6930188708486	0
47.940690123014	-17.06054257238	0
54.546342668994	-13.664316241192	0
53.486355032132	-14.524155700469	0
54.257853469915	-15.844412845916	0
56.347568346306	-13.25056849335	0
53.255349710179	-17.828705102848	0
56.314034131705	-17.063413212017	0
47.546456532721	-20	0
57.415664705013	-14.942033734783	0
48.418372540792	-18.620773878246	0
50.204161234362	-18.45705406801	0
49.235920518763	-17.493805265341	0
51.034120565007	-20	0
51.628975858112	-17.653505663663	0
51.906036573079	-18.972390278036	0
28.287156635152	-14.735362927105	0
27.977376176864	-15.997708195719	0
30.329769009718	-6.7086009469612	0
31.717591609845	-7.5936702242207	0
31.860476565104	-6.0555927303881	0
-4.1179404379786	-18.591857410837	0
-10	-16.8125	0
-9.0524267119826	-17.34375	0
-8.8907856687359	-18.742766629007	0
-8.9920646964823	-16.229293822537	0
-8.152678781425	-17.948640224926	0
-7.9628446744443	-15.727966401844	0
-7.8248007702515	-18.993471721975	0
-7.1435878865963	-17.476543568996	0
35.749998775462	-7.9923953070554	0
34.183696554744	-8.7445557232919	0
37.083464435863	-20	0
38.26646622869	-14.183821637055	0
39.557694732142	-14.360234186165	0
40.374685127224	-13.47198848881	0
41.50634135212	-13.651749755723	0
39.646928918065	-12.546152734981	0
38.77206129478	-11.788621028157	0
37.69557581984	-12.087642242534	0
39.804838378795	-11.479829451236	0
37.354946681949	-13.152959530677	0
39.549774923543	-10.516671982202	0
40.173151071179	-9.8241669247813	0
38.595361663088	-10.267239669167	0
41.016302455619	-9.9771397706114	0
40.030859813901	-8.6730810795481	0
41.457609624289	-10.798865417444	0
41.850703015886	-9.7299481026368	0
40.903693836575	-11.475917346982	0
42.705652716778	-10.309823322475	0
41.695509794238	-12.003760110826	0
42.643764718753	-12.131466410511	0
43.391954811868	-12.731164400335	0
43.216090885219	-11.373659113467	0
44.375374186379	-12.862886661669	0
44.150934454719	-10.952869493704	0
45.044610141753	-12.241672949983	0
36.289913042612	-13.363726456462	0
40.986614066859	-7.9866402508654	0
47.454057821401	-12.616744928349	0
48.641134776449	-13.358002372202	0
44.340854384347	-18.172901976235	0
40.571128468149	-20	0
39.699212460077	-18.778779803486	0
51.177365836775	-15.018257855746	0
57.839717182329	-8.7108079989793	0
58.487940195829	-7.5089342432989	0
60.024481410891	-7.4136968133544	0
61.542903508674	-5.4659704843766	0
61.595577524504	-9.3916578121712	0
56.265616613436	-20	0
60.633737475936	-15.909045482445	0
38.131701820652	-18.726299565582	0
45.475723296314	-18.763243633018	0
46.674540524649	-19.107952224059	0
60.201116557747	-9.6702938221836	0
61.16762512284	-10.878604123145	0
60.505518598659	-12.796936348644	0
63.766028467355	-10.821383938059	0
54.521784597293	-20	0
54.991157804804	-18.271252773245	0
54.994124249504	-16.946147268442	0
56.376169047849	-15.748952169158	0
57.77163253322	-16.473615180146	0
58.009448629579	-20	0
59.040956705257	-15.37144331513	0
59.368174573546	-17.030285229581	0
60.26762675397	-14.365433366571	0
66.728608710295	-20	0
61.644457944464	-13.771966633682	0
63.200918974101	-12.653083225314	0
61.835654874215	-12.395911785168	0
63.240944678008	-20	0
66.420737472192	-12.643427978164	0
64.216899823766	-15.708424007871	0
61.540532881741	-18.207412667035	0
64.809322952355	-12.14627997518	0
63.232576150775	-14.339146899906	0
65.111524875143	-14.026874634898	0
66.41224338937	-9.81083295825	0
62.4333467861	-15.952119772056	0
67.360699733544	-16.302246011379	0
65.246682684976	-10.728658222086	0
66.582966340166	-11.226631258065	0
64.357663109968	-8.4006837681951	0
68.773789051153	-12.195175471016	0
68.301595987365	-10.301199223919	0
61.51055000025	-16.891175430144	0
60.479126967704	-17.573130573088	0
63.083352018943	-17.513808310431	0
59.315169769252	-18.546986014818	0
61.497112661865	-20	0
60.48704241861	-18.765102797021	0
66.951755449444	-14.457156430225	0
71.574821929876	-10.49099124022	0
68.143257853759	-7.0263010399094	0
65.852388853982	-15.668683069998	0
65.078859558014	-17.508176067791	0
69.70958196165	-14.813777655018	0
67.753206945497	-13.237910713052	0
68.347942641048	-14.501884086863	0
68.746257834612	-15.891165666622	0
69.297516815326	-13.48452448958	0
71.635104041876	-13.488374477604	0
70.46833383768	-12.257901449642	0
70.216272742581	-20	0
70.955590359524	-16.897232342305	0
68.686393640958	-18.2299635304	0
67.711864269651	-8.6884353381989	0
64.984776694152	-20	0
70.033439067003	-8.7537202400177	0
66.133659204873	-7.3917753952877	0
64.084457318385	-18.698441598343	0
65.856692702223	-18.78523251463	0
67.30291732569	-18.66748354796	0
68.472440726438	-20	0
66.482300009695	-17.528775223879	0
59.322736453449	-12.241319604946	0
58.0169519614	-12.074461148008	0
56.359896440204	-18.596346630322	0
57.836865989949	-18.531725440688	0
69.92142822689	-10.685502170808	0
71.404357182063	-15.214533202392	0
73.878304890248	-16.775513188692	0
73.510460387238	-14.617567632307	0
72.397971384941	-16.380716193961	0
71.960104758724	-20	0
70.300885358253	-18.380696270204	0
69.537904203588	-17.081593834573	0
73.589971586475	-7.1506356047528	0
65.684685331849	-8.6690502265991	0
64.813813845339	-9.5602254865107	0
63.396294070591	-9.4483687458312	0
62.549891746349	-7.7067745171732	0
62.463947382409	-10.435726911366	0
64.212400413412	-6.077365653503	0
61.227943154914	-8.0707281134589	0
61.587169062508	-6.7927438552503	0
62.886904682217	-6.3877886704296	0
60.457345912153	-6.1663133892656	0
63.739913424672	-7.3082880639902	0
64.383201614306	-3	0
64.936704790464	-7.3523691916944	0
63.156537282673	-4.5539883415514	0
59.920209517448	-3	0
65.575539362457	-6.1462265754965	0
66.967721067007	-6.2702205727442	0
64.971548921773	-4.5760774573313	0
70.33385774345	-3	0
66.385158727305	-4.9335463989526	0
56.315878039588	-4.6368902097062	0
65.870865646592	-3	0
57.93433353071	-5.0185554392728	0
64.383201614306	0	0
68.729879559435	-4.8223456777308	0
66.614697662735	-1.5	0
65.870865646592	0	0
65.127033630449	-1.6967139317606	0
63.268690861321	-1.5	0
62.89553758202	-3	0
61.89752044758	-4.2098704255403	0
56.944881452875	-3	0
58.432545485161	0	0
56.201049436732	-1.5	0
57.688713469018	-1.6967139317606	0
56.944881452875	0	0
59.547056238146	-1.5	0
70.33385774345	0	0
62.89553758202	0	0
59.847149662333	-4.6411108002037	0
59.920209517448	0	0
68.846193711164	-3	0
68.102361695021	-1.6967139317606	0
69.590025727307	-1.7115596252317	0
71.444294253899	-1.5	0
68.846193711164	0	0
71.821521775737	-3	0
71.077689759593	-5.2717617568543	0
72.56535379188	-4.5012048829602	0
72.436541492058	-6.0738618796419	0
76.071806465446	-7.2993349389624	0
70.904427193872	-7.1173660828519	0
76.284513872595	-3	0
74.114301058715	-5.7664329717491	0
71.821521775737	0	0
69.707200239898	-6.0740372343642	0
71.86674226968	-8.679560071575	0
69.480059982866	-7.4613910201472	0
74.625544440928	-10.053391267661	0
73.031960544735	-9.7965780028044	0
73.168089984305	-11.958245905634	0
74.037941346882	-8.6269208873818	0
75.610012166961	-8.8136011695071	0
87.654592904011	-20	0
76.015182566999	-10.146089048206	0
75.19372937036	-11.998120238684	0
77.949339119624	-8.8301247440154	0
72.691622863898	-18.252371408337	0
71.521644049543	-18.78955736158	0
67.530019690113	-4.2981068051508	0
71.790209461544	-11.855784719427	0
73.007744137521	-13.330589238503	0
74.583693183896	-13.456670075109	0
80.679264839439	-20	0
76.862124187712	-13.55277201837	0
74.280030978225	-15.596710495079	0
77.191600807153	-20	0
78.277773028747	-11.392203667191	0
75.672378538057	-14.702714046135	0
77.609766112102	-15.51672703659	0
75.969464254253	-16.83030900047	0
77.462924523722	-10.194568921041	0
76.692692959934	-11.554783207264	0
79.049370427807	-9.9912017939877	0
80.910180681244	-11.929015583606	0
80.361226727954	-7.6466826257364	0
79.677666820205	-11.250212430182	0
79.203027047133	-13.542514439297	0
81.335657170333	-9.6981217934337	0
79.339783726916	-8.6144213995702	0
78.298665336987	-6.4925934667224	0
75.44776879101	-20	0
76.319684799081	-18.515729460887	0
78.935432823296	-17.977374575351	0
74.575852782938	-18.489570637388	0
77.719203452277	-18.691833179853	0
78.935432823296	-20	0
77.605768801587	-17.106303889617	0
79.07417736038	-16.315203045567	0
78.886581176369	-14.917147066494	0
81.222264264684	-15.315350856859	0
80.161710567957	-14.486947039169	0
81.739457745508	-13.560138071304	0
80.473603180833	-13.211557114262	0
80.839020541737	-17.2993941723	0
84.295473057953	-15.267102030735	0
83.940443399423	-11.414770413416	0
82.751346580574	-14.812107539901	0
82.488806083425	-16.589035759087	0
84.021317534346	-13.349842597778	0
82.505483808297	-12.144316530303	0
82.617208418799	-10.588070866418	0
84.604499085731	-8.879516585962	0
82.86395314392	-8.8650425105761	0
84.166928871725	-20	0
87.232860997894	-13.86884388433	0
83.757436353134	-6.0811868518819	0
82.423096855582	-20	0
85.546176010868	-14.110028774507	0
83.744702966491	-7.6124103570665	0
86.206498522214	-6.8672175210942	0
82.044892436425	-6.8326103333347	0
86.7762761126	-16.694159046187	0
86.098602794729	-11.954967422179	0
81.653640197604	-8.171538079527	0
82.235170001739	-3	0
80.290673542805	-5.3526481112855	0
86.564096724477	-15.210319041775	0
85.452004278112	-16.126431100004	0
89.049632372499	-15.611993879353	0
84.041978528268	-16.816194039341	0
85.461661723885	-17.932254434421	0
84.854086101265	-12.345811872032	0
85.157290959285	-11.134467857862	0
86.943677928019	-10.03525527777	0
84.29022261314	-10.151793092734	0
85.606865974675	-9.8639143493953	0
86.464004188778	-8.4770848489118	0
89.202481283424	-8.4869781459745	0
87.837036424486	-7.4319337717149	0
87.831700352891	-8.9089651138005	0
89.193777779172	-10.896119091356	0
82.227085066933	-4.9206271281452	0
83.960679522747	-18.380593627703	0
87.117235249618	-18.373169724956	0
90.211599658971	-5.7698652783833	0
87.772122780461	-4.9830313561183	0
83.722834034025	-3	0
85.910760887868	-20	0
94.629920968584	-20	0
88.427048608861	-17.233059150857	0
89.283437577137	-6.9710983012046	0
91.673783611191	-7.8588575605458	0
85.353701555585	-5.3159777039201	0
93.465122023844	-9.6439673275656	0
86.628407022361	-5.625239274965	0
87.708927179344	-6.2100180456515	0
87.210498066312	-3	0
88.901589219952	-5.6563249849555	0
86.305050243115	-4.1763889783064	0
89.670435779134	-4.3996112673903	0
91.210498066312	-3	0
91.234750410676	-4.5737954861815	0
91.877997377116	-6.1596969393226	0
91.142256936297	-20	0
87.210498066312	0	0
93.005803515212	-7.1570944525305	0
91.210498066312	0	0
94.500618802647	-7.3367489568764	0
93.011070974509	-4.7767161813526	0
91.097241173131	-17.328482179411	0
93.906811113259	-5.9688932983656	0
96.39717153182	-5.7006070750657	0
95.210498066312	-3	0
94.61081098219	-4.5073493275422	0
96.092020567324	-4.2236718599793	0
97.781218140551	-4.6446565418405	0
89.778538857774	-16.822023454371	0
89.398424920154	-20	0
91.17486578881	-15.156336998803	0
88.210498066312	-1.5	0
86.210498066312	-1.5	0
92.210498066312	-1.5	0
90.210498066312	-1.5	0
97.853529469525	-6.1744540756176	0
95.210498066312	0	0
98.782488733366	-7.392051754973	0
99.210498066312	-3	0
89.910106182385	-18.449480820601	0
96.528930595508	-7.7706135368872	0
100.22954211093	-5.3248596155961	0
103.21049806631	-3	0
99.210498066312	0	0
88.502565920174	-18.817744040834	0
96.210498066312	-1.5	0
94.210498066312	-1.5	0
100.21049806631	-3.9474410580132	0
98.980869579158	-4.2438248864046	0
101.791249907	-4.6144266780047	0
98.689799401482	-5.3683170056746	0
102.14962717532	-7.4739557988207	0
100.21049806631	-1.5	0
98.210498066312	-1.5	0
104.21049806631	-5.3101498682499	0
115.21049806631	-3	0
103.21049806631	0	0
101.52463269125	-6.1000629137624	0
100.19974000825	-6.8440692314553	0
103.02661393343	-6.2459038981713	0
100.36984441889	-9.390726550027	0
105.11910601455	-7.676471662672	0
103.63229401938	-7.6056037906953	0
102.69350121622	-9.7636380799568	0
104.3023321275	-9.1803002313909	0
104.21049806631	-3.9386387596274	0
103.09804494547	-4.6243943139386	0
105.79469616976	-4.6243943139386	0
107.21049806631	-3	0
105.52088563291	-6.1645962354594	0
107.74439862826	-7.5648169475407	0
107.3671216323	-5.6983728108491	0
104.21049806631	-1.5	0
102.21049806631	-1.5	0
103.92015739864	-10.636498313042	0
101.90713409513	-12.167101085147	0
116.53680897882	-8.3289076859227	0
117.47531388522	-5.2043241992713	0
107.21049806631	0	0
110.54873978856	-6.0266036275085	0
108.21049806631	-4.2956882028434	0
108.97371716371	-5.709466431329	0
109.45954606598	-7.3663033726832	0
109.69462984165	-4.407387773407	0
111.21049806631	-3	0
105.87011689915	-9.0580892858375	0
114.98441166107	-6.534689763127	0
112.21049806631	-4.804294753444	0
118.22751564069	-4.0113299597233	0
111.21049806631	0	0
108.21049806631	-1.5	0
106.21049806631	-1.5	0
118.89477450714	-5.2538308014351	0
119.21049806631	-3	0
115.5559051623	-20	0
117.78179694331	-6.999617104678	0
114.91491684286	-5.123909382259	0
112.21049806631	-1.5	0
110.21049806631	-1.5	0
116.33553876942	-4.3568384788945	0
108.92030338086	-10.215924497905	0
113.45173595351	-5.9030872835303	0
121.09963303876	-6.8813304632641	0
114.23977206465	-7.7349575183536	0
122.42820753275	-4.9770308341091	0
120.21049806631	-4.2891122443498	0
111.8027602337	-8.158753307599	0
119.0262235614	-9.0512460996533	0
116.27926447949	-5.9703432459508	0
119.16837296223	-6.6559230131602	0
120.25093396394	-5.7238391315349	0
114.21049806631	-3.9433540127165	0
113.70209835133	-11.386535337669	0
115.21049806631	0	0
108.72275582818	-13.113321340293	0
119.21049806631	0	0
120.00111172097	-7.9072209708044	0
121.34819559297	-10.042537988508	0
121.52530912442	-8.4382358565634	0
124.00936814303	-9.5244014217779	0
123.41895051086	-7.083847125632	0
122.59800342416	-9.368588009484	0
123.05382758301	-11.709721249423	0
117.88260474591	-8.3416929206722	0
117.31659374457	-10.530345908761	0
108.74566354825	-8.7070450087709	0
107.31614469354	-8.950182871676	0
110.42562862669	-9.2771497640167	0
106.76437080526	-11.298882080064	0
112.89617290223	-7.2275143281678	0
112.14182012157	-6.1323470339836	0
113.13818851721	-8.6192103570892	0
111.98663437814	-9.7922258869458	0
114.94588068654	-9.7429039565269	0
110.62991126918	-11.280998823311	0
113.47177226913	-10.098441356446	0
112.40181479855	-11.533160338853	0
114.75104835171	-12.168801344415	0
110.77871719419	-7.3261926877268	0
113.23736927114	-13.104104120614	0
114.83996077606	-10.955169685015	0
116.23691552132	-11.667585382448	0
115.9807388212	-10.44408330438	0
116.29771838332	-14.300890025023	0
118.60040129047	-12.830308628831	0
116.21049806631	-1.5	0
114.21049806631	-1.5	0
120.21049806631	-1.5	0
118.21049806631	-1.5	0
111.33333954109	-12.689646511846	0
108.58057709773	-20	0
114.7231161815	-13.816104782984	0
113.23925899641	-15.006330945016	0
114.98845805186	-15.753842233869	0
122.53123322687	-20	0
112.06824113001	-20	0
116.00011977806	-18.675922421966	0
113.15621798719	-17.620994449516	0
116.69478681413	-15.975055423504	0
113.70797443388	-16.329867653468	0
111.7780270658	-16.26857304446	0
115.08616535527	-17.682289058524	0
118.69680409398	-15.03846925315	0
111.51266091737	-14.484455380583	0
111.24836160067	-18.186767375046	0
113.81207314616	-20	0
116.53576252894	-17.436686047691	0
119.04356919459	-20	0
114.68235025679	-18.969356293055	0
117.29973717844	-20	0
117.43969906137	-18.562780353639	0
118.34479389684	-16.894041094083	0
110.15979174164	-13.713259529465	0
108.47922902765	-15.717682606425	0
110.10791716967	-15.376492716314	0
109.640414138	-17.2027518657	0
110.32440911387	-20	0
112.94015713809	-18.960466449183	0
121.49634413239	-16.530729265722	0
105.09291306544	-20	0
109.4524931058	-18.730953856578	0
119.86392803228	-16.221052701049	0
119.82837093157	-18.191851837537	0
121.16797437287	-13.804320607846	0
120.12135488033	-14.799766119532	0
121.45388500398	-15.152864238145	0
123.68462189729	-15.773710434668	0
122.93939872985	-14.133333581589	0
119.83397552327	-13.449678258851	0
120.95769339182	-11.909037999015	0
119.70241402727	-12.173588580886	0
120.05717892354	-10.746535990456	0
118.48623479871	-11.385751579402	0
108.29661486057	-17.056973432092	0
106.73933906121	-16.16254144993	0
118.69573348842	-18.77463645719	0
120.78740121073	-20	0
125.94247455124	-13.758502164147	0
122.25471119105	-12.886499127387	0
123.6153307908	-12.950739657246	0
124.47604015175	-14.227160321692	0
125.32464295423	-11.429818999318	0
125.81496792931	-15.88810354993	0
107.18562973176	-14.283155223522	0
106.83674508158	-20	0
121.6593172188	-18.379135437932	0
107.23573966739	-12.754212771772	0
108.29442017426	-11.628684045825	0
104.94030051033	-12.693683937912	0
107.87716568762	-18.582657141597	0
104.33606499795	-15.207998528086	0
104.58755548504	-17.744037914158	0
105.828338865	-14.953527128219	0
105.29114299121	-16.306037194368	0
103.05281869832	-17.288555264188	0
106.18056540747	-17.902785625975	0
122.76048149559	-17.35065859578	0
126.01889725916	-20	0
103.3490810493	-20	0
103.49495622487	-18.612153424797	0
101.89315945427	-18.411575645761	0
100.67214377276	-15.990467056219	0
101.66010689614	-17.01066276024	0
98.11758500087	-20	0
102.66321939308	-15.612239254585	0
99.861417017013	-18.863616277872	0
100.22236402694	-17.414508542203	0
98.163699242999	-15.98123308632	0
98.463387169016	-17.745885249094	0
124.66513228556	-17.407581363391	0
103.08956843906	-13.713134801926	0
95.632816580357	-17.318822487928	0
124.27506524302	-20	0
126.88923380668	-17.895830537619	0
104.39437264525	-13.892249230772	0
105.62483416992	-13.729091857952	0
106.08922950221	-12.678083688863	0
105.49912970545	-11.5343733248	0
105.93006191692	-10.33300195902	0
107.12469649934	-10.144369455083	0
103.46335698388	-12.202064245721	0
101.09271350881	-14.015174937758	0
97.11838293374	-17.066531238243	0
95.992337896883	-14.935916374138	0
95.201321194386	-18.685576976986	0
125.14698125109	-18.805637484542	0
123.67841976202	-18.529722353824	0
96.373752984727	-20	0
93.365208151642	-17.407828398966	0
93.773756297348	-18.813109585446	0
92.886088952441	-20	0
92.191236029437	-18.511157432878	0
97.167572472198	-18.64026007159	0
78.029182914387	-12.773387609696	0
77.424659279685	-7.5568476366864	0
76.965156314013	-6.2884756850555	0
77.919795962471	-4.5097703200963	0
75.555257297473	-5.9426531781154	0
76.5530273184	-4.9217515809664	0
74.796849840309	-3	0
74.053017824166	-4.2838953674859	0
76.284513872595	0	0
74.053017824166	-1.5	0
75.540681856452	-1.6967139317606	0
74.796849840309	0	0
77.39902462558	-1.5	0
77.772177904881	-3	0
77.772177904881	0	0
80.2364015564	-18.618774070227	0
81.814353547524	-18.542183051499	0
79.63701379936	-6.520853651671	0
78.991364905809	-5.3926084354456	0
80.8710385969	-6.4443642953549	0
79.606500904007	-4.2502662144213	0
80.747505969453	-3	0
80.851758330081	-4.2409209629232	0
82.235170001739	0	0
80.00367395331	-1.5	0
81.491337985596	-1.6967139317606	0
80.747505969453	0	0
83.349680754724	-1.5	0
84.466666050169	-4.2084094409049	0
84.780089410518	-1.6297275628042	0
83.722834034025	0	0
87.672298630379	-11.501861922164	0
89.150283545748	-13.000536931011	0
95.679089681671	-6.7855106418277	0
95.140134412514	-5.6486882725851	0
95.19778177937	-9.035619406666	0
95.275576086668	-12.028790770533	0
97.706281665696	-10.342402389115	0
94.754515250286	-10.544736810022	0
92.711871468454	-12.095422981203	0
96.258275670176	-10.850257785956	0
97.627413444057	-12.990860031929	0
96.578745874233	-9.4457704827614	0
98.023235712889	-8.7865577991171	0
100.87788662991	-8.0777820478829	0
101.35835029699	-10.657175881046	0
99.480229624224	-11.104106067207	0
99.019278400588	-9.7771315517759	0
99.394620670664	-8.5355736521178	0
98.181603333906	-11.681960084284	0
99.504640334045	-13.013907943239	0
98.549250347313	-14.368814760714	0
97.188595082319	-14.281751654064	0
96.163711939518	-13.213328181949	0
99.419970180238	-15.429320103138	0
94.050064062775	-13.872867818287	0
100.51394819114	-12.045950225402	0
111.00159568274	-4.2950445916682	0
123.21049806631	-3	0
124.21049806631	-1.5	0
123.21049806631	0	0
122.21049806631	-1.5	0
122.31754636122	-6.3154294678356	0
123.53608160141	-5.7424059737397	0
125.62861503706	-6.6009548186838	0
123.69112966082	-4.3334684517761	0
124.98556814386	-5.1889163171361	0
127.21049806631	-3	0
115.26676037781	-8.501937060466	0
115.76702163443	-7.4262515124075	0
117.71073209926	-13.975334039591	0
117.2117657965	-12.669500855889	0
115.87673057961	-12.993256321989	0
124.10257739956	-10.866724611063	0
125.18883893142	-10.116898196076	0
127.36210545911	-10.555586916344	0
125.3378413437	-8.350060092994	0
128.04105541018	-7.9007242101408	0
126.61263164001	-7.6632610560161	0
126.62056305387	-9.2044724451028	0
127.55065014576	-6.4357176791085	0
130.14509788015	-6.3818202418929	0
128.83169621876	-5.63002244333	0
131.21049806631	-3	0
132.81331783019	-5.7201850474443	0
130.30783182	-4.5743569098565	0
132.21049806631	-4.2430768940548	0
133.76532633092	-4.4701008084189	0
135.29392357116	-6.6217581751716	0
135.21049806631	-3	0
130.21049806631	-1.5	0
131.21049806631	0	0
131.36250600858	-5.5803713996963	0
131.88974532495	-7.7066042152683	0
136.21049806631	-4.7888053892466	0
132.21049806631	-1.5	0
135.21049806631	0	0
136.21049806631	-1.5	0
134.21049806631	-1.5	0
124.98294602485	-12.766777065923	0
126.35010975065	-12.404049769721	0
128.31825561073	-13.734948817816	0
127.7627292753	-20	0
128.63464528337	-18.404654913903	0
143.45721742059	-20	0
128.36625554699	-16.077267973499	0
136.48188935602	-20	0
131.25039330759	-18.01099034162	0
132.99422532373	-20	0
130.0145481188	-18.686426153591	0
131.25039330759	-20	0
129.86955590369	-16.952802700293	0
132.25685586925	-15.267622769058	0
130.07564626776	-14.870586915856	0
131.32592853756	-16.482397190635	0
133.73937181967	-17.367820030956	0
94.442385572809	-15.920641558401	0
92.74211702557	-15.822824029811	0
92.489885271748	-14.240002273939	0
90.910852638817	-13.375704686212	0
89.786657574627	-14.332732286826	0
82.837919656828	-17.802613367201	0
82.951301253073	-18.961866007843	0
87.888918331404	-12.766360518875	0
94.00546810263	-12.513975125703	0
93.693968145174	-11.268410420927	0
92.32015094473	-10.633608117366	0
92.100352373952	-9.2221496835674	0
91.105432099643	-11.742506497521	0
90.631418812899	-8.9333913296795	0
126.48973719074	-5.3563549426745	0
128.21049806631	-4.1982607245435	0
128.21049806631	-1.5	0
127.21049806631	0	0
126.21049806631	-3.9825309041141	0
126.21049806631	-1.5	0
133.63892924741	-7.311961696373	0
133.39717542375	-10.31422728584	0
133.04999360765	-8.7754046253028	0
130.755969852	-10.101547385607	0
135.45970611145	-9.0403128854423	0
134.84211007492	-7.8676874671439	0
136.47690091534	-7.7556288987683	0
136.80341047425	-6.2309378716405	0
138.02838822948	-10.02911714326	0
138.28938387279	-4.7770508663965	0
136.89820357312	-9.1342527471779	0
139.08510925094	-7.5168653391668	0
136.02831540457	-11.394018687276	0
137.82326361327	-8.0978713748442	0
138.98095749031	-8.9514249089621	0
137.98835467058	-6.79566152424	0
139.32157587346	-5.9627295952101	0
140.23283116462	-11.017785493167	0
141.69551287495	-7.1189889881894	0
139.21049806631	-3	0
140.54671079433	-8.3440409917797	0
143.08557230522	-9.5737031332396	0
142.00784813954	-8.5630588828442	0
141.08113746498	-9.7620750200293	0
144.16735218199	-7.3401714990017	0
142.25250602374	-11.467799038456	0
139.8513357468	-4.4594209439471	0
140.92626955193	-5.6832201997386	0
140.33062027386	-6.9263053652029	0
143.09090130226	-5.4474267547906	0
140.21049806631	-1.5	0
139.21049806631	0	0
138.21049806631	-1.5	0
135.03445976127	-4.272329946581	0
134.57763532846	-5.5118215842995	0
127.98954066595	-12.100349824922	0
130.36420660409	-12.473160227451	0
129.11456138251	-10.743597092448	0
129.385526069	-9.0171558967912	0
130.78916459228	-8.6514234466497	0
129.79380060663	-7.7076992290129	0
127.14178793582	-14.898927041308	0
127.05091699063	-16.518054495055	0
128.81330591219	-14.896455404553	0
89.864768531549	-11.962645558779	0
90.561148270702	-10.389799215197	0
140.52103896674	-14.481488592607	0
145.70636045564	-11.85663378678	0
142.97281951517	-6.7670573245378	0
143.11555628593	-8.0009830772211	0
144.3581477758	-8.8113189925305	0
144.53704119502	-10.553215576414	0
146.6218425635	-7.7697905590137	0
143.90837201709	-12.293423164788	0
146.05439804177	-9.5172479688246	0
142.27927625746	-13.487417555081	0
145.50778994454	-14.958234416222	0
149.14029604337	-9.5534580493201	0
145.12352995671	-13.37647659356	0
143.74497121999	-14.548926453284	0
150.43254548516	-20	0
146.51506160169	-13.038428679204	0
147.8114492851	-11.283717625466	0
147.60299226072	-9.0542558342562	0
149.17215140843	-6.8386779098555	0
148.04215916071	-7.7018320745332	0
149.31577547591	-8.1979401677509	0
151.40170780597	-9.1570932106753	0
150.9759171017	-7.3353051866585	0
147.22302446273	-5.4582297914678	0
142.11756474607	-15.253348281493	0
144.03573081046	-17.297407019334	0
154.11018276993	-7.5634126681143	0
157.37370056264	-4.682860312332	0
142.59347977799	-17.764671370811	0
144.36651093069	-15.872794154553	0
143.03510317104	-16.314363543653	0
141.49956044406	-16.715021664644	0
139.9695533883	-20	0
146.94488145288	-20	0
140.22356042891	-15.942929352944	0
138.0287725697	-14.735180384023	0
138.47373889681	-16.524682194865	0
152.50748755986	-7.9379967103996	0
153.90950806843	-10.320743656855	0
153.70468689387	-6.2697807805876	0
153.57997244605	-8.9107926073896	0
152.58721843398	-9.8863056621949	0
150.82511762977	-11.422752419781	0
152.69480821036	-11.78836830029	0
156.00569986876	-9.087333664104	0
150.31840208882	-6.1994399866229	0
153.21049806631	-3	0
148.98230411815	-5.1509331455844	0
135.97301940664	-16.196423284257	0
139.90556144675	-17.908909289885	0
151.17367111974	-14.603745928498	0
155.65560157627	-13.002416026807	0
147.21049806631	-3	0
137.28783909252	-15.869488445244	0
136.21420456505	-14.359043073385	0
137.04665393411	-17.706868656117	0
151.49531711405	-12.958909043906	0
149.24101178513	-13.028148082363	0
153.5625299243	-14.217017370929	0
154.36447716706	-11.933799031561	0
156.16337217635	-11.074627786025	0
146.21049806631	-4.2342425090122	0
144.54274853886	-4.5632477401225	0
145.64053468319	-5.7365295689222	0
147.91418978241	-4.2255610106913	0
133.8661413318	-18.825269463668	0
147.21049806631	0	0
137.48550847164	-12.791000721761	0
134.2877280755	-15.040682407064	0
135.36999737433	-17.761851255857	0
134.73805733987	-20	0
155.21976952378	-10.149591469637	0
154.79195337055	-9.0111928936225	0
155.47693093636	-7.8042162390898	0
157.79888802247	-7.5978553018808	0
152.46860250449	-5.7129991822283	0
159.00083629133	-12.852769194747	0
143.21049806631	-3	0
132.62652776706	-18.198853581419	0
132.53574832073	-16.916663843025	0
133.53170682527	-16.090711870181	0
134.73474123403	-16.550529516317	0
158.20641507482	-9.9126304225552	0
157.30488871741	-12.406064365295	0
142.21049806631	-4.1777691746337	0
161.45201838242	-10.057516357828	0
143.21049806631	0	0
148.21049806631	-1.5	0
146.21049806631	-1.5	0
156.91281985592	-10.015264522361	0
157.40943059027	-11.161372735242	0
157.47114283127	-8.8488174729674	0
158.35357228108	-11.867407425227	0
160.25730393893	-11.322153137903	0
158.99703265061	-8.5801773900794	0
156.66166435549	-7.9683237736395	0
156.72958267735	-6.2461152613019	0
159.7186317277	-9.9091266943426	0
161.21049806631	-3	0
171.35852967888	-20	0
160.89801575414	-8.4083560033239	0
157.43653864472	-15.348992732201	0
155.05770257294	-6.1845813785279	0
158.34794651424	-6.064706436691	0
157.82952162685	-13.857004082916	0
156.40815823526	-14.280372754596	0
161.72283620146	-15.045408053612	0
154.98514153658	-14.257792358507	0
154.20845005616	-16.518666614521	0
155.80618433453	-15.888816976199	0
144.21049806631	-1.5	0
142.21049806631	-1.5	0
163.81956629279	-8.3445524542768	0
154.29626777841	-4.8784920171674	0
159.81496243927	-7.02764093723	0
162.88259871501	-12.605646722378	0
153.92020951745	-20	0
157.30173957022	-17.67375390662	0
162.36873811412	-8.8319293318323	0
163.46154170194	-10.604968600459	0
162.3126077405	-6.2617318156979	0
151.21049806631	-3	0
159.21049806631	-3	0
152.87397540409	-4.3659134689134	0
151.27372191743	-4.6188922912876	0
155.21049806631	-3	0
155.83962815226	-4.8537294649135	0
161.77005033772	-11.55461164544	0
160.77001307923	-13.024050009583	0
155.56248161222	-17.612022700825	0
161.19195390944	-7.062647516912	0
162.38384750532	-7.5458876870105	0
160.58471244821	-5.0285096517071	0
163.72346511019	-6.8275171475086	0
166.2041927502	-7.4319295271248	0
163.21049806631	-3	0
153.21049806631	0	0
159.21049806631	0	0
158.97580988157	-4.5876821496769	0
161.21049806631	0	0
151.77414832018	-17.014334882579	0
161.56154341619	-17.564841544192	0
159.79002511504	-13.923801371821	0
158.77941409101	-14.781448983548	0
164.38320161431	-20	0
160.20424837216	-15.436154005006	0
158.75308332957	-16.591620014149	0
160.89553758202	-20	0
153.93030210524	-18.248236349038	0
155.66404153359	-20	0
160.21049806631	-3.8022855124076	0
151.21049806631	0	0
155.21049806631	0	0
152.1763775013	-20	0
156.53595754166	-18.874236588296	0
150.21049806631	-1.5	0
152.21049806631	-1.5	0
158.21049806631	-1.5	0
160.21049806631	-1.5	0
156.21049806631	-1.5	0
154.21049806631	-1.5	0
160.28630965686	-18.524724507376	0
160.20850587528	-16.930502748805	0
153.08467694021	-17.225092993692	0
152.8787041221	-15.650379943505	0
152.21139956092	-18.475355082	0
150.44061753865	-18.209371285775	0
149.85352062434	-16.212678987767	0
146.25690121128	-17.062431155187	0
148.68871346902	-20	0
147.81679746095	-18.246449692438	0
149.13515932491	-18.684468086442	0
149.41630580362	-17.425894932159	0
147.9551234566	-16.213929784268	0
148.90335413338	-14.744262807403	0
146.65489560666	-15.73529865038	0
146.73693060298	-14.378984880578	0
147.87980134949	-13.501195511272	0
129.64904210468	-13.603160490486	0
131.19298236082	-13.788993042426	0
132.39341092312	-12.113986391891	0
140.96368727854	-12.494869131647	0
139.20769252547	-12.444375128511	0
138.86472504867	-11.116296770114	0
137.45442826223	-11.335923513021	0
146.54545441732	-10.785886145615	0
150.40313839146	-10.109164298075	0
149.25124732954	-11.014078898178	0
141.71338540445	-20	0
138.22572137216	-20	0
144.31930771941	-6.0012760873038	0
145.47992714058	-7.0674768330894	0
145.5005359337	-8.3134644456884	0
146.59769676522	-6.5295538816454	0
147.80604942505	-6.5167019059349	0
135.99787026806	-12.884266671971	0
134.28013569306	-12.10373909758	0
134.930481834	-13.794096600309	0
133.1806337138	-13.680853555619	0
166.38030387802	-12.53368507658	0
149.96137588776	-4.1672323322529	0
165.74672837678	-9.8083549505535	0
165.29354481788	-5.7764497388471	0
169.21049806631	-3	0
165.14833533382	-4.3913262381802	0
167.21049806631	-3	0
166.99085342307	-4.8983390437081	0
169.21049806631	0	0
166.21049806631	-1.5	0
167.21049806631	0	0
168.21049806631	-1.5	0
163.79326320233	-5.2335585573131	0
162.21049806631	-4.4192760380148	0
164.21049806631	-1.5	0
163.21049806631	0	0
162.21049806631	-1.5	0
161.99776335567	-13.680564709891	0
164.16389063248	-14.562003919074	0
159.15170556588	-20	0
158.27978955781	-18.794675001065	0
151.11198243718	-15.899196415403	0
145.20104943673	-20	0
132.0342187544	-10.733867049372	0
131.89032634534	-9.4165841296268	0
164.62023234357	-12.024367230699	0
164.05857794356	-13.233215425497	0
165.49203226295	-13.788174989266	0
166.06885272347	-16.304861679947	0
167.90987011659	-14.558457016956	0
165.80339669547	-11.231491696574	0
168.18001259543	-10.957475532589	0
166.92020231302	-10.474324651473	0
168.32487522285	-8.6957021796422	0
166.95043079754	-9.0542139494276	0
164.3903969968	-9.5935272569056	0
165.26151725472	-8.4827074070153	0
159.17195962902	-17.833976966111	0
143.93321392752	-18.688676780682	0
145.24213935587	-18.085714150101	0
146.49714567491	-18.683826699822	0
171.87936287442	-10.05888667238	0
169.8895960787	-9.9314455892058	0
170.53541704676	-12.944799581052	0
171.08884057265	-6.8044295707115	0
170.80012678383	-11.312184025946	0
169.38373352412	-11.920299823544	0
173.34949878385	-12.416169340344	0
167.93682736212	-12.495362054056	0
172.24692612509	-11.46672489889	0
169.12324892088	-13.372699552557	0
171.98174080516	-12.889600879731	0
174.32071604516	-10.173391234855	0
170.51550187862	-15.423264422478	0
173.42480188794	-14.846185047169	0
171.30716706854	-14.190313244146	0
172.05014581415	-15.538007807801	0
171.11851474722	-17.678200374607	0
178.33385774345	-20	0
175.70787287908	-14.190969649155	0
170.00171077639	-8.1809731573971	0
169.29021829349	-14.757258866347	0
167.87086564659	-20	0
169.37307860346	-16.064927018234	0
169.13381603078	-18.23180962324	0
170.45215368319	-16.648301483239	0
171.61960972829	-16.623461321167	0
174.84619371116	-20	0
172.86523830112	-16.489418477805	0
172.35688905482	-17.620136557755	0
174.20178670404	-16.027658191539	0
171.79081744509	-18.78200693045	0
174.02881417157	-17.69217105349	0
169.61469766274	-20	0
173.10236169502	-20	0
173.09129694356	-18.696777636071	0
170.48661367081	-19.004831333691	0
176.78446853066	-17.137288727085	0
175.32013417575	-16.985118306806	0
175.32730577296	-18.530938335034	0
176.1955604906	-15.682622343533	0
176.59002572731	-20	0
178.8226784302	-15.465598428742	0
177.41689895817	-14.457762742812	0
171.67537110788	-8.3851979258064	0
168.88595363462	-6.182246360216	0
177.46194173538	-18.621263638297	0
179.73592691529	-12.707410403718	0
178.51181690664	-17.245338734509	0
181.82152177574	-20	0
173.14982008683	-9.0547655984208	0
175.52906607433	-7.7364611248266	0
173.23590610317	-6.9069770662444	0
174.54496917297	-8.7665421875888	0
176.68882793322	-9.8295730003432	0
181.52119139353	-16.853957766629	0
178.84929608609	-13.944127297526	0
180.90188021735	-14.741005006588	0
177.4899555153	-12.033403250134	0
179.95548713727	-16.580481232458	0
180.07768975959	-20	0
176.73417640835	-13.223908822574	0
175.58072244994	-11.656499787241	0
174.27791972954	-11.486536646744	0
173.26905850537	-10.796387076208	0
174.7568823765	-12.893296715895	0
167.72238141976	-16.204391234489	0
167.00974804233	-18.132978188918	0
171.21049806631	-3	0
168.61162118989	-4.546595637171	0
167.35561306661	-6.4005154875647	0
184.59981006738	-14.804370628023	0
179.28418435337	-10.133645862983	0
180.46639240864	-18.274166066794	0
182.10048755192	-18.386012787546	0
183.56535379188	-20	0
183.76165671901	-16.882347972241	0
184.43726979995	-18.489894062526	0
199.25984193717	-20	0
192.28451387259	-20	0
185.09619724488	-17.26721761995	0
188.56553335423	-15.380190170661	0
185.29417020214	-15.945869190284	0
186.77746655226	-14.261662657477	0
186.45862046619	-15.476131654094	0
186.04584084578	-18.567895139046	0
186.30471594362	-16.772780689592	0
187.55009904229	-16.263141957472	0
189.4736939549	-17.449989237648	0
188.79684984031	-20	0
187.47573124684	-17.857877410443	0
187.05301782417	-20	0
164.9607005846	-18.031393949782	0
166.12703363045	-20	0
168.10622362458	-17.442181289561	0
170.13778543403	-5.9608766533061	0
169.6844170908	-7.0473071095638	0
168.43375883062	-7.4006556133541	0
171.28568379366	-5.6245955177538	0
172.18504680157	-6.3809826826982	0
172.2941933402	-7.4756522158523	0
173.55394691011	-4.9588501395032	0
173.24305677646	-7.9828831570619	0
172.39745702289	-5.215545697448	0
174.34056515715	-7.4376121031408	0
176.06902188309	-5.2614614393491	0
177.21049806631	-3	0
172.7542580664	-4.0895272415653	0
171.43205349875	-4.3070278574979	0
173.83203630932	-3.9005583746085	0
175.21049806631	-3	0
174.85656749416	-4.7354593705092	0
174.31169200212	-6.0825798458464	0
170.21049806631	-3.8418028285236	0
175.87857627606	-4.0400683369416	0
177.26971169713	-4.4486998325751	0
177.97268946036	-6.7804745540904	0
179.21049806631	-3	0
175.21049806631	0	0
171.21049806631	0	0
177.21049806631	0	0
180.21049806631	-4.0035648203043	0
180.21049806631	-5.4203013337579	0
172.21049806631	-1.5	0
179.21049806631	0	0
178.77201305036	-4.4369337795152	0
185.21049806631	-3	0
170.21049806631	-1.5	0
174.21049806631	-1.5	0
176.21049806631	-1.5	0
178.9026848215	-5.7895877829898	0
180.02664653771	-7.776346736723	0
181.92496270286	-4.7119330770311	0
180.21049806631	-1.5	0
178.21049806631	-1.5	0
183.21049806631	-3	0
181.75350750591	-6.7259044867997	0
184.21049806631	-5.0895637959845	0
185.21049806631	0	0
185.78330008804	-7.6152792607559	0
184.21049806631	-3.8054975071731	0
183.05231934846	-4.2198570773178	0
185.55206728068	-4.4475306515788	0
182.96083620672	-5.5477043418083	0
184.32032900361	-7.3225582431822	0
187.21049806631	-3	0
185.53924757535	-6.1434068617139	0
183.21049806631	0	0
187.21049806631	0	0
186.82064375597	-8.687607616542	0
188.21049806631	-5.5476475983476	0
182.21049806631	-1.5	0
184.21049806631	-1.5	0
184.58241498871	-9.8148998666855	0
187.41614638469	-7.0736188920966	0
188.21049806631	-4.0775643163771	0
186.95783276412	-4.8126059573624	0
192.13327438464	-6.6483437103861	0
188.21049806631	-1.5	0
186.21049806631	-1.5	0
190.04694837151	-7.473358056939	0
188.79982094434	-6.8241598885099	0
188.35844936494	-8.3381477965434	0
189.94777661647	-6.1413876862838	0
193.21049806631	-3	0
188.14993093633	-10.978861453686	0
189.43180809445	-4.8126059573624	0
191.21049806631	-3	0
190.17820773382	-9.8104306478336	0
193.4687134775	-5.0594460656894	0
189.59462366275	-8.6709847465768	0
188.65727165012	-9.6903331123303	0
191.17174498427	-8.5824072929961	0
187.34175116608	-9.9165080690128	0
185.96541581905	-9.7751979417451	0
185.33758034375	-12.012791868613	0
186.66164507458	-11.272481168955	0
192.64420160863	-10.789628604661	0
186.63024162627	-12.770532559943	0
191.56386343388	-9.9155766450817	0
190.70242628838	-12.0850038886	0
193.50563875413	-8.6202013611421	0
185.33158747345	-13.504487956259	0
188.60516827374	-13.328373653189	0
182.9425401507	-12.749029906682	0
177.91017490317	-10.633120297867	0
178.82305090923	-11.670265350792	0
180.31238076847	-11.279705456741	0
178.09975347296	-9.0150082639349	0
181.34186339808	-12.525599759072	0
181.20629507076	-9.443466117431	0
181.97558562986	-10.953677024885	0
182.90537613636	-9.5290074488493	0
183.92248618664	-8.6243448489665	0
185.17268259585	-8.7095345435371	0
182.90283963343	-7.6010414226383	0
181.60721410167	-8.1103212081514	0
179.01476375931	-18.660909543726	0
182.74243961605	-15.263222683819	0
183.42877252585	-14.052787582037	0
182.01315819774	-13.838188283731	0
188.66805454038	-18.600982076154	0
190.54068185645	-20	0
190.04665100723	-18.708482275998	0
191.41259786452	-18.92622792871	0
190.93235953041	-17.545571432826	0
195.77217790488	-20	0
190.31110425611	-15.848425577589	0
192.23969264836	-17.864687108014	0
193.22616902479	-15.830878701577	0
191.89456141921	-16.441141048891	0
191.75990696521	-14.38939006921	0
164.26385643058	-16.365241042696	0
163.08642462476	-15.526124704414	0
162.92650885098	-16.99614835344	0
162.75000118195	-18.49492561745	0
162.63936959816	-20	0
191.288986161	-4.8560267660976	0
193.21049806631	0	0
190.21049806631	-1.5	0
191.21049806631	0	0
192.21049806631	-1.5	0
195.21049806631	-3	0
194.21049806631	-3.920529684376	0
195.66594147344	-5.6794937067268	0
195.50901096257	-4.3277142137961	0
197.2542054585	-4.8101103671464	0
197.08936411471	-6.3944441200372	0
195.21049806631	0	0
197.85419322528	-7.791699479947	0
201.21049806631	-3	0
195.48637991159	-7.8114388302531	0
199.71237981493	-5.8666123925052	0
198.31858202757	-5.721595283691	0
198.89642681064	-6.9383643829486	0
199.21049806631	-3	0
199.74369524675	-9.0363296996682	0
198.60595008897	-4.308824841942	0
200.67001526234	-7.4421647147742	0
200.21049806631	-4.2559345502627	0
202.72448095879	-5.2315404008622	0
201.61958825924	-4.3518029182699	0
201.29182091738	-5.897162446509	0
203.21049806631	-3	0
202.87604906513	-7.432382951139	0
196.21049806631	-1.5	0
194.21049806631	-1.5	0
201.21049806631	0	0
204.27575492983	-6.2303473134706	0
204.21049806631	-4.3864905609903	0
198.21049806631	-1.5	0
201.78064307888	-9.153726684433	0
199.21049806631	0	0
203.21049806631	0	0
200.21049806631	-1.5	0
213.21049806631	-7.25	0
207.96581640659	-6.4232318042961	0
204.21049806631	-1.5	0
202.21049806631	-1.5	0
204.44597823635	-7.8445221270854	0
203.32300037424	-8.9260197833811	0
205.61874988247	-10.186048075694	0
202.91696639363	-11.513155943027	0
209.21049806631	-3	0
205.55627223737	-5.7406684904458	0
213.21049806631	-11.5	0
211.21049806631	0	0
207.21049806631	-3	0
206.46411679348	-4.4190626365876	0
208.21049806631	-3.93085810314	0
212.21049806631	-1.5	0
209.21049806631	0	0
206.21049806631	-1.5	0
211.21049806631	-3	0
207.21049806631	0	0
208.21049806631	-1.5	0
210.21049806631	-3.7928515855892	0
213.21049806631	-5	0
211.64076031389	-4.5697377524201	0
209.99970930404	-5.885930835621	0
212.05830169958	-6.125	0
210.8303801165	-8.5351311292557	0
211.82008478441	-7.5215007981352	0
210.47002255613	-7.1932923870772	0
209.18431614183	-6.9175388089591	0
207.78240884567	-8.6243387357632	0
209.59279659105	-8.1481831344186	0
209.5910889482	-10.3262128141	0
213.21049806631	-9.375	0
207.60415932032	-5.1295298425754	0
206.76698902097	-6.0609645267071	0
208.8073504512	-5.4905772260623	0
205.81243852989	-7.2207602088887	0
207.05545600865	-7.2710937404323	0
206.38299544206	-8.5042136446217	0
206.97757607207	-9.7889565008911	0
206.93492835508	-12.16647944847	0
208.32500740388	-9.8597194003851	0
207.59012267686	-10.989088265829	0
209.15055837492	-12.628435863684	0
210.21049806631	-1.5	0
189.59491804357	-11.142555498461	0
192.34904992894	-7.9616639741234	0
193.61746107951	-7.0788810469533	0
187.8414011458	-12.257500732716	0
183.81049218547	-11.308800084573	0
178.71818433111	-7.8589624290308	0
177.46198794351	-7.9303944924279	0
179.31059668779	-8.9193143583941	0
176.59355963732	-6.856342670199	0
194.4324320989	-13.137409849612	0
192.48897133802	-12.659991565798	0
190.07840032573	-14.168515100447	0
163.9699611921	-18.809765245374	0
192.45510556371	-4.1406225551797	0
200.64345953595	-11.154751596186	0
211.53040453379	-10.34378240751	0
210.54835628011	-11.702645304032	0
213.21049806631	-15.75	0
213.21049806631	-13.625	0
210.43728900147	-13.053073810336	0
199.45753194468	-15.963925506497	0
211.94764620935	-12.49751290715	0
211.67154995202	-14.077734677455	0
204.88324568564	-12.102434545615	0
208.82771796611	-11.373401018601	0
194.85014666194	-6.6843182530864	0
194.69170407699	-17.797864300038	0
193.3288085881	-14.26000023681	0
195.39096536401	-15.183531826937	0
197.06121617785	-11.052099883437	0
201.90418049087	-10.547576530754	0
203.17528615068	-10.228267268205	0
204.11645390914	-11.085895053465	0
204.38836512286	-9.7063657162993	0
200.71732670655	-9.8730868812414	0
199.38439782476	-10.439226142662	0
198.16328294582	-9.3790267466343	0
198.86653129231	-12.815986393115	0
196.67897931221	-8.8442982278509	0
195.03547658811	-9.537029912875	0
193.73753557638	-9.9680266019425	0
194.07470039522	-11.554972900526	0
195.68888645079	-12.021717441309	0
196.00829328642	-13.646756420987	0
195.76497524857	-10.673449132368	0
198.05669218918	-15.361984316206	0
197.11570654168	-12.585180919574	0
196.75291597245	-14.838252962847	0
196.54935525629	-16.894051650513	0
197.88469532135	-13.905477948223	0
199.57762591355	-14.443970686184	0
200.69219615427	-12.987839246415	0
201.92125349969	-15.083229438332	0
201.66816832792	-12.044699195911	0
206.23517000174	-20	0
202.7229606857	-12.790085831271	0
209.11298568878	-14.904121489792	0
200.24541816661	-17.269268571916	0
198.18458281945	-16.995347085188	0
200.8620639452	-16.006620180851	0
202.74750596945	-20	0
202.12582253178	-16.387058699745	0
204.34014163142	-16.281034317247	0
203.19550149953	-15.551264597533	0
204.847674534	-14.222405511981	0
202.98087748034	-14.166970708994	0
201.78446102652	-13.678483520422	0
203.94160380968	-13.274409540662	0
197.51600992102	-20	0
196.01289391537	-18.152403768828	0
197.30411573077	-17.959349835879	0
198.8222735353	-18.461865189872	0
201.00367395331	-20	0
201.87558996138	-18.290074121552	0
200.26255702179	-18.735149583834	0
203.94478312658	-18.312226761854	0
193.44835271161	-17.194790408877	0
194.02834588874	-20	0
194.61332536883	-16.376217455842	0
193.51340956588	-18.643902785038	0
207.76206081209	-13.743664072515	0
206.23217486219	-13.54051005344	0
206.43882843368	-15.706565284671	0
207.72892930106	-15.148789222351	0
209.72283403403	-20	0
208.63540724375	-16.239572188456	0
210.95741494893	-16.316838956469	0
209.80879409412	-15.906073840003	0
209.74233696379	-17.903232161081	0
210.77191039826	-15.024240077776	0
211.95335408987	-15.514298307785	0
213.21049806631	-17.875	0
212.36062231571	-16.8125	0
211.46666605017	-20	0
207.52609325443	-18.17774563225	0
203.27094950893	-17.126996182068	0
204.4913379856	-20	0
205.22923170541	-15.4083521552	0
205.56677476345	-16.641485920341	0
206.87635582068	-16.9888393273	0
205.81783654209	-18.337288253298	0
211.57572354629	-18.31147783674	0
207.97900201788	-20	0
208.73386207625	-18.844973875624	0
44.278694687585	-7.0252721505008	0
61.733709154216	-1.5	0
70.036237154336	-4.3551040233998	0
134.88941991521	-10.423618221772	0
139.20179525967	-13.890097360069	0
141.2873274498	-18.541332464712	0
138.43110319756	-18.444709796454	0
166.4733596875	-14.887702850505	0
198.41461039358	-11.472719976175	0
24.765616613436	-3	0
24.271784597293	-3.7149064300146	0
25.259448629579	-3.7149064300146	0
204.71049806631	-3.6932452804952	0
204.21049806631	-3	0
203.71049806631	-3.6932452804952	0
113.98024272632	-13.460104451799	0
113.23831413378	-14.055217532815	0
113.98118758896	-14.411217864	0
84.466666050169	0	0
84.251461722272	-0.81486378140212	0
84.995293738415	-0.81486378140212	0
113.46973381124	-12.245319729142	0
113.99420881143	-12.636452732515	0
114.22657335152	-11.777668341042	0
31.679264839439	-4.2612826282265	0
32.173096855582	-3.8690602335337	0
31.185432823296	-3.3922223946928	0
73.828752492832	-9.9249846352325	0
73.10002526452	-10.877411954219	0
73.896817212617	-11.005818586647	0
26.44776879101	0	0
25.690003643361	-0.75043207301313	0
26.433835659504	-0.75043207301313	0
181.71049806631	-2.25	0
181.21049806631	-1.5	0
180.71049806631	-2.25	0
5	-3	0
5.8102361695021	-2.2158962647685	0
4.8102361695021	-2.2158962647685	0
199.32006102869	-7.9873470413084	0
200.20685525454	-8.2392472072212	0
199.78322103649	-7.1902645488614	0
149.71049806631	-2.25	0
149.21049806631	-1.5	0
148.71049806631	-2.25	0
137.71049806631	-0.75	0
136.71049806631	-0.75	0
137.21049806631	-1.5	0
141.31089121344	-6.401104593964	0
142.3932070886	-6.28320787149	0
142.0085854271	-5.5653234772646	0
62.501200007768	-1.5	0
62.314623368118	-2.25	0
63.08211422167	-2.25	0
80.337720448624	-9.1562715965019	0
80.848441949143	-8.6724022095851	0
79.850505227435	-8.1305520126533	0
137.39588257241	-6.5132996979402	0
136.6401556948	-6.9932833852044	0
137.23262779296	-7.2756452115042	0
116.08722448146	-13.647073173506	0
115.29992338056	-13.404680552487	0
115.51041728241	-14.058497404004	0
37.581754931424	-0.75	0
38.325586947567	-0.75	0
38.349081049299	0	0
163.05293547142	-5.7476451865055	0
163.00188063432	-4.826417297664	0
162.26155290341	-5.3405039268564	0
206.21049806631	0	0
205.71049806631	-0.75	0
206.71049806631	-0.75	0
165.71049806631	-0.75	0
166.71049806631	-0.75	0
166.21049806631	0	0
169.16329299962	-8.4383376685197	0
169.10723565078	-9.313573884424	0
169.94565342755	-9.0562093733015	0
108.95256395398	-4.3515379881252	0
109.45256395398	-3.7036938867035	0
108.71049806631	-3.6478441014217	0
134.61806935307	-18.293560359763	0
134.30209933584	-19.412634731834	0
135.0540273571	-18.880925627928	0
125.71049806631	-2.25	0
125.21049806631	-1.5	0
124.71049806631	-2.25	0
124.7136101769	-11.14827180519	0
125.25674094282	-10.773358597697	0
124.64570816549	-10.491811403569	0
94.910654524251	-3.7536746637711	0
94.210498066312	-3	0
93.910654524251	-3.7536746637711	0
100.71049806631	-2.25	0
101.71049806631	-2.25	0
101.21049806631	-1.5	0
99.444769704867	-6.1061931185649	0
98.736144067424	-6.3801843803238	0
99.491114370809	-7.1180604932141	0
52.600967171518	-4.5329124403524	0
52.853805364089	-3.6011181395837	0
52.229051163446	-3.9317943007687	0
80.00367395331	0	0
79.631757945239	-0.75	0
80.375589961382	-0.75	0
50.622309315659	-0.84835696588028	0
50.250393307588	0	0
49.878477299516	-0.84835696588028	0
17.145050120248	-10.471455851915	0
17.611443407368	-10.842842403857	0
17.676525443959	-10.201299139023	0
13.747703821849	-1.5034298781727	0
14.192191967137	-0.7379964285504	0
13.35813637129	-0.76543344962226	0
-2.8124413421801	-2.3341513152425	0
-2.1508848734114	-2.1319737701323	0
-2.9633262155915	-1.4661250853748	0
8.4691600807153	-3.3922223946928	0
9.4568241130014	-3.3922223946928	0
8.9629920968584	-3	0
16.406036573079	-0.6325609453707	0
16.850570863146	-1.3195411567273	0
17.222486871217	-0.68698021135658	0
3.9954529501425	-2.1846297696094	0
4.8056891196446	-1.4005260343779	0
12.41981620986	-3.5182652489013	0
11.763861724079	-3.6488872849365	0
12.257693740222	-4.1671525338378	0
10.083464435863	-0.5966838083768	0
9.3396324197195	0	0
8.5958004035765	-0.5966838083768	0
13.808162055738	-4.394465173542	0
14.301994071881	-3.8761999246407	0
13.407480242146	-3.5182652489013	0
31.385946540213	-0.72699608620905	0
30.910760887868	0	0
30.64211452407	-0.72699608620905	0
11.925984193717	-1.595696281007	0
12.614304355147	-0.76543344962226	0
11.626640322861	-0.83026283138477	0
1.5858095081891	-7.2537357041846	0
1.7839718309569	-7.9544509486937	0
2.4172900704343	-7.3986454056826	0
-6.2935090795514	-2.2627541242654	0
-5.5	-2.25802107701	0
-5.7935090795514	-1.5207752012754	0
19.496087491962	-0.74491942898235	0
19.009448629579	0	0
18.752255475819	-0.74491942898235	0
19.827296452006	-4.5753997502999	0
19.652687023702	-5.4234765082454	0
20.640351055988	-5.2705430382516	0
26.805751667576	-1.4578895851364	0
27.563516815224	-0.70745751212328	0
-4.3124413421801	-1.5921723922525	0
-4.5	-2.25802107701	0
-3.8124413421801	-2.3341513152425	0
35.169862043867	-1.3567302262634	0
34.938720093607	-2.2671108763501	0
35.861062918844	-2.0896193499133	0
154.79355685314	-7.683814453602	0
154.45106807024	-8.2873027808684	0
155.13444215346	-8.4077045663561	0
174.71049806631	-0.75	0
174.21049806631	0	0
173.71049806631	-0.75	0
158.71049806631	-0.75	0
158.21049806631	0	0
157.71049806631	-0.75	0
184.94699013476	-15.375119909153	0
185.87639533416	-15.711000422189	0
185.52921526678	-15.140251141058	0
198.71049806631	-0.75	0
198.21049806631	0	0
197.71049806631	-0.75	0
190.21049806631	0	0
189.71049806631	-0.75	0
190.71049806631	-0.75	0
114.71049806631	-3.4716770063583	0
115.27301841787	-4.1500962458055	0
115.77301841787	-3.6784192394473	0
127.21049806631	-1.5	0
126.71049806631	-2.25	0
127.71049806631	-2.25	0
125.71049806631	-0.75	0
124.71049806631	-0.75	0
136.71049806631	-2.25	0
137.71049806631	-2.25	0
135.62247891379	-4.5305676679138	0
135.71049806631	-3.8944026946233	0
135.12247891379	-3.6361649732905	0
141.71049806631	-2.25	0
141.21049806631	-1.5	0
140.71049806631	-2.25	0
82.792425378232	-2.25	0
82.979002017882	-3	0
83.536257394375	-2.25	0
103.71049806631	-2.25	0
104.21049806631	-3	0
104.71049806631	-2.25	0
93.75321115893	-7.2469217047034	0
94.203714957953	-6.652821127621	0
93.456307314236	-6.5629938754481	0
105.71049806631	-2.25	0
105.21049806631	-1.5	0
102.27562331234	-6.1729834059668	0
102.40893192022	-5.430165288088	0
101.65794129913	-5.3572447958835	0
109.71049806631	-2.25	0
109.21049806631	-1.5	0
108.71049806631	-2.25	0
42.812073146157	-3	0
42.440157138086	-3.6442589625821	0
43.183989154229	-3.6442589625821	0
56.572965444804	-0.75	0
56.201049436732	0	0
55.829133428661	-0.75	0
46.903149234944	-2.3483569658803	0
46.159317218801	-1.3896642805558	0
45.787401210729	-2.0413073146755	0
54.053002847841	-8.9194007658139	0
53.387303301789	-8.4790490276834	0
53.002862498551	-9.211646699699	0
74.424933832237	-0.75	0
74.053017824166	0	0
73.681101816094	-0.75	0
67.358529678878	-1.5983569658803	0
66.986613670807	-2.25	0
67.73044568695	-2.3483569658803	0
64.105053957965	-9.504297116171	0
63.581161268973	-10.134876341945	0
64.289921156347	-10.190804712285	0
9.645144274432	-2.0966838083768	0
8.6574802421459	-2.0966838083768	0
7.9753280645722	-4.7377701388207	0
8.9629920968584	-4.4150861034988	0
7.9753280645722	-4.1071288247074	0
10.138976290575	-1.4269466397616	0
10.882808306718	-0.83026283138477	0
12.913648226003	-3	0
21.984776694152	0	0
21.807776644353	-0.76682081111763	0
22.551608660496	-0.76682081111763	0
16.034120565007	0	0
15.662204556936	-0.6325609453707	0
-7.4864095132911	-1.3707683192387	0
-8.1929004337397	-2.1080141949733	0
-7.2935090795514	-2.2627541242654	0
-4.92651638652	-5.1452690213349	0
-4.1765615781769	-5.5617914647232	0
-4.2500451916568	-4.8106862220072	0
-5.2685039515708	-0.75802107701	0
-6.0620130311222	-0.7627541242654	0
21.057052596541	-10.797732994598	0
21.674927622256	-10.195052356356	0
21.022076519435	-10.175625335157	0
32.666928871725	-3	0
33.160760887868	-2.245888010762	0
32.173096855582	-2.245888010762	0
33.694888077464	-0.76711087635007	0
34.438720093607	-0.76711087635007	0
33.886088952441	0	0
163.21049806631	-1.5	0
162.71049806631	-2.25	0
163.71049806631	-2.25	0
158.39796033654	-8.0890163459801	0
157.63501542687	-8.2233363874241	0
158.23408774094	-8.7144974315234	0
172.21049806631	0	0
171.71049806631	-0.75	0
172.71049806631	-0.75	0
150.21049806631	0	0
149.71049806631	-0.75	0
150.71049806631	-0.75	0
147.82257571072	-8.3780439543947	0
147.33200086211	-7.7358113167734	0
147.11241741211	-8.412023196635	0
151.32197252304	-19.237677541	0
151.30446149323	-20	0
152.19388853111	-19.237677541	0
177.2995014182	-10.231346649105	0
178.00496418806	-9.8240642809007	0
177.39429070309	-9.422290632139	0
189.71049806631	-2.25	0
189.21049806631	-1.5	0
188.71049806631	-2.25	0
182.71049806631	-0.75	0
182.21049806631	0	0
181.71049806631	-0.75	0
197.21049806631	-1.5	0
196.71049806631	-2.25	0
197.71049806631	-2.25	0
194.71049806631	-3.460264842188	0
194.85975451444	-4.124121949086	0
195.35975451444	-3.663857106898	0
205.71049806631	-2.25	0
205.21049806631	-1.5	0
204.71049806631	-2.25	0
136.21049806631	0	0
135.71049806631	-0.75	0
122.47212981764	-7.7610414910977	0
122.06165627429	-8.9034119330237	0
123.00847696751	-8.226217567558	0
129.21049806631	-1.5	0
128.71049806631	-2.25	0
129.71049806631	-2.25	0
116.21049806631	-3	0
116.71049806631	-2.25	0
115.71049806631	-2.25	0
106.63742961698	-13.480619456192	0
105.85703183606	-13.203587773407	0
106.40523195084	-14.006123540737	0
121.71049806631	-2.25	0
121.21049806631	-1.5	0
120.71049806631	-2.25	0
157.5387645958	-6.1554108489964	0
157.26423534991	-6.9219852815913	0
158.07341726836	-6.8312808692859	0
136.0486670227	-6.426348023406	0
135.88541224325	-7.18869353697	0
168.21049806631	-3	0
168.71049806631	-2.25	0
167.71049806631	-2.25	0
141.71049806631	-0.75	0
140.71049806631	-0.75	0
129.56976401938	-5.1021896765932	0
129.48839704946	-6.0059213426115	0
130.22646485008	-5.4780885758747	0
133.21049806631	-1.5	0
132.71049806631	-2.25	0
133.71049806631	-2.25	0
89.286012499543	-5.0279681261729	0
88.721279279797	-4.6913213117543	0
88.336856000206	-5.3196781705369	0
93.210498066312	-1.5	0
92.710498066312	-2.25	0
93.710498066312	-2.25	0
97.710498066312	-2.25	0
97.210498066312	-1.5	0
96.710498066312	-2.25	0
77.706131821673	-9.5123468325283	0
78.256147475764	-10.092885357514	0
78.499354773716	-9.4106632690015	0
95.089854242159	-7.0611297993521	0
95.409612047093	-6.2170994572064	0
94.820376607581	-6.4927186147307	0
94.258811047724	-5.2381213129539	0
93.810940978349	-4.6420327544474	0
93.458941043884	-5.3728047398591	0
113.71049806631	-2.25	0
113.21049806631	-1.5	0
112.71049806631	-2.25	0
105.50259711803	-3.8121971569693	0
106.50259711803	-3.8121971569693	0
106.21049806631	-3	0
111.29073871394	-7.7424729976629	0
110.60217291044	-8.3016712258717	0
111.1141944302	-8.7179515358078	0
114.94966425197	-5.829299572693	0
114.18332639818	-5.5134983328946	0
114.21807380729	-6.2188885233287	0
100.21049806631	-3	0
99.710498066312	-3.4737205290066	0
100.71049806631	-3.4737205290066	0
110.00414292727	-6.6964535000959	0
109.76122847613	-5.8680350294187	0
109.21663161485	-6.5378849020061	0
49.878477299516	-2.3483569658803	0
49.506561291445	-1.5983569658803	0
49.134645283373	-2.25	0
48.39081326723	-2.25	0
48.762729275302	-3	0
54.524771643528	-0.75	0
54.896687651599	-1.5	0
39.464829073513	-0.75	0
38.697502955638	-1.5	0
40.208661089657	-3.7703416849145	0
39.836745081585	-3	0
39.464829073513	-3.7703416849145	0
45.041539098398	-4.2294184739446	0
44.921807078391	-4.9134257382105	0
45.667669190723	-4.8568332140533	0
58.183439507936	-4.0092777196364	0
58.890741596522	-4.8298331197383	0
59.139847573747	-3.8205554001018	0
64.755117622377	-0.84835696588028	0
65.498949638521	-0.84835696588028	0
65.127033630449	0	0
65.498949638521	-2.3483569658803	0
66.242781654664	-2.25	0
65.870865646592	-1.5983569658803	0
72.748656039033	-1.5	0
72.376740030961	-0.75	0
68.129949624774	-4.5602262414408	0
67.24887037856	-5.2841636889475	0
67.848800313221	-5.5462831252375	0
78.329433281373	-0.75	0
78.701349289445	-1.5	0
8.6046830921745	-1.3475866873396	0
7.9225309146008	-2.2509028789628	0
10.444488145288	-2.3302628313848	0
7.8608510760314	-0.75090287896279	0
7.4814960484292	-3.7149064300146	0
6.9876640322861	-3	0
6.4938320161431	-3.7149064300146	0
5.9923883470758	-0.71589626476845	0
5.6204723390042	0	0
5.2485563309327	-0.71589626476845	0
6.9348668823147	-2.2509028789628	0
3.2513208329426	-2.2914880772437	0
3.2467737830851	-1.4761178468531	0
6.7451030518168	-1.4667991437312	0
7.1170190598884	-0.75090287896279	0
7.1081363712904	0	0
-0.071439048981521	-0.75349384874649	0
-0.33018379014023	0	0
-0.81527106512458	-0.75349384874649	0
5.9938320161431	-4.5883027428452	0
5.3198435815393	-5.3497118392405	0
6.3136755976824	-5.1912219564246	0
4.4337731115731	-0.68462976960944	0
-1	-3	0
-1.5	-3.6236355396646	0
-0.5	-3.6236355396646	0
2.2019769620871	-0.79148807724369	0
2.9458089782302	-0.79148807724369	0
2.645144274432	0	0
1.4506561291445	-0.92381199773948	0
1.7513208329426	-1.7153000749832	0
5.5	-3.8733963128305	0
4.1328083067181	0	0
3.68994109543	-0.68462976960944	0
3	-3	0
2.5	-3.7238356431386	0
3.5	-3.7238356431386	0
17.382677910811	-6.6673930388237	0
16.460875758373	-6.9139441196217	0
17.309922669555	-7.3494047794907	0
9.6161090398608	-4.0997654464422	0
10.109941056004	-3.7075430517494	0
4.5	-3.8733963128305	0
6.9876640322861	-5.2986979294396	0
7.9753280645722	-5.606655208231	0
-0.41072338478309	-4.7873399240993	0
0.56552224957272	-4.7124446955333	0
-0.023754365644186	-4.1723758507632	0
15.507689448512	-8.1379083691096	0
15.266664041144	-8.7800454981879	0
16.147095109749	-8.2380929893669	0
9.6161090398608	-4.7304067605554	0
7.8581497146825	-6.5503190465789	0
8.8458137469686	-5.9893912559599	0
10.935482618652	-4.3564303366859	0
10.776197691793	-3.6488872849365	0
11.883329090783	-7.7322390739401	0
11.319848206687	-6.6895689738201	0
11.190869387244	-7.8677184161918	0
9.7951903000034	-5.9353878668419	0
10.833195153689	-6.1786639932124	0
10.000996950544	-5.2890035439825	0
11.976325015117	-5.5002744355565	0
12.257693740222	-4.8830218853165	0
11.320370529336	-4.9150271201129	0
12.41981620986	-2.2654334496223	0
13.407480242146	-2.2654334496223	0
4	-4.5972319559691	0
4.4353496197745	-5.104280883612	0
3.4353496197745	-4.9547202139201	0
0.47624563435581	-3.5487403110986	0
2.7985642732692	-5.3945889552162	0
1.972778527328	-6.0126694650214	0
3.0449134936078	-6.0798496513682	0
11.525654857228	-6.0431846509606	0
12.462978068114	-6.0111794161642	0
13.549950371245	-5.7617444186907	0
14.44446420098	-5.4038097429513	0
13.808162055738	-5.1103345250207	0
14.241535837992	-2.2379964285504	0
11.571128468149	0	0
10.938320161431	-3	0
11.432152177574	-2.3302628313848	0
-1.3426516559724	-5.2126614295507	0
-0.75337504075548	-5.7527302743208	0
-0.11808424072163	-5.9110836923684	0
0.23984863872368	-6.4803412052323	0
0.53648610987913	-5.8966662817333	0
12.913648226003	-4.7523998492813	0
10.654113893547	-4.9736828869259	0
13.434263741564	-11.965140860603	0
14.464196520382	-11.502014751665	0
13.697627878728	-11.174046823513	0
13.477637144548	-6.9422103002196	0
13.099280213356	-6.3046546340948	0
12.390664841417	-7.1916452976931	0
16.602035052124	-10.044461750159	0
16.536953015533	-10.686005014993	0
15.858875476491	-10.936467521511	0
15.360749302478	-10.484965813907	0
15.225686831559	-11.16242242218	0
17.800958332467	-15.600732286263	0
16.838532975033	-15.503803355951	0
17.468145444494	-16.238137016124	0
18.345800403576	-3.8641666101469	0
19.333464435863	-3.8641666101469	0
18.83963241972	-3	0
14.750588569518	-6.398392263334	0
15.00880025401	-5.7469823696641	0
15.618153442551	-5.492166114118	0
16.698967677388	-5.3569510250428	0
15.78349012031	-4.6171847602061	0
15.955380443934	-2.1325609453707	0
16.771830742073	-2.1869802113566	0
14.546456532721	0	0
14.93602398328	-0.7379964285504	0
14.888976290575	-3	0
15.229199870279	-2.2379964285504	0
15.289658104167	-3.8761999246407	0
15.307939991351	-1.3705573739211	0
16.864304355147	-3	0
17.759494774359	-2.1869802113566	0
18.545431362817	-2.2449194289823	0
19.533095395103	-2.2449194289823	0
17.521784597293	0	0
17.96631888736	-0.68698021135658	0
20.321128468149	-2.3727340040698	0
20.026927411246	-1.6176534330522	0
16.370472339004	-3.7409848355655	0
17.35813637129	-3.7409848355655	0
1.9762456343558	-4.2725759542371	0
1.4762456343558	-3.5487403110986	0
18.452957749742	-1.4318996403389	0
13.058792500435	0	0
-1.0500125119109	-6.3364051978197	0
-1.5951359815698	-7.1698373016323	0
-0.95984518153597	-7.3281907196799	0
0.95249126871163	-5.3274087688694	0
1.3394602878505	-4.7124446955333	0
1.5	-2.4238119977395	0
2.2513208329426	-2.2914880772437	0
-2.0440612879096	-5.2627614812876	0
-1.7014096319372	-4.2973711310662	0
15.680368431221	-12.540071667231	0
14.962322694395	-11.953516459269	0
14.918878120043	-12.879663996717	0
2.3632146534947	-4.8875400275733	0
1	-3	0
14.195211523408	-6.755882080152	0
14.759547576438	-7.0990547068648	0
15.851522569833	-7.1687603751677	0
14.971091501228	-7.7107128839887	0
15.924277811088	-6.4867486345007	0
13.486596151468	-7.6428727437503	0
18.348482212575	-5.2351306372152	0
18.495536492636	-5.9323374077303	0
18.98668669978	-5.4255399908089	0
14.415714455117	-8.0682027008067	0
16.489658273483	-8.7639628091275	0
16.55810092961	-9.3550713527632	0
17.141689500712	-9.2388040434455	0
17.652485833289	-7.8752745992512	0
16.730683680851	-8.1218256800492	0
18.70401168533	-9.5174794908221	0
18.174720763638	-9.7918912060397	0
18.672209652771	-10.298273975747	0
22.197560042654	-12.880659519463	0
21.49428722664	-12.377487397643	0
21.378429614378	-13.282479761977	0
18.219123809095	-8.0569752099036	0
18.903450460346	-8.5431570277841	0
18.916051473243	-7.5890355165733	0
17.851968387433	-4.6051514457124	0
21.308792500435	-2.3727340040698	0
22.088616563638	-2.2668208111176	0
21.594784547495	-1.6395548151874	0
20.284120565007	-0.87273400406982	0
21.02795258115	-0.87273400406982	0
20.497112661865	0	0
-3.2014096319372	-3.6737355914016	0
-3.7500451916568	-4.1136043326977	0
-2.951454823594	-4.7873399240993	0
-2.2014096319372	-3.6737355914016	0
-4.5	-3.6970818893094	0
-3.2225076307281	-5.8010521173426	0
-2.3151140950437	-6.2764736745309	0
-2.5926968476292	-5.7026302225838	0
-3.8989788255913	-6.1356349166704	0
-4.1289788045946	-6.7301502667952	0
-3.1749248571459	-6.9694109194145	0
0.8593565272873	-19.432341204727	0
0.32980135508328	-18.790774341988	0
-0.066563075345664	-19.358433137261	0
-5	-3	0
-5.5	-3.6970818893094	0
-3	-3	0
0.22173683801706	-1.677305846486	0
-0.27826316198294	-2.2534938487465	0
0.5	-2.4238119977395	0
-1.2782631619829	-2.2534938487465	0
-1.4291480353944	-1.3854676188787	0
17.19548150253	-5.9869302165456	0
18.044528413712	-6.4223908764146	0
20.851418668669	-8.6994163066256	0
20.439754580854	-8.0863029178186	0
20.01204221231	-8.6883307232607	0
12.507489882558	-17.02471724415	0
12.148713232296	-16.195902903797	0
11.63427116292	-16.581358059916	0
20.814960484292	-3	0
24.946171627218	-1.3259640414943	0
23.997112661865	-2.0755319684812	0
24.727011546503	-2.2504320730131	0
24.034404992281	-4.4068938847174	0
23.540572976138	-3.6919874547027	0
22.059076927709	-4.4032205948557	0
21.717966004377	-5.0503983543048	0
22.962082447794	-5.0311526688545	0
23.295440676639	-1.3423527795988	0
23.472440726438	-0.57553196848118	0
22.790288548864	-3	0
23.076280595924	-2.2668208111176	0
24.960104758724	-0.57553196848118	0
24.216272742581	0	0
25.714675578789	-2.2504320730131	0
-0.99662444354248	-11.276241781979	0
-1.3331676579473	-11.888387739101	0
-0.18327524487956	-12.121986414807	0
17.960758550644	-11.523274272229	0
18.492233874355	-11.253117559338	0
1.1574802421459	0	0
0.70682411300142	-0.92381199773948	0
-1.6878927765531	-0.63197377013226	0
-6.2808399192847	0	0
-6.8058450472652	-0.7627541242654	0
17.360818180289	-5.1119488626337	0
20.03305987609	-7.0969185653254	0
19.799741303763	-6.1206832787606	0
19.367059552168	-7.0989820478889	0
19.812603437294	-9.6626531862987	0
19.400939349478	-9.0495397974918	0
20.872436332449	-7.1080041486903	0
20.413953896923	-10.039875042733	0
19.802851034091	-10.401084116964	0
7.63273957954	-18.778680263325	0
7.1967815755042	-19.365180783783	0
7.8742781654664	-19.413499479543	0
22.683160491442	-7.367363769973	0
22.378113581366	-6.8069008619552	0
22.024378989976	-7.3203434835914	0
20.321128468149	-3.711233140153	0
21.308792500435	-3.711233140153	0
10.604008808585	-17.628312549538	0
9.6506670067297	-17.167535986468	0
9.5705456349486	-17.858810924754	0
15.950003824895	-9.5696205158414	0
17.708327476518	-9.4205046540978	0
19.8610524805	-13.37645943954	0
19.758352907997	-12.356428533934	0
18.944248590133	-12.953580333317	0
34.148424920154	-3.8554504122042	0
35.136088952441	-3.8554504122042	0
34.642256936297	-3	0
15.310598163658	-9.4694358955841	0
19.021524796047	-10.97870584412	0
19.622875255675	-11.355927700554	0
18.104182003106	-12.365959384111	0
17.223391536119	-11.95568422863	0
29.703936774867	-4.7377701388207	0
30.691600807153	-4.4150861034988	0
29.703936774867	-4.1071288247074	0
27.234776694152	-3.8691356882568	0
26.740944678008	-3	0
26.247112661865	-3.8691356882568	0
29.124350944981	-0.68547363420527	0
28.307348831368	-0.70745751212328	0
28.752434936909	-1.3929311463286	0
26.702339611075	-2.2504320730131	0
25.753280645722	-4.5840421182715	0
28.819684799081	-2.2074575121233	0
27.832020766795	-2.2074575121233	0
28.716272742581	-3	0
29.636686912695	-2.1854736342053	0
27.935432823296	0	0
30.410618475641	-2.2269960862091	0
30.691600807153	-3	0
31.398282507927	-2.2269960862091	0
29.423096855582	0	0
29.868182961124	-0.68547363420527	0
32.160760887868	-0.74588801076204	0
31.89211452407	-1.4728840969711	0
29.210104758724	-3.7149064300146	0
28.222440726438	-3.7149064300146	0
-2.5616798385694	0	0
-3.1755568088392	-0.63197377013226	0
30.343368613469	-1.4124697204143	0
-6.1898301910199	-3.664020515825	0
-5.6898301910199	-4.3611024051345	0
-4.5246719354278	-0.75802107701	0
-3.8371132776078	-0.83415131524252	0
-9.1929004337397	-2.1080141949733	0
-9	-3	0
-4.7931758869986	0	0
-6.429025253244	-6.1261975130703	0
-6.1899620120903	-6.9219972846728	0
-5.824956825773	-6.4201012027481	0
-7.7052364014536	-0.60801419497332	0
-7	-3	0
-9.1929004337397	-1.3580141949733	0
-10	-2.25	0
-8.5123359677139	0	0
-9.1929004337397	-0.60801419497332	0
18.682732900917	-6.6128002300084	0
21.543356576074	-5.8984751122503	0
7.1458688802242	-6.9890395864747	0
8.0163545626206	-7.3717756342036	0
14.677409518727	-9.695390796253	0
41.576559709264	-11.401312764135	0
41.180651730432	-11.137391382213	0
41.299601815407	-11.739838728904	0
4.822572137216	-20	0
5.2585301412518	-19.293558435626	0
4.3866141331802	-19.293558435626	0
22.552908943852	-3.6919874547027	0
22.46763448355	-8.3988847300098	0
21.804278468632	-7.9890974463963	0
21.942487052131	-8.5071757847969	0
20.134936242232	-19.262775500755	0
19.591233872218	-18.299559196152	0
19.101441904418	-19.036783695397	0
30.19776879101	-3.3922223946928	0
33.457224045178	-1.5129988871121	0
33.951056061321	-2.2671108763501	0
32.398424920154	0	0
32.904592904011	-0.74588801076204	0
-8.8264810548904	-4.7267310659855	0
-7.9664840543651	-5.3832412016476	0
-8.1400029994748	-4.7190101356621	0
9.6780119501136	-6.8790517051898	0
-8.5	-3.53125	0
-9.5	-3.53125	0
-7.3693560689594	-6.9749054518156	0
-7.319860717443	-8.0782232678245	0
-6.744535088045	-7.7314114110039	0
21.499231558557	-7.4286345383785	0
21.092536853793	-6.4392501858853	0
24.034404992281	-5.2757789541277	0
24.765616613436	-5.2986979294396	0
4.5790981418569	-7.0462697851585	0
5.5624443678497	-6.6307498074201	0
4.6563409370859	-6.3681510305584	0
25.948257345137	-7.3135999411475	0
26.17375197399	-8.186870090358	0
26.830112367536	-7.5027567560251	0
18.206881575608	-13.385990289718	0
4.4211511589096	-11.892214067319	0
3.865979713279	-12.264951027277	0
4.1119377321245	-12.886765170191	0
25.753280645722	-5.4529271876818	0
27.728608710295	-4.5840421182715	0
27.728608710295	-5.4529271876818	0
28.716272742581	-5.2986979294396	0
36.166232786867	-5.5311363394137	0
35.629920968584	-4.6638059569532	0
35.17856875458	-5.578231206869	0
33.654592904011	-4.7245106457379	0
33.160760887868	-3.8690602335337	0
29.703936774867	-5.606655208231	0
36.825232849398	-1.3396193499133	0
36.84872695113	-2.0896193499133	0
37.581754931424	-2.25	0
35.361062918844	-0.58961934991329	0
36.61758500087	-3	0
36.11758500087	0	0
36.84872695113	-0.58961934991329	0
-6.8298331904947	-4.8517806514872	0
-7.1898301910199	-3.664020515825	0
-7.6400029994748	-4.1877601356621	0
-5.2194631788297	-6.5561376192008	0
-4.4954092103842	-7.389913621945	0
4.1374128773093	-17.964540139202	0
3.4515427274405	-18.029969438529	0
4.1367019873472	-18.652546170579	0
-6.2218402244832	-4.9761712313978	0
-5.5320100334633	-5.0092326048822	0
-8.298821904069	-6.3563397203036	0
-7.6123438486535	-6.3486187899802	0
23.693294068949	-5.9229567135767	0
17.639884820391	-8.8293961104621	0
16.404134859937	-14.166308915385	0
17.269080425793	-13.832383983302	0
16.501869422725	-13.132294272596	0
18.494155168166	-17.204316668615	0
17.667173659355	-16.929105161365	0
17.730758025593	-17.798355883544	0
4.7690449885523	-16.064069748774	0
5.2809539034502	-15.658532551714	0
4.4589232206317	-15.533816557017	0
29.581211796248	-10.481531982059	0
29.665593564257	-9.7902406157287	0
28.514866423156	-10.000573963413	0
24.340112494603	-8.0240439301619	0
23.649290080385	-8.6792930033829	0
24.601074537374	-8.6529623487013	0
37.977165041227	-4.1927890311452	0
38.72099705737	-4.1927890311452	0
38.349081049299	-3	0
31.679264839439	-4.8919239423397	0
42.659943645128	-2.25	0
42.486372754797	-1.5	0
41.894670239682	-2.25	0
40.208661089657	-2.25	0
39.464829073513	-2.25	0
39.092913065442	-4.9631307160597	0
38.325586947567	-2.25	0
41.150838223539	-0.75	0
40.208661089657	-0.75	0
40.778922215468	-1.5	0
36.123752984727	-3.8083555447489	0
37.111417017013	-3.8083555447489	0
39.836745081585	0	0
41.150838223539	-2.25	0
20.517060282504	-20	0
21.006852250303	-19.262775500755	0
41.696325121943	-3.6545088253977	0
42.068241130014	-4.2987677879797	0
43.403775661272	-2.25	0
41.324409113871	0	0
41.894670239682	-0.75	0
40.508809810423	-5.164566621841	0
40.890387282036	-5.8605736015801	0
41.705986585484	-5.0050246305344	0
40.9524931058	-3.6545088253977	0
41.324409113871	-3	0
-6.6720130329381	-5.4999108512349	0
-7.0370182192555	-6.0018069331596	0
16.545313997077	-12.206146735148	0
16.401890544615	-11.363461623266	0
14.231672606341	-9.1920995464342	0
13.698140076258	-8.2545309208743	0
13.302554302692	-8.7667695893779	0
12.106283504165	-9.5506854163737	0
13.147151784883	-9.9476602656867	0
12.795218552058	-9.3073633656248	0
14.281823745161	-10.207629464757	0
13.251890966343	-10.670755573694	0
10.766021352239	-8.7709087622807	0
10.202540468143	-7.7282386621607	0
13.580153186188	-12.68399453042	0
13.595999109164	-13.397380487891	0
14.216678306193	-13.006494746226	0
11.258467624993	-17.864879944047	0
11.338588996774	-17.17360500576	0
1.3104241481569	-5.8966662817333	0
1.5567733684955	-6.5819269778854	0
13.235770005844	-15.258272425591	0
13.434660124951	-14.076307741395	0
12.760583870052	-14.256844956281	0
12.813584544535	-12.356026602268	0
18.109147012821	-14.420004932507	0
3.6996339615683	-16.640658580614	0
3.1455071452429	-16.338872100256	0
2.8981268010773	-17.040176926794	0
6.5664041533591	-20	0
6.3248655674327	-19.365180783783	0
10.874672434683	-10.517288428372	0
11.79082711297	-10.730913768231	0
11.542062058703	-9.9773569765756	0
15.450436648841	-14.441014563941	0
16.217647651909	-15.141104274647	0
11.733794840595	-12.949397829903	0
11.587905395971	-12.230544160086	0
11.562967436535	-19.36972231508	0
11.361919058079	-18.529516058992	0
10.72493581526	-19.159793743912	0
6.0124511747433	-11.421957507486	0
6.147104651197	-11.987253131149	0
6.7511445293763	-12.008314886871	0
10.332292962217	-13.50266693412	0
10.85681107886	-14.147654700515	0
11.032633808674	-13.468903154117	0
14.586897850778	-15.246772566954	0
14.748236834991	-14.56784531345	0
14.071185244956	-14.398807957201	0
14.934724043019	-13.593049954188	0
29.393393717115	-8.0711908543183	0
28.548925644208	-8.5208934867204	0
29.443716264071	-8.8595799646805	0
37.483333025084	-5.0011445758941	0
21.192530248863	-11.798233827977	0
22.011660677139	-11.396413585463	0
44.548217256551	-7.8631227648223	0
45.252740802269	-8.0045368379661	0
44.983218233303	-7.1666862236446	0
31.023680309781	-7.151135585591	0
31.789034087474	-6.8246314773044	0
31.095122787411	-6.3820968386747	0
40.580577097728	-4.4248505103122	0
39.76497779428	-5.2803994813578	0
39.021145778137	-5.7028468275885	0
43.553875066112	-4.287264461633	0
43.296243210298	-4.9828918665627	0
44.038045130253	-4.9816384030316	0
44.664175222577	-5.6090531431402	0
40.32264026295	-6.4152720827446	0
39.633927521101	-6.8134208225088	0
40.263357277075	-7.2085773123667	0
46.441488669808	-4.1765174602263	0
46.81340467788	-3.5901044853327	0
46.159317218801	-3.5864129748937	0
42.449818601627	-4.9947747677188	0
43.925791074184	-3.6430054990509	0
42.205201079415	-6.3893363795564	0
41.51981703801	-6.2557300914381	0
41.637454060329	-6.9440348607209	0
42.933988665768	-5.6891487091174	0
41.791857723859	-8.6345658278242	0
42.459969741296	-8.1800662768111	0
41.654726084296	-7.5321406998524	0
44.299737178443	-3	0
44.147607677415	-2.25	0
43.051625688086	-6.3774534784003	0
43.300766394659	-7.05145664967	0
44.029553981012	-6.351268979231	0
40.969342042891	-7.398534411734	0
42.810827147151	-7.5771094821599	0
43.788755440077	-7.5509249829906	0
38.923977788821	-6.4808056175091	0
38.251913059982	-6.163536852211	0
39.655629297264	-9.1152500694521	0
39.301362314604	-8.563042472056	0
38.926131797967	-9.00521146196	0
-9.5	-4.59375	0
-9.3264810548904	-5.2579810659855	0
42.659943645128	-0.75	0
-10	-4.0625	0
-10	-6.1875	0
-9.3264810548904	-6.3204810659855	0
-8.9723408491787	-7.2858586543181	0
-9.5815325587653	-11.031416129801	0
-9.3575580964427	-11.618375483599	0
-8.939090655208	-11.1497916134	0
-6.140466660574	-8.0253151006817	0
-5.7141290205589	-8.8574600821179	0
-5.1595559446042	-8.0480459557868	0
16.704748301921	-16.832176231053	0
15.374381700804	-16.299689566057	0
15.995267023927	-16.662388647361	0
15.884834763937	-15.778509004507	0
13.977690221967	-19.418188179153	0
13.105774213896	-19.418188179153	0
13.541732217931	-20	0
12.258312957238	-13.594385596299	0
39.726774925903	-9.6907929920687	0
40.10200544254	-9.2486240021647	0
33.173031071359	-5.6217621397563	0
34.160695103645	-5.6081523184269	0
16.966586383499	-18.217499642963	0
17.793567892311	-18.492711150212	0
19.079586213972	-14.6127150497	0
19.751245237964	-15.286040488887	0
19.718607186627	-14.64693667811	0
36.934812821764	-6.6935286157305	0
36.4946336413	-7.3514258568918	0
37.714565890201	-7.5993928832928	0
37.031980811081	-5.91556982581	0
18.229525896347	-19.036783695397	0
17.465354254253	-19.455927454815	0
16.003104085493	-18.757064628905	0
15.940294218775	-18.062709362237	0
39.802752174564	-8.1399035658395	0
40.50873694038	-8.3298606652068	0
40.280629301043	-7.7966831514982	0
19.091557640584	-16.723666676896	0
19.155142006823	-17.592917399075	0
10.317857586978	-16.345324114826	0
10.979812346512	-16.344790665408	0
10.613539753123	-15.753077168982	0
42.223902198372	-9.5062197537099	0
42.278177866332	-10.019885712556	0
42.651377048819	-9.7961573636288	0
49.481223630283	-4.8993104967938	0
50.175720091581	-4.9257954183365	0
49.4572257366	-4.2047236505865	0
13.57838361673	-16.439068219257	0
13.348264516236	-15.838841995479	0
12.791812851439	-16.039035864253	0
15.567146081458	-19.30113717409	0
16.593438246182	-19.455927454815	0
16.194295238788	-17.353356792603	0
14.022340771134	-15.658304780594	0
11.918594131801	-15.59567668002	0
12.059422838131	-14.776350280494	0
11.416323218988	-14.933217320038	0
34.697006921928	-6.4754827008874	0
24.098358858169	-11.509542816672	0
25.28972050904	-11.846484140523	0
25.270095551321	-11.109661383236	0
8.7461941735379	-19.413499479543	0
9.8530198071888	-19.159793743912	0
9.417061803153	-18.573293223455	0
7.3947373041884	-17.509152963133	0
6.5637568824307	-18.175316566073	0
7.7862234113356	-18.064197964624	0
8.7557211564166	-15.32950962415	0
8.2317736693716	-14.950444902944	0
8.1836990423951	-15.728750958684	0
25.685117176059	-6.3985348028323	0
25.028756782514	-7.0826481371652	0
8.3102361695021	-20	0
21.031828922638	-9.4371944044915	0
9.3296157615148	-15.930713149145	0
9.6958883549031	-16.52242664557	0
8.4637200012977	-18.112516660385	0
14.510791124048	-18.010225192081	0
15.230812940782	-17.892921778546	0
14.76479214406	-17.300872622446	0
18.771397533618	-15.793442403456	0
18.141785064157	-15.059108743284	0
12.434883444607	-19.36972231508	0
12.870841448642	-18.787910494233	0
14.69939236117	-15.827342136843	0
14.80982462116	-16.711221779697	0
20.539679146042	-11.778806806777	0
17.029396250217	-20	0
12.767390015557	-18.123274379287	0
12.096499246268	-18.074808515215	0
13.018909070255	-17.414174218125	0
13.53335113963	-17.028719062006	0
14.695230073386	-19.30113717409	0
14.25927206935	-18.719325353243	0
10.71598237253	-14.966981100041	0
15.285564234074	-20	0
13.793251272629	-18.127276197144	0
11.797900201788	-20	0
10.054068185645	-20	0
7.762105058219	-16.263822790922	0
7.7168837100456	-16.90893213182	0
8.6624251812667	-16.752925020786	0
5.8889075633969	-18.658739219408	0
5.4974214562498	-18.103694217917	0
1.6610624812206	-14.94315134957	0
1.0693961961072	-14.547374852948	0
0.85878053089191	-15.451497140516	0
2.9052579771638	-18.373408366629	0
2.9059688671259	-17.685402335252	0
5.484927568582	-17.373502900385	0
4.8100782495482	-17.85692555372	0
6.4944171811407	-17.020050733268	0
6.2038196291843	-16.304307822713	0
5.8816732233271	-16.904528654026	0
6.2364328024534	-6.7382257804351	0
6.3946376503915	-7.5596823680598	0
4.7096997516189	-13.177281884275	0
5.350315923277	-13.550561805203	0
5.3077253494132	-12.887308131161	0
2.0812645130139	-15.68929208689	0
2.2918801782292	-14.785169799321	0
2.8288279752399	-19.358987734953	0
2.2832541149253	-19.014420631676	0
7.6491843011702	-13.541216893451	0
7.478280744002	-12.816440145053	0
7.0567015629981	-13.298387258932	0
10.201799906777	-9.1975803224826	0
11.190128825878	-9.3370600765137	0
4.1249189896415	-17.23434882167	0
-0.18587038616786	-17.504384858098	0
0.34574698648757	-17.063653192174	0
-0.30837583278135	-16.842328160671	0
4.3722993338071	-16.533043995132	0
2.5280410973872	-16.134850491539	0
3.3295482578782	-15.735332145359	0
9.2531639151086	-7.7822420512787	0
5.0630519339582	-9.6170496169001	0
5.4434639126456	-10.305886641499	0
5.6568489751083	-9.693181022679	0
9.6993177437869	-9.6954820554389	0
9.0076486159886	-8.8831118831563	0
8.9292739266373	-9.9471649303456	0
8.4831200979589	-8.0339249261854	0
7.7708392635006	-8.4726454660813	0
6.3136755976824	-6.060107025835	0
6.9673664810359	-8.5762950569635	0
7.4341320163742	-9.2384443489453	0
3.9869501330662	-7.394925521312	0
4.89305356383	-7.6575242981736	0
6.0579304032651	-8.3254812509239	0
7.9108936758839	-9.7682017917438	0
7.1074208934192	-9.8718513826261	0
8.6025628036823	-10.580571964026	0
7.1003368029257	-10.922314044316	0
6.8107217533623	-10.391813436351	0
6.3268760033592	-10.912518655243	0
7.3261747095339	-12.194454790957	0
7.9186574477059	-12.437284425475	0
8.4701099362721	-11.972835765154	0
8.6222159707401	-12.594821119251	0
11.89556629443	-11.454009076239	0
12.56295591845	-10.914077624443	0
5.9535481151652	-9.1732189689539	0
6.3339600938526	-9.8620559935527	0
7.6753669830834	-11.108453948402	0
8.6937472338368	-11.287417087003	0
4.78867127573	-8.5052620162036	0
5.3808192845208	-8.1566062800501	0
4.791802218314	-11.335647838084	0
5.1290390840297	-10.815325493742	0
4.5124300057798	-10.750077580062	0
4.7551932013138	-5.7072000971915	0
10.123425217426	-10.261633369672	0
10.372190271693	-11.015190161328	0
10.148552974128	-11.700608839478	0
9.397305756871	-11.444953780779	0
10.81577659049	-12.047380303875	0
3.4581789741207	-8.0527703422594	0
3.1442235521476	-7.4415158292443	0
3.7916717019723	-15.277805031958	0
4.3035806168702	-14.872267834899	0
2.9460612293799	-6.7408005847352	0
4.1096274636581	-8.6661897148813	0
4.5973931843489	-9.1652716967578	0
3.1124755453531	-9.5294063077968	0
2.6208459886189	-10.502013124503	0
3.4267198155428	-10.298806212141	0
3.2669008827396	-8.7127800228135	0
4.3840081218863	-9.7779773155777	0
3.5551416994364	-11.270906476626	0
4.0467712561706	-10.29829965992	0
5.7228361251799	-10.891456899521	0
2.4610270558156	-8.9159869351749	0
2.2210490491218	-11.11417428009	0
1.4347195415393	-11.74679885401	0
2.1487607512261	-11.904037602767	0
3.2459282726512	-12.265457579498	0
5.6783764088176	-12.330741901926	0
6.4170697634506	-12.917099281312	0
7.1915212330802	-11.629159167293	0
2.4595987650687	-12.898082153418	0
4.8615612305062	-14.484407459137	0
4.1943097118468	-14.228395934078	0
5.0377602371595	-11.957461980998	0
4.1545283059883	-13.550018844233	0
6.7519779425526	-14.596128359437	0
6.5879733206188	-13.641876029709	0
6.1123461430051	-14.214840381816	0
7.4436783377582	-14.686425122404	0
8.0157004517797	-14.28718378787	0
9.113616857288	-13.620344130045	0
9.6650693458542	-13.155895469724	0
8.4372796327836	-13.805236673991	0
3.5965476923523	-13.937879219994	0
5.5143205452108	-14.50481413493	0
6.9680511601445	-15.259389474511	0
10.054027612996	-14.967514549459	0
9.4801330078976	-14.366311024464	0
9.8408920756688	-12.477143923326	0
2.7540036223233	-14.327642685921	0
2.7142222164649	-13.649265596075	0
1.8972234003786	-16.292832041787	0
1.906804778932	-10.344774375746	0
0.94600961901106	-13.096559427715	0
1.2006330704072	-13.847742870372	0
1.6170546950398	-13.287845619344	0
3.1742056541167	-15.073783423241	0
1.4061262089265	-17.232050168018	0
0.9593496245532	-16.786491763369	0
1.7312725353588	-19.432341204727	0
1.8077025372827	-18.446761836403	0
0.39835112007847	-14.356088661319	0
-1.6295688709861	-18.385427145851	0
-1.9719297068536	-19.026994008589	0
-0.93847908341719	-19.358433137261	0
1.4139682749751	-17.877275576476	0
2.3518420508005	-17.383615854894	0
3.7007439833114	-19.358987734953	0
3.0787401210729	-20	0
7.238157571174	-15.884758069717	0
6.5464571759684	-15.79446130675	0
5.9337132181548	-15.678939227508	0
5.6235914502343	-15.148686035751	0
9.3776903884913	-15.152407093406	0
3.7718469753211	-6.1227200749299	0
1.6295464935704	-8.7710772336769	0
-1.3401319971334	-8.9542990034089	0
-0.69273014786415	-9.0968694372323	0
-0.85756680192564	-8.3041932573158	0
1.4550357844876	-9.6130956439755	0
1.0552388449905	-10.225256799563	0
-2.3415119892706	-12.044138774678	0
-1.5281627906077	-12.889883407506	0
0.77798055962881	-8.6515596574943	0
0.83013790448012	-11.233387994509	0
0.75784960658447	-12.023251317186	0
-0.31244333226675	-7.4707611535032	0
0.37836891003564	-10.501709262739	0
0.0048847675470243	-13.195294525336	0
0.42130639217962	-12.635397274308	0
-0.65595946326103	-13.419296319476	0
-0.13125623642959	-13.880458472883	0
0.83684417793971	-16.124435065942	0
-0.26249311072958	-14.580090455459	0
-0.28591274626295	-9.6202766255591	0
-0.51101368677329	-10.628407820505	0
-1.6609060998411	-10.394809144799	0
-2.0502021776634	-9.5521501371455	0
-2.5358129344326	-10.19998409862	0
-0.76039722043647	-15.667169673762	0
-1.2900045769445	-15.191539485327	0
0.24517789282628	-15.72865856932	0
-3.6293854324149	-10.193944484293	0
-3.2400893545926	-11.036603491947	0
-1.6643037945843	-13.575047355054	0
-3.829163658422	-9.1187580140944	0
-4.533440078582	-9.9553774074216	0
-3.3904799662005	-18.322922714008	0
-3.0867795869202	-17.293427491611	0
-3.8142400586983	-17.56236218844	0
-2.7092393880261	-13.937211259852	0
-1.8370360606794	-14.466624171823	0
-2.2254640905369	-17.166303360405	0
-2.6492241830347	-16.405742834837	0
-0.78233357338866	-16.340107599188	0
-1.3139509460441	-16.780839265113	0
-1.7515063499296	-17.668523921887	0
-0.71805572649323	-17.999963050559	0
-0.063932907224314	-18.221288082062	0
-3.8571992482829	-15.648641567891	0
-3.1962556667696	-15.680827521333	0
-3.5429152356345	-14.796602123179	0
-3.5713061867032	-19.295928705418	0
-2.8438457149251	-19.026994008589	0
-2.1527559273562	-20	0
-0.40892391121317	-20	0
0.86198669540865	-18.295196149527	0
0.92345512901803	-7.1377325208965	0
-2.2249467646687	-7.2682591963911	0
0.26888477841728	-7.1521499315315	0
-2.454946743672	-7.8627745465159	0
-3.1650169242021	-8.4606256802525	0
-2.2150388317249	-8.7594739572291	0
0.3711631580276	-8.1281524691674	0
0.19665244894478	-8.970170879466	0
-2.695599731187	-11.455465510674	0
-2.8905948638474	-12.456961179079	0
-6.1282646847643	-15.10693660835	0
-5.9467655828167	-15.703303195443	0
-5.2538977119385	-15.166632599934	0
1.3349081049299	-20	0
-4.0690715703691	-8.2220586033812	0
-2.3349401703863	-15.553703390126	0
-5.4127704373516	-16.939832232277	0
-4.9424231574587	-16.483930264906	0
-5.5427458898839	-16.218901154397	0
-4.8196278155169	-14.667341091289	0
-4.4634587782485	-14.155737096876	0
-5.0792277766177	-14.058662018428	0
-3.0305222008369	-13.400462043425	0
-3.3846099427533	-12.81178877942	0
-7.5340885824572	-8.8914426741283	0
-8.1589095633715	-8.13493671494	0
-6.3305083612274	-18.988920685129	0
-5.6404199596424	-20	0
-5.4585923531559	-18.988920685129	0
-7.2406400267696	-11.856655270885	0
-6.8603646586106	-12.369854569071	0
-6.3035440226904	-11.559766536146	0
-6.2199134055136	-9.5075922863313	0
-5.2390026895438	-9.5303231414365	0
-5.0392244635367	-10.605509611635	0
-3.8447576012243	-12.085011881131	0
-3.9846849382138	-13.028512745477	0
-5.834027864515	-11.126710589991	0
-5.1284652535532	-11.551764855976	0
-4.4651940714525	-17.898359376811	0
-4.1614936921722	-16.868864154415	0
-4.2914691447045	-16.147933076535	0
-7.299192763839	-10.875399229549	0
-6.689429563689	-9.9406482324859	0
-7.3048029366787	-9.769480224076	0
-10	-8.3125	0
-9.1865687141929	-9.1615780606219	0
-9.1865687141929	-8.0990780606219	0
-4.583945668017	-12.924396935601	0
-5.1840506256081	-12.18735084076	0
-5.3231636969404	-12.810011929174	0
-8.1438517826072	-9.8261936711915	0
-7.8560133997592	-11.685487262475	0
-6.2143032326739	-10.613511291804	0
-8.2562884277875	-12.201747135505	0
-8.8541354578218	-12.332794751663	0
-8.3953076927241	-12.797790919969	0
-7.0653873890688	-14.812541948643	0
-6.3725195181906	-14.275871353134	0
-5.1333105963598	-18.284849390547	0
-4.4432221947747	-19.295928705418	0
-5.3802477503591	-13.469316523391	0
-5.7364167876275	-13.980920517804	0
-7.6099020423999	-17.171853513794	0
-6.9823602211194	-16.560075386428	0
-7.448674376923	-16.255385331226	0
-8.7572082214218	-13.808169268063	0
-7.9154519712902	-14.334488346713	0
-8.1513984726268	-13.455157614777	0
-9.1280839919285	-20	0
-8.5734768262964	-19.371383314503	0
-9.4453928343679	-19.371383314503	0
-9.4965773613792	-13.276919268063	0
-9.2606308600426	-14.15625	0
-8.6025527467038	-17.646195112463	0
-8.9716061903592	-18.043258314503	0
-8.5217322250804	-18.345703426967	0
-9.5815325587653	-9.9689161298007	0
-8.7681012729582	-9.7554941904227	0
-8.314841164857	-11.220491094169	0
-8.5388156271797	-10.63353174037	0
-10	-10.4375	0
-9.4965773613792	-12.214419268063	0
-10	-12.5625	0
-10	-14.6875	0
-9.2606308600426	-15.21875	0
-9.4960323482412	-16.520896911269	0
-9.4960323482412	-15.989646911269	0
-10	-16.28125	0
-4.6381287135694	-15.263707678382	0
-7.4841943284239	-18.235007645485	0
-6.9867407624962	-18.485656546117	0
-6.6461343206686	-17.727192469627	0
-8.1144474898142	-17.407901841759	0
-8.564321455093	-17.105456729296	0
21.459541291182	-8.8351665990493	0
22.1228973061	-9.2449538826628	0
-10	-0.75	0
22.170151802181	-6.2191055019386	0
23.430471894309	-10.421936242746	0
22.547813771542	-11.023409790618	0
23.196075777682	-11.374193607257	0
22.828933303647	-6.2661257883201	0
47.275065243016	-3	0
47.646981251087	-2.3483569658803	0
43.403775661272	-0.75	0
42.812073146157	0	0
44.91331592915	-6.28305631441	0
48.018897259159	-1.5983569658803	0
44.669623090327	-3.6430054990509	0
45.787401210729	-0.54130731467555	0
45.043569194586	0	0
44.299737178443	-0.54130731467555	0
44.147607677415	-1.2913073146755	0
46.257022882421	-6.8184856621698	0
46.187120578269	-5.9348557529352	0
45.617839474868	-6.4244703875538	0
45.415485202658	-3.5864129748937	0
45.043569194586	-2.0413073146755	0
45.787401210729	-3	0
46.960940057354	-5.2545399991083	0
46.321756649801	-4.8605247244923	0
50.247693263213	-7.9004303935408	0
49.446963463351	-7.0455658029308	0
49.369124407466	-7.8046598283056	0
47.929152702094	-4.1792238498546	0
47.478478326586	-4.7105201419318	0
48.312054899794	-4.709535021121	0
47.557236694023	-3.5901044853327	0
48.39081326723	-3.5891193645219	0
49.134645283373	-3.5891193645219	0
47.343842255054	-5.7848511703747	0
55.680386777586	-5.1545586421807	0
55.514631722017	-4.4641647378139	0
54.879140460015	-4.9818331702885	0
49.030549254774	-5.430606788871	0
55.829133428661	-2.25	0
54.524771643528	-2.25	0
51.485219147303	-3.9317943007687	0
51.738057339874	-3	0
49.829141744672	-3.6156042860646	0
51.654319948238	-9.3686837958537	0
51.253508579914	-8.715409690242	0
50.570665575653	-9.3127985245273	0
47.697349296713	-6.6393331326234	0
48.214887565945	-6.0953132754469	0
51.063967584387	-4.5473985868334	0
51.087965478069	-5.2419854330406	0
50.250393307588	-3	0
50.572973760815	-3.6156042860646	0
51.911694359737	-5.9438708784199	0
51.023446866931	-6.322267709923	0
53.597637380232	-3.6011181395837	0
53.22572137216	-3	0
51.366141331802	-2.3557798126159	0
50.994225323731	-1.7041367784961	0
50.622309315659	-2.3483569658803	0
46.903149234944	-0.84835696588028	0
47.646981251087	-0.84835696588028	0
47.275065243016	0	0
52.109973347945	-2.3557798126159	0
53.037107611242	-0.75	0
52.109973347945	-0.85577981261587	0
52.66519160317	-1.6057798126159	0
49.134645283373	-0.75	0
48.39081326723	-0.75	0
48.762729275302	0	0
53.037107611242	-2.25	0
51.366141331802	-0.85577981261587	0
51.738057339874	0	0
53.780939627385	-2.25	0
54.713385404446	-3	0
53.22572137216	0	0
53.780939627385	-0.75	0
47.32679630416	-7.4865622232603	0
46.75751520076	-7.9761768578789	0
48.197841615051	-7.7970243283325	0
42.947958786714	-8.6795346101317	0
43.19845263582	-9.6360935592107	0
43.549310041675	-9.0331367645594	0
50.218625251048	-10.109708066209	0
49.817813882724	-9.4564339605976	0
53.552869957594	-6.0718824268374	0
52.491681137742	-6.2841340170573	0
52.908364568451	-6.8119015650824	0
49.384056296433	-6.2850887511197	0
48.998571414914	-8.6518889189425	0
50.26262515218	-6.3808593163548	0
51.086354033849	-7.0827447617341	0
53.969553388303	-4.2468377725445	0
54.341469396375	-3.6457196329608	0
55.085301412518	-3.6457196329608	0
52.55619974888	-5.2038517401749	0
53.180953949522	-4.8731755789899	0
54.507224451944	-6.1359385247589	0
54.090541021235	-5.6081709767338	0
53.924785965666	-4.917777072367	0
55.886547730089	-3.8184451048531	0
52.092169350549	-7.8977240584353	0
51.008514977964	-7.8418387871089	0
46.079376725311	-8.2965332013108	0
45.644375748559	-8.9929697424885	0
54.713385404446	0	0
47.776034496478	-9.4136859571536	0
47.149150147051	-8.9646097624013	0
47.09789602103	-9.7340423005855	0
12.261686021975	-8.3697947400649	0
-5.4585264199833	-5.7603378475983	0
14.089802804426	-16.828525193232	0
34.086784206185	-9.6443668139925	0
33.32895043757	-8.9000261699028	0
33.23203808901	-9.7998372606034	0
34.767672289326	-14.937038717604	0
35.192693190711	-14.541923564393	0
34.652863211638	-14.328986144935	0
18.77322826636	-20	0
22.066979166828	-14.650266285383	0
21.235984320506	-14.552957000547	0
21.221261056941	-15.417571402134	0
19.432384372275	-16.182043133916	0
20.07140534493	-16.216264762327	0
22.260892298647	-20	0
22.764003545259	-19.192156171846	0
21.892087537188	-19.192156171846	0
21.509963496916	-18.454931672601	0
20.188636344636	-17.818909204433	0
20.517256921312	-17.056329857069	0
20.836117787001	-16.16032721204	0
20.953348786708	-17.762971654146	0
21.667112633324	-16.257636496876	0
20.532711504492	-14.049784878727	0
23.725177033267	-19.07264288597	0
24.00472431479	-20	0
24.597093041338	-19.07264288597	0
23.356372271808	-18.264799057816	0
23.586707224505	-17.509665653587	0
22.625533736497	-17.629178939463	0
22.845187749425	-12.679131830864	0
22.729330137163	-13.584124195197	0
21.838584073592	-17.692352325238	0
24.099200488394	-15.498362318169	0
23.193099047891	-15.802230767686	0
23.761970129697	-16.570177085717	0
22.068919026289	-16.937218921008	0
22.454062296229	-16.194463111102	0
22.791292654926	-15.122648343554	0
22.80601591849	-14.258033941967	0
23.453643625261	-14.056506253368	0
24.351140631787	-13.613059948368	0
24.721653617764	-13.044944482048	0
23.747470829911	-12.814481040279	0
24.492808665008	-17.20579720407	0
24.373087854161	-14.922391290563	0
24.941958935968	-15.690337608594	0
22.997085552331	-8.4836688266269	0
23.258047595103	-9.1125872451663	0
26.411347775237	-9.9487401183005	0
27.126373778208	-9.210342004886	0
26.340580993418	-9.1144250186501	0
28.378680090937	-19.228460398721	0
27.622448631064	-18.49747407247	0
27.608072895275	-19.269013673749	0
25.079039365297	-17.801251414291	0
25.25430227049	-16.861762846422	0
23.215700735402	-12.111016364544	0
22.246056793765	-10.444156220952	0
24.427826413114	-14.286969695137	0
24.91590169346	-18.470726932173	0
25.677395298942	-18.126692574525	0
27.898194375596	-9.6769698508095	0
27.813812607587	-10.36826121714	0
26.176305648601	-14.477103748825	0
25.270584860688	-14.478944985563	0
26.121567089648	-15.11252534425	0
26.183049531253	-18.667097719952	0
26.067364983054	-19.398084046204	0
26.736156887203	-19.269013673749	0
22.21108071666	-9.8220485615108	0
22.694026477609	-9.4940577472584	0
23.346231005663	-9.6896819240143	0
22.858876968832	-7.9655904882263	0
23.994493011803	-10.040465740654	0
24.46483601834	-6.6701321518887	0
23.901255848134	-6.5107520735934	0
23.600475253038	-7.0133012266321	0
23.212611560223	-7.4521478665901	0
23.776191730429	-7.6115279448855	0
25.398603181525	-12.631955465891	0
26.002272983401	-13.43053437398	0
24.852144445448	-10.312771595725	0
24.767903556802	-9.5805172769934	0
26.04350609632	-10.649712919576	0
26.672781208346	-5.6838789916642	0
24.727976187418	-7.5851972902039	0
27.494993250274	-13.219267340758	0
28.026033160112	-12.630355417377	0
27.210262457	-12.428633434441	0
27.551610417967	-7.1809954915864	0
27.77710504682	-8.0542656407969	0
26.82929888111	-10.745629905812	0
25.45872597102	-8.9252682037725	0
28.085893510992	-11.265793420402	0
28.409361769967	-11.882536739272	0
28.753952914122	-11.308608648613	0
27.660445240632	-6.3985348028323	0
28.655681323217	-15.764116550831	0
28.504485846037	-16.522736188051	0
29.18279099239	-16.289144543163	0
30.308976673348	-7.5592391396199	0
29.414186053485	-7.2205526616597	0
29.904680055223	-11.098275300929	0
30.142433597353	-11.991460076222	0
30.969692479479	-11.164383409668	0
27.827427593777	-8.8426547511591	0
27.469221463433	-10.942189307798	0
29.043726072131	-13.324546895489	0
28.298960294269	-14.078176125399	0
29.031922413014	-13.981733697194	0
31.276038686129	-5.5506600740001	0
32.263702718415	-5.3968565987277	0
27.101379784515	-11.643162109073	0
26.570339874677	-12.232074032455	0
29.427054681986	-12.576728217384	0
28.694092563241	-12.673170645588	0
31.869957059546	-11.618373419142	0
31.902855114328	-12.412558936324	0
32.565366152264	-11.973364170506	0
26.853255212361	-14.064114732667	0
27.669025915473	-14.265836715603	0
30.241661379586	-14.238807781562	0
29.555337330223	-14.379314686614	0
30.020310518932	-15.390018000891	0
25.629098918806	-15.600143472423	0
26.534819706719	-15.598302235685	0
28.132266406008	-15.366535561412	0
27.657222256356	-14.923023517309	0
27.502332027212	-15.554196151616	0
30.510061637164	-9.3405379833267	0
31.603071628872	-9.6633476254443	0
31.381194328686	-8.7326869743961	0
30.492067106242	-12.642836326122	0
30.434572312188	-13.565333013524	0
31.149951227554	-12.980064872362	0
27.942722086901	-17.830279320283	0
27.172114891239	-17.87083259531	0
29.974252893399	-16.841262300718	0
30.125448370578	-16.082642663499	0
32.138726350443	-14.058622215085	0
32.891630237217	-13.491116279047	0
31.845360320273	-13.335055623726	0
33.353398613793	-12.966004386641	0
34.242946998185	-12.501958352392	0
33.487812591439	-12.303503653439	0
25.195448974982	-19.398084046204	0
27.73488226197	-16.600673019422	0
27.00986385637	-16.041814279789	0
26.767369941477	-16.644779103491	0
27.492388347076	-20	0
26.666460658928	-17.330427449883	0
26.346187203091	-17.99762220207	0
25.941442253328	-16.771568710251	0
25.355211553039	-16.17611450003	0
29.53487258497	-17.700442667999	0
30.477529963157	-17.493940788336	0
28.712325670969	-17.752342488912	0
28.261991931143	-17.125701011753	0
30.073143013009	-19.176560577808	0
29.215602740727	-18.405020976529	0
29.250596099008	-19.228460398721	0
29.236220363219	-20	0
30.980052379362	-20	0
30.945059021081	-19.176560577808	0
30.899545500897	-14.576036327801	0
31.846046492352	-19.095382248884	0
30.939137126	-18.271942826693	0
34.593208566781	-13.549165038659	0
34.168187665397	-13.94428019187	0
28.607437919916	-6.950043687604	0
32.503336208939	-10.117337634919	0
31.632203517416	-10.725188643849	0
29.523020876149	-6.4380919729056	0
30.510684908436	-5.8771641822866	0
31.523120525816	-14.390287711991	0
31.330209593214	-15.063762480029	0
32.56939044276	-14.546348367313	0
25.748556330933	-20	0
30.811772419941	-15.942135758447	0
32.141685064535	-15.863242476572	0
31.43534744486	-15.756387142637	0
31.623247891261	-16.741615754989	0
31.378517434428	-17.412762459412	0
39.602311825104	-13.453193460573	0
39.966189929683	-13.916111337487	0
40.010807022644	-13.009070611895	0
32.493452814213	-15.241478577937	0
33.10905863884	-14.909813081031	0
34.286081177125	-15.367202400428	0
34.825911156198	-15.580139819887	0
33.646764643963	-13.689570978	0
34.529185779164	-18.02746115102	0
33.909497622214	-17.617848956727	0
33.886791699516	-18.360331281535	0
37.202015269695	-11.268747817941	0
36.656077177053	-11.387112783634	0
37.149637727198	-12.206007208226	0
33.454914536657	-11.509318136257	0
35.983678037162	-11.619551778072	0
36.03605557966	-10.682292387787	0
36.218594401797	-9.9946674406866	0
37.222346374429	-10.021983378675	0
36.732486056675	-9.5667974260129	0
33.261169977554	-10.861678279008	0
34.859302970834	-10.041829696359	0
34.956215319393	-9.1420186056583	0
31.002887973411	-8.0017737782496	0
33.440738606399	-17.066724957568	0
34.448105872929	-16.647641164461	0
33.336952777467	-16.429387295818	0
32.681353260615	-16.22670719029	0
32.084855054104	-17.519617793346	0
38.23686493299	-15.687154950089	0
38.318346864144	-16.747454590868	0
38.829448328828	-16.44167654957	0
32.798344526751	-17.399595088083	0
32.553614069918	-18.070741792506	0
34.051140130022	-19.384971737914	0
34.467716411648	-20	0
34.923056138093	-19.384971737914	0
38.479499136329	-19.363149782791	0
37.607583128257	-19.363149782791	0
37.955380443934	-20	0
32.717962500424	-19.095382248884	0
32.723884395505	-20	0
35.665076669932	-18.433786286942	0
35.687782592629	-17.691303962134	0
33.431451973071	-18.975359543621	0
43.204049814705	-13.418171207972	0
42.519804728045	-13.933168929421	0
43.226205372517	-14.274280501797	0
34.977341768858	-16.23433970959	0
35.458932881059	-15.804176026765	0
5.1943300166256	-16.65775998983	0
36.081652951558	-19.048814549028	0
-3.7891722291693	-11.449425896348	0
-4.3892472246298	-11.666149862404	0
-4.1237980095461	-13.65117383389	0
-3.203254466932	-14.292038860194	0
-5.9803527079502	-12.73227042855	0
-6.4171128627096	-16.159205162814	0
-6.5783405281865	-17.075673345382	0
-3.8641980484453	-14.259852906751	0
-6.9174487120293	-13.029159163289	0
-6.673539491932	-13.686525858097	0
-7.5535514425924	-13.324109998618	0
-8.0195304363239	-16.297564930218	0
-8.4774546854633	-15.97863011219	0
-8.5341404473429	-16.548228640565	0
-8.2420531972648	-15.207733200922	0
-7.6362434484697	-14.854721547635	0
-6.0808869622589	-17.326322246013	0
-5.4805642298336	-17.591351356522	0
-9.5262133559913	-17.078125	0
-10	-17.34375	0
-9.5262133559913	-17.609375	0
39.415086852085	-10.037045520779	0
39.861462997361	-10.170419453492	0
44.856269474152	-12.984771144978	0
45.190887451839	-12.674164289135	0
44.709992164066	-12.552279805826	0
38.915457140365	-18.752539684534	0
39.30507136003	-18.140377996917	0
38.521316040317	-18.114137877966	0
56.128098918474	-9.6766657244749	0
56.46190922979	-9.0490795586405	0
55.598377850762	-8.9923402283956	0
38.363304942986	-7.6972497533478	0
39.073254675267	-8.0298649583474	0
38.864694802946	-7.2741108471312	0
37.8125971457	-11.541414565282	0
37.319036595555	-10.72252014069	0
33.931414912868	-7.6249797678686	0
33.076668795693	-7.7804502144795	0
38.154051422307	-9.0235586142826	0
38.508318404968	-9.5757662116786	0
37.525261250894	-12.620300886605	0
36.979323158252	-12.738665852298	0
37.290394014051	-16.399354393437	0
37.176176790823	-15.76341305396	0
36.740807336568	-16.169834456011	0
37.923125762521	-8.355146994509	0
37.505312369522	-8.9257017442276	0
36.50156039689	-8.8983858062394	0
38.35083988317	-11.391903958094	0
38.683711478934	-11.027930348662	0
38.262490067324	-10.631213278599	0
35.739366429752	-8.76593839754	0
36.512192742599	-8.1248427157547	0
37.832928250434	-10.294650126016	0
34.676764148697	-10.729454643459	0
35.546195261906	-10.227106435125	0
34.183616416728	-11.191817761942	0
34.8705087078	-11.377094500708	0
36.026899472077	-14.069548321857	0
36.632913936872	-13.784476054226	0
35.683898577818	-13.648798724093	0
34.863737884179	-12.283023957458	0
35.356885616148	-11.820660838975	0
37.16543075654	-13.679092591333	0
36.822429862281	-13.25834299357	0
34.729323906533	-12.94552469066	0
35.213999452775	-13.330230643725	0
35.976907213541	-12.525481234822	0
33.70641928882	-14.469392084276	0
36.141708549765	-14.677600894525	0
33.630481660273	-15.164522294901	0
35.081127597791	-16.87167737134	0
33.688720527145	-15.807623397184	0
36.118476803529	-15.996134516501	0
35.967046190869	-15.341934626798	0
38.23381855731	-11.938131635345	0
36.217018488558	-17.278002507262	0
36.801252472236	-14.869559384262	0
36.839349021596	-17.451702446772	0
36.232694026758	-16.632075855978	0
36.211548427791	-20	0
36.953568959629	-19.048814549028	0
37.867301871689	-17.799802644203	0
37.882977409889	-17.153875992918	0
54.775388790701	-6.7933625652778	0
55.313059854342	-6.3296511151743	0
37.350839149718	-15.099079321688	0
42.459233482782	-11.690079620764	0
41.985106020525	-11.626226470922	0
42.169637256496	-12.067613260668	0
38.912080480416	-14.27202791161	0
38.507216313182	-14.782599272923	0
39.152830564908	-14.870805547478	0
37.996114848498	-15.08837731422	0
39.160918109162	-11.15264650518	0
39.288449836788	-11.634225239697	0
39.677306651169	-10.998250716719	0
41.86615593555	-11.023779124231	0
37.942642401802	-13.036656330857	0
37.81070645532	-13.668390583866	0
38.398402175172	-13.552087384046	0
39.08863351986	-12.733252933009	0
39.044016426898	-13.640293658601	0
43.25272830378	-10.149759518057	0
42.960871800998	-10.841741217971	0
43.507947388	-10.681677413553	0
40.594726763399	-9.9006533476963	0
41.112630804919	-9.5596507452681	0
40.691055112699	-9.483164322353	0
40.590997419746	-12.908674701268	0
40.940513239672	-13.561869122267	0
41.156825532194	-12.998555334724	0
43.837747072032	-14.548270436024	0
43.153501985372	-15.063268157473	0
44.481840817403	-10.005230627736	0
43.97536917275	-10.471282603671	0
44.657406099372	-10.486817517768	0
44.308771858149	-9.3453345463911	0
44.058278009043	-8.3887755973121	0
40.358582177469	-18.274894205458	0
39.964441077422	-17.636492398889	0
41.2045269856	-15.152083279081	0
42.054805741779	-15.254259736778	0
41.691681529678	-14.687101765549	0
48.646531090309	-9.4487984606245	0
47.42008347498	-13.297020593749	0
46.395611291663	-12.861700278319	0
46.361636945241	-13.541975943718	0
41.433502735752	-9.8535439366241	0
41.529831085052	-9.4360549112808	0
44.169001786075	-12.411747506345	0
44.503619763762	-12.101140650502	0
46.247903655445	-11.435846167028	0
45.7068580067	-11.053193996882	0
45.654050628047	-11.713772877943	0
44.99080878477	-9.3608694604882	0
45.732294389061	-10.3980164139	0
46.38586135285	-10.0301166959	0
45.817444707813	-9.6528658238329	0
43.683512669969	-11.163264303586	0
47.012745702278	-10.479192890652	0
43.67729209882	-12.345886375678	0
43.303197052263	-12.046037380766	0
43.017859765311	-12.431315405423	0
45.138441361663	-10.675943124815	0
46.203279841347	-14.42266657791	0
45.17880765803	-13.98734626248	0
45.619853209273	-12.169048999036	0
45.078807560527	-11.78639682889	0
46.87738442775	-11.696006107158	0
47.910267279518	-12.110976040937	0
47.333593885866	-11.190237219746	0
46.824577049097	-12.356584988219	0
45.870980645838	-15.333519151838	0
44.949850634202	-15.636165262719	0
45.800380725905	-16.101647517886	0
47.05380993305	-14.888148833077	0
44.392747119511	-15.102647494186	0
44.465450506656	-14.31365983851	0
48.595276964288	-10.218230998809	0
48.045628554046	-10.894162824431	0
48.916125147877	-10.929275327902	0
51.323944784249	-12.142370019666	0
51.488240623031	-10.958692723147	0
50.807181105195	-11.149749926658	0
42.946247435293	-15.70052735574	0
43.557789134809	-15.974517289966	0
42.001995261177	-13.36440469566	0
42.024150818988	-14.220513989485	0
44.62380761055	-13.432969204318	0
40.845083972147	-15.782042052564	0
40.481959760046	-15.214884081335	0
42.459092891215	-16.165508869271	0
42.232469868297	-17.705491316383	0
41.54163495687	-17.361551153196	0
41.708786806287	-18.114948770617	0
65.030248265158	-10.144441854299	0
64.506355576166	-10.775021080073	0
51.841308088204	-12.677198016392	0
51.160248570367	-12.868255219902	0
56.949923977214	-6.9008017770936	0
57.806405634579	-7.549971321382	0
57.631458538465	-6.8597646990105	0
45.627829979337	-17.129567259804	0
44.610052549308	-17.288597802501	0
45.358631814376	-18.013871433538	0
44.114892649499	-16.5080350585	0
44.322147199579	-15.870775860234	0
43.229207109074	-19.229444466902	0
44.199823442391	-19.086450988117	0
43.370238051031	-18.315895455019	0
43.845694484538	-17.392339232234	0
42.707926301805	-16.781935093598	0
42.875078151222	-17.535332711019	0
46.674540524649	-20	0
47.110498528685	-19.55397611203	0
46.238582520614	-19.55397611203	0
40.199548752821	-14.472579747009	0
39.840105739367	-15.102538520492	0
41.292801546281	-16.745124928869	0
40.570234320727	-16.807925731124	0
39.516723503287	-16.673409522584	0
39.435241572133	-15.613109881805	0
41.81648460829	-16.335667474636	0
55.184815906578	-8.2757785781797	0
54.851005595263	-8.9033647440142	0
50.054329412266	-11.293385362728	0
54.451889967129	-14.685866059439	0
54.98188378556	-14.2559463298	0
54.016348850563	-14.09423597083	0
56.009988491522	-10.533961310144	0
56.87351987055	-10.590700640389	0
41.485375092931	-19.229444466902	0
40.794540181505	-18.885504303715	0
42.357291101003	-19.229444466902	0
43.186876492363	-20	0
49.504681002023	-11.96931718835	0
51.67254813803	-10.275775699077	0
52.355391142291	-9.6783868647921	0
48.503805757042	-12.481604762863	0
49.642010021431	-12.845714797689	0
52.578520113992	-12.576083213343	0
53.251616407876	-12.358629077928	0
52.67810059597	-11.733858680741	0
53.021090688343	-10.118738602923	0
53.153358170401	-7.6854724682154	0
56.885952672203	-8.5377810307702	0
57.482294127829	-8.1509081992222	0
56.528529617703	-7.9778812310131	0
54.466564792024	-9.6359624160298	0
54.079170862466	-10.221603258836	0
54.877173609888	-10.205567237036	0
53.934595774541	-11.855839240703	0
54.503887169779	-11.493241007961	0
53.920488285092	-11.153806312584	0
55.622594561964	-11.11960215295	0
55.909936198342	-5.9414111146887	0
56.1781005371	-6.5988351552077	0
56.545427460344	-5.4237426822141	0
53.509879467228	-10.584201491578	0
53.835015292563	-12.698063773305	0
54.532168664111	-12.929795088636	0
53.849189297446	-13.432584925861	0
55.756706177589	-7.6759146091272	0
55.009333922089	-7.5869391247458	0
54.203498519691	-7.3932265343304	0
52.862408110969	-11.050941656671	0
55.636702051413	-11.821635081069	0
52.189311817085	-11.268395792086	0
61.02225748733	-6.479528622258	0
60.240913661522	-6.79000510131	0
60.8058252367	-7.1032203343024	0
50.649356126818	-13.880113037843	0
50.399233108044	-14.687700357402	0
51.427488855549	-14.210670536187	0
52.41482390011	-13.301968413579	0
46.548959990973	-16.826921148923	0
55.44695550765	-13.457442367271	0
55.432781502767	-12.722921214715	0
57.415673739915	-9.2221065268496	0
60.826959335832	-2.25	0
60.640382696181	-1.5	0
59.733632877797	-2.25	0
50.131992822863	-13.345285041117	0
56.353047633214	-7.2890417775792	0
57.354655205905	-5.6145752969975	0
57.125105785149	-4.8277228244895	0
48.013621952504	-13.667649315675	0
48.047596298925	-12.987373650276	0
47.331100430278	-16.429771989692	0
48.122139767004	-16.202319321605	0
47.512550074267	-15.571548738918	0
57.977159628052	-9.7362468565384	0
58.641358327528	-9.727352292473	0
58.503915881805	-8.7019134349139	0
58.826889507671	-6.8224176542663	0
59.25621080336	-7.4613155283267	0
59.595160115202	-6.774798939294	0
57.435005758686	-11.104840970078	0
57.553116185638	-10.247545384409	0
47.844849269776	-14.660696164989	0
48.962344895153	-14.850619464945	0
49.131117577881	-13.85757261563	0
48.472362093721	-14.351049221516	0
57.593648619117	-15.707824457465	0
56.895916876431	-15.345492951971	0
57.073900790534	-16.111283674652	0
52.331860434453	-14.771206778107	0
52.581983453227	-13.963619458548	0
49.720040876563	-17.975429666675	0
50.263865576295	-17.56240511443	0
49.779745218496	-17.080780713096	0
49.972335148771	-15.512449509955	0
49.31357966461	-16.005926115841	0
56.551488894952	-12.349282359704	0
60.898347041125	-9.5309758171774	0
60.684370840293	-10.274448972664	0
61.381601323672	-10.135130967658	0
47.982414536757	-19.310386939123	0
48.418372540792	-20	0
48.854330544828	-19.310386939123	0
47.158549683709	-17.45769173161	0
46.075131910482	-18.935597928538	0
45.639173906446	-19.381621816509	0
53.112734446904	-15.095235449542	0
51.958239849226	-15.342286527181	0
46.525474884527	-18.48139655745	0
47.546456532721	-18.864363051153	0
47.397390892598	-18.237807384544	0
51.470078569043	-19.486195139018	0
51.05509890372	-18.714722173023	0
50.619140899685	-19.228527034005	0
53.872104251023	-15.184284273192	0
54.83763918602	-15.345994632162	0
58.065777017587	-11.418073431053	0
58.669844207424	-12.157890376477	0
58.718669263612	-11.501502659522	0
58.276253406486	-12.679433446265	0
58.92914565251	-12.762862674734	0
59.912054376134	-10.319895937815	0
59.157859315761	-10.21598976814	0
58.868797134148	-10.865591883772	0
57.441561598939	-13.267487118936	0
56.88161652566	-14.096301114067	0
57.975609778293	-14.113219739652	0
58.406294619238	-15.922529247638	0
58.228310705135	-15.156738524957	0
60.626212282903	-7.7422124634066	0
59.596297996087	-8.0533578421015	0
60.198028868098	-8.3818734921537	0
58.163828689079	-8.1098711211391	0
53.319195479015	-13.862504655499	0
48.588305320889	-17.27717391886	0
48.769754964878	-16.418950668086	0
55.882496624216	-14.049072455879	0
53.498483665796	-15.755364022266	0
52.997231785928	-16.747510150732	0
53.756601590047	-16.836558974382	0
65.481956864563	-14.847778852448	0
64.664212349455	-14.867649321385	0
65.034644338874	-15.688553538935	0
56.416544803569	-14.894805076596	0
57.182260153853	-12.662514820679	0
52.184044859894	-16.659910431139	0
51.531341889952	-16.167035679733	0
50.97627288817	-17.160630912257	0
59.837347090596	-15.640244398788	0
59.204565639401	-16.200864272356	0
60.000956024741	-16.469665356013	0
55.654079190604	-17.004780240229	0
54.992641027154	-17.608700020843	0
55.652595968255	-17.667332992631	0
55.675527122504	-18.433799701784	0
55.62838720912	-19.135626386623	0
56.31275652682	-19.298173315161	0
49.747224891613	-19.228527034005	0
49.311266887577	-18.538913973128	0
48.827146529778	-18.057289571794	0
55.685146648676	-16.3475497188	0
55.317011258882	-15.796682507537	0
54.625988859709	-16.395280057179	0
55.896796974987	-15.298264293784	0
48.179531331903	-17.840658225313	0
51.767506215595	-18.312947970849	0
52.580693141629	-18.400547690442	0
52.442162784145	-17.741105383255	0
52.341994577114	-19.486195139018	0
51.906036573079	-20	0
50.162204556936	-20	0
50.916568546237	-18.055279865836	0
53.016651145665	-18.914352551424	0
28.810571552361	-15.132943916524	0
32.09589796512	-8.3245834203672	0
32.698362440418	-7.049537018333	0
32.769804918048	-6.2804982714167	0
-3.8965879434993	-20	0
-9.4453928343679	-18.308883314503	0
-9.0222457042324	-16.786521911269	0
-10	-18.9375	0
-8.3577932194937	-18.868119175491	0
-7.9887397758383	-18.471055973451	0
-7.3919886150434	-15.685786802852	0
-8.7566632082837	-15.458396911269	0
-8.0404843770542	-19.496735860988	0
-7.6481333340106	-17.712591896961	0
-7.3842519757854	-20	0
-7.1685683689827	-19.496735860988	0
35.732439674162	-7.2189784481925	0
34.714566023227	-7.2488995597504	0
34.966847665103	-8.3684755151737	0
37.621190529911	-14.194523644522	0
37.477687652024	-18.411964331819	0
40.608043950362	-14.028456898331	0
41.17387206281	-14.118337531788	0
40.227119315166	-12.445756824353	0
42.096579482236	-12.540409873211	0
41.600925573179	-12.827754933275	0
40.306074045532	-11.912595182481	0
40.855501774421	-11.910639130353	0
40.354266107685	-11.477873399109	0
39.072568293316	-10.391955825685	0
39.209495106423	-12.167386881569	0
38.651199708217	-12.354487079597	0
39.72588364843	-12.012991093108	0
36.446806338584	-12.844049315191	0
38.112956970747	-12.503997686785	0
40.168405542235	-11.081942402592	0
40.040873814609	-10.600363668075	0
40.352561888427	-10.254111139364	0
38.937880221858	-9.9123293642616	0
40.774137580647	-10.330597562279	0
38.165799846198	-9.9306765165841	0
40.994791164982	-10.741460385695	0
41.236956039954	-10.388002594028	0
41.903030267539	-9.2123265623539	0
40.61990948406	-8.9076213997364	0
41.097786610539	-8.5644009853951	0
40.717833271125	-11.079986350464	0
41.654156320088	-10.26440676004	0
42.081631170534	-10.554344369959	0
42.490177481794	-10.779258076746	0
41.251409753253	-12.174560512276	0
42.745396566015	-11.311175972243	0
42.929927801986	-11.752562761989	0
42.570706944494	-12.604263023053	0
42.944801991051	-12.904112017965	0
43.589360135495	-11.667133732244	0
43.651202635522	-13.245223590342	0
44.142912322778	-13.311084721008	0
44.056781920245	-11.456738922362	0
43.883664499124	-12.797025531002	0
44.537817182537	-11.645864529409	0
44.63196971701	-11.141995100751	0
45.766130519359	-12.601540338188	0
35.82001391757	-13.045158376094	0
44.930708508506	-20	0
44.767257898374	-19.381621816509	0
39.699212460077	-20	0
40.135170464113	-19.389389901743	0
39.263254456041	-19.389389901743	0
41.44304447622	-20	0
50.750467877501	-15.843007008298	0
58.828027388556	-8.1009765570737	0
57.970407850306	-6.1732481099779	0
59.684615569514	-9.1816563465161	0
61.652696998657	-3.6049352127702	0
60.627511606034	-3.8205554001018	0
60.872335054957	-4.425490612872	0
60.71452985633	-8.8705109678212	0
63.021720982445	-5.4708885059905	0
62.349720395673	-5.009979412964	0
62.214904095446	-5.9268795774031	0
60.836571860749	-11.837770235895	0
60.395308658681	-10.924051088296	0
60.06425539659	-11.883217201046	0
63.114987924882	-10.628555424713	0
62.9301207265	-9.9420478285988	0
54.124736979841	-17.387426185645	0
54.123253757492	-18.049978938047	0
57.075450060827	-17.797569326353	0
56.336965285954	-17.82987992117	0
57.098381215077	-18.564036035505	0
62.422688459283	-13.212524929498	0
62.518286924158	-12.524497505241	0
61.74005640934	-13.083939209425	0
44.908288840331	-18.468072804626	0
45.926066270359	-18.309042261929	0
61.411760339709	-8.731192962815	0
59.472864323985	-11.605408829197	0
59.914127526054	-12.519127976795	0
61.170586736437	-12.596424066906	0
61.074988271561	-13.284451491163	0
59.401590802771	-13.824919555546	0
58.788255778414	-14.327924529826	0
59.654291729613	-14.86843834085	0
60.956042349217	-14.068700000126	0
60.386572676314	-13.581184857608	0
63.483473720728	-11.737233581687	0
64.005120963228	-12.399681600247	0
64.287675709855	-11.483831956619	0
65.028002818666	-11.437469098633	0
53.888567153736	-18.914352551424	0
54.756471201049	-19.135626386623	0
53.649868589222	-20	0
55.393700605365	-20	0
56.345101589777	-16.406182690588	0
57.042833332462	-16.768514196082	0
58.569903553383	-16.751950204864	0
58.881364637651	-20	0
59.534225207487	-19.273493007409	0
58.662309199416	-19.273493007409	0
60.992077540238	-19.382551398511	0
61.518822771803	-19.103706333518	0
61.013787650175	-18.486257732028	0
60.450682114953	-15.137239424508	0
57.051241301693	-19.265862720344	0
59.897148368478	-18.060058293953	0
59.901106093931	-18.656044405919	0
60.483084693157	-18.169116685054	0
66.402072151713	-15.062919750112	0
66.031640162294	-14.242015532562	0
59.520536725115	-13.040671046583	0
67.168086642831	-12.232270985558	0
66.501851906179	-11.935029618115	0
67.086972208844	-12.940669345608	0
62.43851704762	-14.055556766794	0
63.216747562438	-13.49611506261	0
61.1390977102	-14.840506058063	0
63.325123304933	-15.830271889964	0
63.724737987271	-15.023785453889	0
62.832961468437	-15.145633335981	0
62.038902365282	-14.862043202869	0
62.149801128312	-11.415819348267	0
62.832433178255	-11.54440506834	0
61.501639998528	-11.637257954157	0
67.06205382951	-9.2496341482244	0
67.356919688367	-10.056016091084	0
68.006730128508	-9.4948172810587	0
61.072143738093	-16.400110456294	0
60.55643222182	-16.741088027766	0
60.994838483977	-17.232153001616	0
65.465624205998	-16.588429568894	0
65.780579783855	-17.518475645835	0
66.167344431838	-16.598729146938	0
64.960423913749	-13.086577305039	0
64.156221924622	-13.339978930106	0
61.009829924723	-17.890271620062	0
62.758349402521	-16.732964041243	0
63.650125921355	-16.611116159151	0
64.172050512959	-14.183010767402	0
65.914824512571	-10.977644740076	0
65.69614464626	-11.686455616622	0
61.533542131018	-15.93058262725	0
64.64787969089	-16.608300037831	0
65.615030212273	-12.394853976672	0
65.766131173668	-13.335151306531	0
65.829463037173	-10.269745590168	0
66.497604864768	-10.518732108158	0
62.718398214283	-7.0472815938014	0
63.14490258551	-7.5075312905817	0
63.313409053444	-6.8480383672099	0
61.971948393175	-16.4216476011	0
62.296951009597	-17.202491870288	0
69.623743082619	-15.947685744795	0
69.227919898131	-15.35247166082	0
69.1420810191	-16.486379750597	0
68.822729728187	-13.993204288222	0
68.525361880412	-13.361217601316	0
68.050574793272	-13.869897399958	0
66.048464360609	-9.2399415924245	0
65.249249588594	-9.1146378565549	0
65.613028617354	-9.6855292223804	0
66.686246460818	-13.550292204195	0
67.678377695659	-11.71090336454	0
68.537692519259	-11.248187347467	0
67.442281163765	-10.763915240992	0
65.909172268361	-8.0304128109434	0
66.69827480075	-8.678742782399	0
66.922761737262	-8.0401053667433	0
62.495935797547	-9.4200132790012	0
62.97309290847	-8.5775716315022	0
62.072734635426	-8.5492161646722	0
67.73044568695	-0.84835696588028	0
68.474277703093	-0.84835696588028	0
68.102361695021	0	0
69.621061444417	-12.226538460329	0
70.194881032285	-11.471701810225	0
69.347608639022	-11.440338820912	0
65.535181997669	-7.3720722934911	0
65.310695061156	-8.0107097091468	0
59.923650770625	-17.301707901334	0
61.525541440996	-17.54929404859	0
62.311942450342	-17.860610488733	0
59.341672171399	-17.7886356222	0
62.390738779875	-19.103706333518	0
63.162148348476	-18.756904155216	0
65.420734698187	-19.392616257315	0
64.970575010304	-18.741837056486	0
64.534617006268	-19.349220799171	0
58.602520281747	-17.781005335135	0
57.804249261585	-17.502670310417	0
58.576017879601	-18.539355727753	0
57.923157309764	-19.265862720344	0
60.120161532166	-19.382551398511	0
62.369028669937	-20	0
68.053478784078	-16.096705839	0
68.54710023783	-15.196524876742	0
67.854321187296	-15.402065049121	0
60.625196653794	-20	0
68.263497998325	-12.716543092034	0
69.03565293324	-12.839849980298	0
72.45740878465	-14.91605041735	0
72.572782214557	-14.052971054956	0
71.519730611969	-14.351453839998	0
69.167517527184	-9.5274597319682	0
68.872651668327	-8.7210777891083	0
69.756749524935	-8.1075556300825	0
68.595962126259	-8.074913179173	0
64.081105788479	-17.510992189111	0
67.156227591494	-15.379701220802	0
66.606544293763	-15.985464540688	0
63.583904668664	-18.106124954387	0
63.662700998197	-19.349220799171	0
66.169496355959	-18.157003869254	0
65.467776130119	-18.14670429121	0
69.028762301349	-14.657830870941	0
69.882925326503	-12.871212969611	0
67.35248119747	-13.847533571638	0
67.649849045246	-14.479520258544	0
69.503549388488	-14.149151072299	0
69.45133319177	-19.1149817652	0
70.258579050417	-19.190348135102	0
69.493639499606	-18.305329900302	0
70.332586160587	-15.855504998662	0
70.246747281556	-16.989413088439	0
70.466310428601	-13.486449483592	0
70.672343001763	-14.151076066311	0
71.051718939778	-12.873137963623	0
70.556969571856	-15.014155428705	0
71.179973770793	-16.055882772349	0
71.901164283502	-15.797624698177	0
72.954215886089	-15.499141913134	0
72.321424089698	-13.409481858053	0
72.398976799532	-12.593186978965	0
71.71265675171	-12.672079598516	0
71.021577883778	-11.374446344931	0
70.748125078383	-10.588246705514	0
71.238617204533	-17.843394851943	0
72.10663345672	-18.520964384958	0
71.823606611711	-17.574801875321	0
68.449301968566	-16.691919922976	0
68.023546687251	-17.266104770889	0
69.112148922273	-17.655778682486	0
66.579805013957	-18.726358031295	0
66.892608667692	-18.098129385919	0
67.994655483324	-18.44872353918	0
67.887679026064	-19.33374177398	0
68.579417183698	-19.1149817652	0
69.111512107128	-10.493350697363	0
69.977433646946	-9.7196112054128	0
67.927561061705	-7.8573681890541	0
67.138458529316	-7.2090382175986	0
70.950090668341	-8.7166401557964	0
71.385584731776	-7.8984630772135	0
70.468933130437	-7.9355431614348	0
66.292650706259	-19.392616257315	0
65.856692702223	-20	0
72.193437783808	-3.7506024414801	0
71.449605767665	-4.1358808784271	0
71.821521775737	-4.8864833199072	0
65.854599283665	-6.7690009853921	0
66.55069013594	-6.8309979840159	0
66.271630214732	-6.2082235741203	0
62.237036872363	-6.5902662628399	0
62.068530404428	-7.2497591862118	0
64.11286068608	-20	0
64.5816584382	-18.103308833067	0
67.015763017992	-19.33374177398	0
69.344356734509	-20	0
67.584346825327	-17.879369377139	0
66.92149987162	-16.915510617629	0
67.600524718366	-20	0
57.386180702499	-11.761228687033	0
57.137532621508	-20	0
70.80413049844	-9.6223557401188	0
70.628237858888	-17.638964306255	0
70.911264703898	-18.585126815892	0
71.676780872232	-16.638974268133	0
72.325863811311	-19.126185704168	0
71.740874404133	-19.39477868079	0
77.686999199655	-8.1934861903509	0
76.517335723323	-8.1852244030967	0
76.779675643293	-8.8218629567612	0
75.840909316203	-8.0564680542347	0
75.054873906164	-7.9631279131721	0
74.823976756922	-8.7202610284444	0
75.320363503963	-10.099740157933	0
75.81259736698	-9.4798451088566	0
75.117778303945	-9.4334962185838	0
70.868958396062	-19.39477868079	0
73.138138137594	-16.578114691326	0
74.079167934237	-16.186111841886	0
73.339001181583	-15.98871334452	0
71.088188750652	-20	0
76.353937763466	-10.850436127735	0
75.604455968679	-11.072104643445	0
75.943211165147	-11.776451722974	0
72.544797124419	-17.316543801149	0
69.919394780921	-17.731145052388	0
74.83088902596	-7.2249852718576	0
73.813956466679	-7.8887782460673	0
75.16876584838	-2.3483569658803	0
74.796849840309	-1.5983569658803	0
74.424933832237	-2.25	0
65.021174220908	-8.5348669973971	0
64.585738477654	-8.9804546273529	0
63.876978590279	-8.9245262570132	0
63.453777428158	-8.0537291426841	0
62.029762453457	-9.9136923617687	0
64.574552601938	-6.7148674225987	0
63.976156919042	-6.6928268587466	0
64.338309107568	-7.3303286278423	0
61.407556108711	-7.4317359843546	0
61.815786252625	-10.657165517256	0
64.893969887934	-6.1117961144997	0
65.256122076461	-6.7492978835955	0
62.3965290148	-3.6049352127702	0
62.527028865126	-4.3819293835459	0
63.026037432346	-3.7769941707757	0
61.888917450631	-7.888751315316	0
64.04878826732	-7.8544859160926	0
61.565036285591	-6.1293571698135	0
61.000124710413	-5.8161419368211	0
63.549652547814	-6.2325771619663	0
63.684468848042	-5.3156769975272	0
60.664041533591	-3	0
59.883679589891	-3.8205554001018	0
59.811592365832	-6.1511072272496	0
64.647183950216	-7.8765264799448	0
63.769869448489	-3.7769941707757	0
64.064043102223	-4.5650328994414	0
64.67737526804	-3.7880387286657	0
64.755117622377	-2.3483569658803	0
65.127033630449	-3	0
64.591974667592	-5.3267215554172	0
62.151705565877	-3	0
60.695026585504	-5.0535406422902	0
61.720211978127	-4.8379204549585	0
59.506494240923	-5.3885059327187	0
58.550086175111	-5.5772282522532	0
67.555489460383	-6.6482608063268	0
65.421207284183	-3.7880387286657	0
66.614697662735	-3	0
66.700442668353	-3.6490534025754	0
67.444274684496	-3.6490534025754	0
65.980349044881	-5.5398864872245	0
65.678353824539	-4.754811928142	0
65.273544142115	-5.3611520164139	0
66.676439897156	-5.6018834858484	0
72.151641880869	-7.3767109756085	0
71.670484342965	-6.5956139812469	0
70.185047448893	-3.6775520116999	0
70.928879465036	-3.6775520116999	0
71.077689759593	-3	0
68.436568706597	-5.9243233588201	0
66.957589208709	-4.6158266020517	0
66.128012186949	-3.9667731994763	0
56.201049436732	-3	0
56.630379746232	-3.8184451048531	0
60.152247787243	-5.4037120947347	0
57.439607491792	-4.0092777196364	0
57.688713469018	-3	0
64.197862245885	-1.5983569658803	0
63.825946237813	-2.25	0
68.102361695021	-3	0
68.474277703093	-2.3483569658803	0
72.376740030961	-2.25	0
73.681101816094	-2.25	0
69.593630111382	-6.7677141272557	0
70.192243588369	-7.2893785514995	0
70.305813716885	-6.5957016586081	0
68.788036635299	-3.9111728388654	0
69.383058356885	-4.5887248505653	0
69.44121543275	-3.6775520116999	0
66.242781654664	-0.75	0
66.986613670807	-0.75	0
66.614697662735	0	0
63.825946237813	-0.75	0
61.570791351975	-0.75	0
62.314623368118	-0.75	0
62.151705565877	0	0
63.08211422167	-0.75	0
63.639369598163	-3	0
58.989800861654	-2.25	0
59.176377501305	-3	0
57.316797460947	-2.3483569658803	0
56.944881452875	-1.5983569658803	0
56.572965444804	-2.25	0
58.06062947709	-2.3483569658803	0
58.989800861654	-0.75	0
58.06062947709	-0.84835696588028	0
58.617884853582	-1.5983569658803	0
57.316797460947	-0.84835696588028	0
57.688713469018	0	0
61.570791351975	-2.25	0
59.176377501305	0	0
59.733632877797	-0.75	0
70.889075998675	-0.75	0
69.961941735379	-0.85577981261587	0
70.517159990603	-1.6057798126159	0
69.590025727307	-3	0
69.961941735379	-2.3557798126159	0
69.218109719236	-2.3557798126159	0
63.639369598163	0	0
68.846193711164	-1.7041367784961	0
60.826959335832	-0.75	0
68.188106700639	-3.6490534025754	0
70.889075998675	-2.25	0
69.218109719236	-0.85577981261587	0
69.590025727307	0	0
71.632908014818	-2.25	0
72.56535379188	-3	0
71.077689759593	0	0
71.632908014818	-0.75	0
70.556963456965	-4.813432890127	0
70.991058476733	-6.1945639198531	0
70.392444999746	-5.6728994956092	0
72.937269799951	-3.7506024414801	0
71.757115625826	-5.6728118182481	0
72.500947641969	-5.2875333813011	0
73.275421275386	-5.9201474256955	0
73.013256539267	-6.6122487421973	0
73.852136322595	-6.4585342882509	0
74.572614441974	-6.5466443914341	0
75.813531881459	-6.6209940585389	0
76.518481389729	-6.793905312009	0
76.748232872565	-7.4280912878244	0
77.194907796849	-6.922661660871	0
74.424933832237	-3.6419476837429	0
75.303022571283	-4.6028234742261	0
75.674938579355	-3.9608757904832	0
69.871718697117	-5.214570628882	0
71.720782099778	-9.5852756558975	0
73.339827425297	-5.1338189273547	0
73.534950945809	-9.2117494450931	0
72.952341808281	-8.6532404794784	0
72.449351407208	-9.2380690371897	0
76.260206805743	-6.1155644315855	0
79.631757945239	-2.25	0
78.329433281373	-2.25	0
68.925229046828	-6.5501691371368	0
69.218539899666	-5.4481914560475	0
72.56535379188	0	0
68.811658918312	-7.2438460300283	0
72.303391237306	-10.143784621512	0
72.728356928078	-7.9150978381639	0
72.371455957091	-11.224618572927	0
74.139894778903	-19.244785318694	0
73.633737823418	-18.370971022862	0
73.197779819382	-19.126185704168	0
71.129271649612	-12.056843084535	0
71.68251569571	-11.173387979823	0
74.331742893905	-9.3401560775212	0
73.087917060913	-12.644417572069	0
72.479149722924	-11.907015312531	0
74.591419462647	-14.660140839221	0
75.128035860976	-14.079692060622	0
74.047076785567	-14.037118853708	0
74.909636905644	-11.025755753173	0
76.536468345342	-9.5040850452742	0
76.73905354536	-10.170328984624	0
73.284963877073	-17.513942298515	0
78.819224531951	-7.5535074331463	0
77.861662308336	-7.0247205517044	0
78.382221503301	-8.0856345181283	0
74.180909677332	-11.978183072159	0
76.777408573823	-12.553777612817	0
77.445653551049	-13.163079814033	0
77.36093793716	-12.16408540848	0
73.8758915841	-12.707457990372	0
73.795718660708	-13.393629656806	0
74.888711277128	-12.727395156897	0
76.027926779036	-12.775446128527	0
75.722908685804	-13.50472104674	0
79.194577077361	-9.3028115967789	0
78.64456142327	-8.7222730717928	0
89.440466922723	-3.6998056336952	0
90.440466922723	-3.6998056336952	0
90.210498066312	-3	0
72.832020766795	-20	0
73.259102262379	-13.974078435405	0
75.883726795046	-19.257864730443	0
75.44776879101	-18.502650049137	0
75.011810786974	-19.244785318694	0
74.976204758141	-15.149712270607	0
73.895245682731	-15.107139063693	0
80.075635000519	-12.230884772222	0
79.440346933669	-12.396363434739	0
79.838315113983	-13.377035776779	0
77.077808741828	-10.874676064153	0
76.267251362884	-14.127743032253	0
78.327318137787	-18.334603877602	0
78.327318137787	-19.345916589926	0
78.935432823296	-18.988687287675	0
81.106530463171	-13.385847592783	0
80.317656874395	-13.849252076715	0
80.950584156733	-14.023542555236	0
76.641072325079	-15.109720541363	0
77.235945149907	-14.53474952748	0
74.923884572251	-16.802911094581	0
75.124747616239	-16.213509747775	0
79.363518624006	-10.620707112085	0
78.663571728277	-10.691702730589	0
78.977719924476	-11.321208048687	0
75.820921396155	-15.766511523303	0
76.789615183178	-16.17351801853	0
79.044804111751	-14.229830752895	0
78.61610498076	-13.157951024496	0
78.457882045378	-13.845267338095	0
77.019444125679	-18.60378132037	0
76.755642803117	-19.257864730443	0
77.455402129715	-19.345916589926	0
77.662486126932	-17.899068534735	0
76.962726800334	-17.811016675252	0
77.870348776234	-10.793386294116	0
77.48523299434	-11.473493437227	0
78.153477971567	-12.082795638444	0
78.853424867296	-12.011800019939	0
77.6319108255	-6.390534575889	0
82.245402163041	-14.186122805602	0
83.38633205746	-14.080975068839	0
82.880387639927	-13.454990334541	0
82.099805157127	-9.2815821520049	0
81.976432794566	-10.143096329926	0
82.74058078136	-9.7265566884972	0
80.506661995269	-10.474167111808	0
80.19251379907	-9.8446617937107	0
81.849266317014	-7.5020742064309	0
81.203059582189	-7.2396464795356	0
81.007433462779	-7.9091103526317	0
80.293923750725	-11.589614006894	0
81.122918925788	-10.81356868852	0
78.248173644235	-15.216937051542	0
77.87435268204	-14.234959542432	0
78.339973080984	-16.710753467592	0
78.341971736241	-15.915965041078	0
77.607767456845	-16.311515463104	0
82.122470776902	-12.852227300803	0
81.70783224477	-12.036666056955	0
81.324819213376	-12.744576827455	0
83.57708787853	-9.5084178016548	0
83.45371551597	-10.369931979576	0
79.999120263657	-7.0837681387037	0
79.488398763138	-7.5676375256206	0
82.135988751679	-5.87661873074	0
81.549061831917	-5.6824957117501	0
81.457965516663	-6.6384873143448	0
78.109230649729	-5.5011818934094	0
77.442476138242	-5.3991230025759	0
76.319684799081	-20	0
74.575852782938	-20	0
75.272658518596	-17.659939818929	0
74.227078836593	-17.63254191304	0
82.620076331999	-15.700571649494	0
83.392139570689	-15.928068894911	0
83.523409819263	-15.039604785318	0
78.270600812441	-17.541839232484	0
76.144574526667	-17.673019230679	0
79.807348831368	-20	0
80.45783319792	-19.309387035113	0
79.585917189848	-19.309387035113	0
79.004805091838	-17.146288810459	0
76.78761652792	-16.968306445044	0
78.063516815224	-20	0
79.956598951059	-16.807298608933	0
81.03064240321	-16.307372514579	0
80.148220812532	-15.815276951213	0
79.524145872163	-14.702047052831	0
79.682368807545	-14.014730739233	0
78.980379268374	-15.61617505603	0
80.691987416321	-14.901148948014	0
79.617943964169	-15.401075042368	0
79.887226682516	-17.638384373825	0
81.480861005096	-14.437744464082	0
81.986805422629	-15.06372919838	0
81.855535174054	-15.952193307973	0
80.691891931039	-12.570286348934	0
79.585917189848	-18.298074322789	0
80.537711049069	-17.959084121263	0
85.456833000998	-17.029342767213	0
84.74699140319	-16.471312569673	0
84.751820126076	-17.374224236881	0
84.397264750344	-11.880291142724	0
83.980880466885	-12.382306505597	0
84.437701817806	-12.847827234905	0
82.561346113548	-11.366193698361	0
81.763694550022	-11.258543225012	0
84.783746772607	-13.729935686142	0
84.158395296149	-14.308472314256	0
84.92082453441	-14.688565402621	0
83.304328055206	-8.2387264338213	0
83.734226114826	-8.8722795482691	0
84.174601026111	-8.2459634715142	0
81.663913312581	-16.944214965693	0
86.114140195356	-16.410295073096	0
86.118968918242	-17.313206740304	0
84.814295297805	-18.966127217211	0
85.038844879797	-20	0
85.686211305876	-18.966127217211	0
86.055136367672	-14.660173908141	0
86.898478861185	-14.539581463052	0
86.389518504381	-13.989436329418	0
83.22296360386	-11.77954347186	0
83.263400671321	-12.74707956404	0
83.278825909111	-11.001420639917	0
84.115333006281	-10.783281753075	0
85.476344447997	-12.150389647105	0
85.200131056066	-13.227920323269	0
85.822389402798	-13.032498098343	0
84.094750042097	-3.6042047204525	0
84.83858205824	-3.6042047204525	0
84.466666050169	-3	0
83.751069659813	-6.8467986044742	0
84.975600744353	-7.2398139390803	0
84.981967437674	-6.474202186488	0
82.258796670762	-8.5182902950516	0
81.494648683968	-8.9348299364804	0
87.806864548488	-15.411156460564	0
88.141246685197	-14.740418881841	0
81.025377551962	-18.580478560863	0
81.246809193482	-19.27109152575	0
87.150520306632	-7.9545093103134	0
87.147852270834	-8.6930249813561	0
87.834368388688	-8.1704494427577	0
81.119421977525	-2.3483569658803	0
80.747505969453	-1.5983569658803	0
80.375589961382	-2.25	0
82.699171582048	-7.8919742182968	0
82.894797701458	-7.2225103452006	0
81.551180847511	-20	0
82.118725201553	-19.27109152575	0
84.063804197236	-19.190296813852	0
83.45599038791	-18.671229817773	0
83.559115062399	-19.480933003921	0
86.008050501295	-15.668375070889	0
85.49909014449	-15.118229937255	0
86.665731896311	-12.911905653255	0
85.405498803973	-7.8733670535281	0
82.90116439478	-6.4568985926083	0
85.38207846698	-10.499191103629	0
84.948544293907	-10.007853721064	0
84.723756786212	-10.643130475298	0
85.105682530203	-9.3717154676787	0
86.035435081726	-9.1704995991536	0
85.534251637254	-8.6783007174369	0
82.992260710034	-5.5009069900135	0
79.641019224307	-5.3726282733655	0
79.314189352584	-5.9567310435583	0
79.963843671082	-5.9367508814783	0
86.670186418539	-15.952239043981	0
87.772141929239	-17.803114437907	0
87.601662360731	-16.963609098522	0
86.946755681109	-17.533664385572	0
88.50975928626	-14.100788085578	0
89.418144973563	-14.972363083089	0
85.005688530275	-11.740139864947	0
84.548867179354	-11.274619135639	0
82.231127534336	-3.9603135640726	0
82.974959550479	-3.9603135640726	0
84.995293738415	-2.3148637814021	0
85.710498066312	-2.25	0
85.495293738415	-1.5648637814021	0
81.258879304869	-5.1366376197153	0
80.580856069852	-5.8985062033202	0
78.763148433239	-4.3800182672588	0
78.45558043414	-4.951189377771	0
79.298932904908	-4.8214373249334	0
84.873738668032	-15.69676656537	0
87.91295424255	-16.15307646277	0
83.265392305846	-16.702614899214	0
84.16872579311	-16.041648035038	0
93.11078452041	-3.8883580906763	0
92.222624238494	-3.7868977430907	0
92.122910692593	-4.675255833767	0
81.32668704463	-17.920788611899	0
84.001329025507	-17.598393833522	0
84.711170623316	-18.156424031062	0
82.663362870126	-17.195824563144	0
83.439949092548	-17.309403703271	0
86.513998068743	-19.186584862478	0
86.78267689594	-20	0
87.385914076814	-19.186584862478	0
85.627946877007	-11.544717640021	0
86.521140361374	-10.995111349975	0
86.050484443652	-10.584861567816	0
86.275271951347	-9.9495848135828	0
87.307988279199	-10.768558599967	0
88.433038204775	-11.19899050676	0
88.068727853596	-10.465687184563	0
86.335251355496	-7.672151185003	0
87.02176747335	-7.1495756464046	0
84.447360849435	-9.5156548393478	0
86.703841058399	-9.256170063341	0
87.387689140455	-9.4721101957853	0
86.885450712554	-11.728414672172	0
88.517090818158	-8.6979716298875	0
88.512739066031	-9.902542102578	0
89.198129531298	-9.691548618665	0
88.560237000811	-7.2015160364598	0
88.519758853955	-7.9594559588447	0
89.242959430281	-7.7290382235896	0
89.092513398545	-6.3137116430801	0
89.747518618054	-6.370481789794	0
89.556594439462	-5.7130951316694	0
87.809900584896	-18.595456882895	0
88.464807264517	-18.025401595846	0
95.863356187439	-8.4031164717766	0
95.514774699078	-7.5536812468818	0
94.849200291008	-8.1861841817712	0
85.385858146642	-4.1923992096057	0
84.910183802877	-4.7621935724125	0
85.82937589935	-4.7461833411133	0
80.799632149767	-3.6204604814616	0
80.17700343673	-3.6251331072106	0
80.229129617044	-4.2455935886722	0
82.687199054328	-19.480933003921	0
82.382827400299	-18.752024529671	0
88.73834049068	-16.422526515105	0
86.289448486751	-18.152712079689	0
90.478610594164	-7.4149779308752	0
90.942691635081	-6.8143614194645	0
91.710498066312	-2.25	0
92.210498066312	-3	0
85.757774154713	-3.5881944891532	0
87.168667100853	-5.9176286603082	0
86.417452772288	-6.2462283980296	0
86.957712850779	-6.5386177833728	0
84.55556895436	-5.698582277901	0
85.7801000389	-6.0915976125071	0
83.346875558551	-4.5645182845251	0
84.112051201651	-5.1447981463934	0
89.168577395623	-17.841269985729	0
89.84432252008	-17.635752137486	0
89.102793733318	-17.027541302614	0
96.184446833292	-18.662918524288	0
96.400194526278	-17.979541279759	0
95.417068887371	-18.002199732457	0
89.414085615137	-16.217008666862	0
89.916950048162	-8.710184737827	0
89.957428195018	-7.9522448154421	0
88.305258199648	-5.9331715153035	0
88.49618237824	-6.590558173428	0
91.330750322327	-9.8059744493824	0
91.440649607716	-10.511703666281	0
92.210251659341	-9.9278789004665	0
93.235462769528	-8.400530890048	0
93.982870413246	-8.490358142221	0
85.991054288973	-5.4706084894425	0
86.466728632738	-4.9008141266357	0
90.476702323292	-15.989180226587	0
90.112249080655	-15.384165439078	0
90.503673677758	-17.888981500006	0
90.437890015453	-17.075252816891	0
87.772981801915	-6.8209759086832	0
87.491310423386	-3.9915156780592	0
86.757774154713	-3.5881944891532	0
87.038586511788	-4.5797101672124	0
87.200264901411	-5.3041353155416	0
87.740524979902	-5.5965247008849	0
88.491310423386	-3.9915156780592	0
88.210498066312	-3	0
88.710498066312	-2.25	0
87.710498066312	-2.25	0
89.941017719053	-5.0847382728868	0
86.210498066312	-3	0
90.452593094905	-4.4867033767859	0
91.222624238494	-3.7868977430907	0
90.723175034824	-5.1718303822824	0
91.044798518044	-5.9647811088529	0
91.556373893896	-5.366746212752	0
91.775890494153	-7.0092772499342	0
92.339793563201	-7.5079760065381	0
92.441900446164	-6.6583956959265	0
92.444534175813	-5.4682065603376	0
86.210498066312	0	0
85.710498066312	-0.75	0
86.710498066312	-0.75	0
89.710498066312	-0.75	0
88.710498066312	-0.75	0
89.210498066312	-1.5	0
90.210498066312	0	0
90.710498066312	-0.75	0
87.710498066312	-0.75	0
87.210498066312	-1.5	0
89.507526038648	-12.481591244895	0
88.768533580964	-11.732253740471	0
88.411291088064	-12.251199426588	0
91.887067992571	-8.5405036220566	0
92.553077944582	-8.189622068049	0
91.710498066312	-0.75	0
91.210498066312	-1.5	0
91.365885593425	-9.0777705066235	0
91.152601212045	-8.3961244451126	0
97.125350500672	-5.9375305753417	0
97.817373805038	-5.4095553087291	0
97.089194836185	-5.1726318084531	0
92.892404245187	-6.0642951188441	0
94.201838632966	-19.406554792723	0
94.915621081485	-19.342788488493	0
94.487538745867	-18.749343281216	0
102.62112025179	-19.205787822881	0
101.74920424371	-19.205787822881	0
102.47716504123	-20	0
97.655709664437	-7.5813326459301	0
98.318009101446	-6.7832529152953	0
97.191230032516	-6.9725338062524	0
96.651259316818	-3.6118359299896	0
96.936619353937	-4.4341642009099	0
97.495858103431	-3.8223282709203	0
95.651259316818	-3.6118359299896	0
95.351415774757	-4.3655105937607	0
96.210498066312	-3	0
95.710498066312	-2.25	0
95.768652972167	-5.6746476738254	0
96.038130606745	-6.2430588584467	0
94.875472697352	-5.0780188000637	0
95.616077489919	-4.9361800662822	0
96.244596049572	-4.9621394675225	0
96.463051063664	-6.7356103059765	0
98.381043859854	-4.4442407141225	0
98.095683822735	-3.6219124432023	0
88.078579412093	-19.408872020417	0
91.13605348097	-16.242409589107	0
88.950495420164	-19.408872020417	0
89.65426555127	-19.2247404103	0
89.20633605128	-18.633612430718	0
92.77822209054	-17.959492915922	0
92.231224662386	-17.368155289189	0
91.644238601284	-17.919819806145	0
97.815479820607	-18.193072660342	0
97.790885051378	-17.406208243669	0
97.142977702969	-17.853395654917	0
91.00814236923	-12.559105591867	0
90.485100315596	-11.85257602815	0
90.387810585183	-12.669175122496	0
88.210498066312	0	0
89.710498066312	-2.25	0
86.710498066312	-2.25	0
92.210498066312	0	0
92.710498066312	-0.75	0
93.710498066312	-0.75	0
90.710498066312	-2.25	0
94.210498066312	0	0
94.710498066312	-0.75	0
94.331451901607	-9.3397933671158	0
96.10401013859	-7.2780620893575	0
95.710498066312	-0.75	0
95.210498066312	-1.5	0
101.01039600897	-4.9696431468004	0
100.87708740109	-5.7124612646793	0
100.22002008862	-4.6361503368047	0
99.595683822735	-4.0956329722089	0
99.605205845045	-4.7843422510004	0
98.235508771016	-5.0064867737575	0
98.83533449032	-4.8060709460396	0
99.710498066312	-2.25	0
90.526181559341	-19.2247404103	0
90.270340928226	-20	0
95.037601076583	-16.619732023164	0
93.903796862226	-16.664234978684	0
94.499012366	-17.363325443447	0
102.21049806631	-3	0
101.50087398666	-3.8072133390023	0
102.50087398666	-3.8072133390023	0
101.00087398666	-4.280933868009	0
98.210498066312	0	0
97.710498066312	-0.75	0
98.710498066312	-0.75	0
108.21049806631	-3	0
107.71049806631	-3.6478441014217	0
103.15427150589	-3.8121971569693	0
103.65427150589	-4.281516536783	0
103.71049806631	-3.4693193798137	0
99.710498066312	-0.75	0
99.210498066312	-1.5	0
88.526508912083	-20	0
96.210498066312	0	0
96.710498066312	-0.75	0
94.710498066312	-2.25	0
99.095683822735	-3.6219124432023	0
98.210498066312	-3	0
98.271664435503	-5.7713855406461	0
100.21464105959	-6.0844644235257	0
100.86218634975	-6.4720660726088	0
100.53881331908	-7.4609256396691	0
101.51375690262	-7.7758689233518	0
101.17468359179	-7.159012515138	0
99.459670756207	-5.3465883106353	0
104.71049806631	-3.4693193798137	0
100.21049806631	0	0
100.71049806631	-0.75	0
101.71049806631	-0.75	0
98.710498066312	-2.25	0
103.92139604285	-6.4578768294726	0
103.61855599987	-5.7780268832106	0
103.32945397641	-6.9257538444333	0
105.00259711803	-4.281516536783	0
102.21049806631	0	0
102.71049806631	-0.75	0
106.58090890103	-5.1613835623938	0
105.65779090133	-5.394495274699	0
106.44400363261	-5.9314845231542	0
118.21049806631	-3	0
117.7190068535	-3.5056649798617	0
118.7190068535	-3.5056649798617	0
103.71049806631	-0.75	0
103.21049806631	-1.5	0
101.83712993329	-6.7870093562915	0
102.58812055438	-6.859929848496	0
100.13625365029	-8.3066778500003	0
99.797180339458	-7.6898214417865	0
102.89096059735	-7.539779794758	0
103.65427150589	-4.9672720910942	0
103.06232943945	-5.435149106055	0
96.55383823487	-8.6081920098243	0
97.300990793561	-9.1161641409393	0
97.276083154198	-8.2785856680022	0
103.49791667186	-9.4719691556738	0
103.96731307344	-8.3929520110431	0
103.1628976178	-8.684620935326	0
104.37570001697	-7.6410377266836	0
105.31999582373	-6.9205339490657	0
104.57658982615	-6.8851000130773	0
109.33417350268	-5.058427102368	0
108.59210761501	-5.0025773170862	0
102.42156419577	-8.6187969393887	0
101.78569392307	-8.9207100639198	0
112.37595995689	-14.745393162799	0
111.64534399158	-15.376514212521	0
112.5086430311	-15.637451994738	0
104.71071907102	-8.4283859470314	0
101.53167281755	-9.5771823149919	0
100.86409735794	-10.023951215537	0
102.0259257566	-10.210406980502	0
103.30682930743	-10.2000681965	0
104.11124476307	-9.9083992722167	0
102.44464742624	-4.6194104959717	0
104.21049806631	-4.6243943139386	0
105.00259711803	-4.9672720910942	0
104.86569184961	-5.7373730518546	0
107.71049806631	-2.25	0
106.63264213059	-6.8647065915001	0
106.43175232141	-7.6206443051064	0
107.55576013028	-6.6315948791949	0
104.92510965778	-10.484750136031	0
105.11619702221	-9.7566510952053	0
105.49461145685	-8.3672804742547	0
105.08622451332	-9.1191947586142	0
108.35905789599	-6.6371416894348	0
108.60197234712	-7.465560160112	0
107.7888098493	-4.9970305068462	0
107.00259711803	-4.460041258391	0
104.21049806631	0	0
104.71049806631	-0.75	0
105.71049806631	-0.75	0
102.71049806631	-2.25	0
102.91364574689	-11.401799699095	0
102.30031765567	-10.965369582552	0
112.79677803754	-6.0177171587569	0
112.5189965119	-6.6799306810757	0
113.17395442787	-6.565300805849	0
95.888263826801	-9.2406949447137	0
95.728028724773	-9.9429385963109	0
96.418510772204	-10.148014134359	0
113.56797248344	-7.4812359232607	0
113.84575400908	-6.8190224009419	0
119.5847423416	-7.2815719919823	0
120.55037237987	-7.3942757170343	0
120.1340030005	-6.7686267382122	0
113.71049806631	-3.4716770063583	0
114.21049806631	-3	0
106.21049806631	0	0
106.71049806631	-0.75	0
109.10260480712	-8.0366741907271	0
108.24503108826	-8.1359309781558	0
116.02314305696	-6.6982973791792	0
116.77440928887	-7.2129343085428	0
117.0305307114	-6.4849801753144	0
107.71049806631	-0.75	0
107.21049806631	-1.5	0
115.37571664775	-6.9804706377673	0
114.61209186286	-7.1348236407403	0
115.00339684954	-7.5806045153806	0
111.37961892743	-5.4154491904762	0
111.60604687453	-4.5496696725561	0
110.77516773565	-5.1608241095883	0
108.170419398	-5.703919621089	0
111.71049806631	-2.25	0
112.21049806631	-3	0
116.77301841787	-3.6784192394473	0
111.97229017764	-7.1455501707913	0
112.34946656797	-7.6931338178834	0
110.1216848151	-5.2169957004577	0
110.45256395398	-3.7036938867035	0
110.21049806631	-3	0
111.71049806631	-3.902147376722	0
112.71049806631	-3.902147376722	0
111.10604687453	-3.6475222958341	0
114.56270745459	-4.5336316974878	0
113.83111700991	-4.9232206481234	0
106.8072577637	-8.3114531166891	0
121.33957074835	-5.350434982822	0
121.31935279953	-4.6330715392294	0
120.23071601513	-5.0064756879424	0
107.5302716609	-8.2574999096084	0
108.03090412089	-8.8286139402235	0
110.66372849137	-6.6763981576176	0
110.11913163008	-7.346248030205	0
110.21049806631	0	0
109.71049806631	-0.75	0
110.71049806631	-0.75	0
121.47511456819	-15.841796751933	0
122.59048301484	-16.152219850195	0
122.56925345064	-15.463287336407	0
118.52548885407	-7.4988079669162	0
118.47508495277	-6.8277700589191	0
117.83220084461	-7.6706550126751	0
111.71049806631	-0.75	0
111.21049806631	-1.5	0
108.21049806631	0	0
108.71049806631	-0.75	0
106.71049806631	-2.25	0
115.59709066117	-5.5471263141049	0
116.30740162445	-5.1635908624227	0
115.62522780614	-4.7403739305768	0
113.01718070972	-7.9233623426285	0
113.68898029093	-8.1770839377214	0
119.03157373469	-5.9548769072976	0
119.70965346309	-6.1898810723475	0
119.57285423554	-5.488834966485	0
121.81935279953	-3.9885154170545	0
120.71049806631	-3.6445561221749	0
112.83111700991	-5.3536910184871	0
113.21049806631	-4.3738243830802	0
119.55263628673	-4.7714715228924	0
114.75326622123	-8.1184472894098	0
115.51689100612	-7.9640942864368	0
120.67465365697	-8.9748794796563	0
121.4367523587	-9.2403869225358	0
120.7632104227	-8.1727284136839	0
112.21049806631	0	0
112.71049806631	-0.75	0
113.71049806631	-0.75	0
110.71049806631	-2.25	0
119.2190068535	-4.1502211020366	0
119.71049806631	-3.6445561221749	0
118.56114507392	-4.6325803805792	0
104.70964355205	-11.085435818921	0
105.71459581119	-10.93368764191	0
120.21049806631	-3	0
119.71049806631	-2.25	0
116.90542632732	-4.7805813390829	0
116.87728918235	-5.587333722611	0
117.62855541427	-6.1019706519747	0
117.28152720506	-4.1840842193089	0
120.67528350135	-6.3025847973995	0
121.70858969999	-6.5983799655499	0
121.28424016258	-6.0196342996852	0
122.21049806631	-3	0
122.81935279953	-3.9885154170545	0
118.18504419618	-5.2290775003532	0
117.85141476296	-4.6078270794973	0
122.37287694699	-5.6462301509723	0
121.31247108159	-7.6597831599138	0
107.22042059644	-9.5472761633797	0
106.59313079634	-9.0041360787568	0
106.49740669924	-9.6012293704604	0
109.94258734634	-8.32172656835	0
109.58564608747	-8.9920973863938	0
118.33828572523	-6.1267239530565	0
116.25877390001	-9.3864954951511	0
115.90178467832	-8.4154223731943	0
115.6237495995	-9.4730101824228	0
115.63183807028	-6.2525165045389	0
117.15930296106	-7.6642623953003	0
117.20970686237	-8.3353003032974	0
118.17140865298	-9.7907960042071	0
118.45441415366	-8.6964695101628	0
117.59959924524	-9.4360194147166	0
114.21049806631	0	0
114.71049806631	-0.75	0
117.71049806631	-0.75	0
116.71049806631	-0.75	0
117.21049806631	-1.5	0
114.2710295637	-11.170852511342	0
114.79550456389	-11.561985514715	0
115.71049806631	-0.75	0
115.21049806631	-1.5	0
118.21049806631	0	0
118.71049806631	-0.75	0
113.05195657494	-11.459847838261	0
112.81959203485	-12.318632229734	0
107.76507992083	-12.191448408798	0
107.52939548976	-11.463783062945	0
107.00005523633	-12.026547425918	0
119.71049806631	-0.75	0
119.21049806631	-1.5	0
118.94185823344	-8.1244569457383	0
116.77675463294	-11.098965645605	0
116.72434065891	-12.168543119169	0
117.26417977054	-11.599923382325	0
123.61360563112	-5.0379372127579	0
124.26082487263	-5.4656611454379	0
124.33834890234	-4.7611923844561	0
119.51366764119	-8.4792335352289	0
120.18720957718	-9.5468920440807	0
121.97309950856	-9.705562998996	0
122.86824843604	-6.6996382967338	0
121.92142774282	-7.3768326621995	0
123.35029041186	-10.117656310273	0
122.82591550359	-10.539154629453	0
123.57820249129	-11.288222930243	0
125.59803310508	-4.5857236106251	0
125.7376526673	-5.2726356299053	0
126.35011762853	-4.6694429233943	0
125.30709159046	-5.8949355679099	0
126.0591761139	-5.9786548806791	0
122.92681398131	-6.0289177207876	0
122.98214456708	-5.3597184039244	0
122.20101158799	-10.876129618965	0
123.3036857836	-9.4464947156309	0
123.71415932694	-8.304124273705	0
117.84900029761	-12.027626217646	0
117.90141427164	-10.958048744082	0
123.33457918691	-12.330230453334	0
122.65426938703	-12.298110188405	0
122.93502099092	-12.918619392317	0
116.92670136169	-9.4296267973418	0
114.04203460187	-9.1810571568081	0
115.10632053217	-9.1224205084965	0
114.20247444751	-8.5605737087776	0
117.00422524129	-14.138112032307	0
117.46124894788	-13.32241744774	0
116.75474208991	-13.485195440456	0
108.83298346455	-9.4614847533378	0
109.67296600378	-9.7465371309607	0
105.90008940803	-9.6955456224286	0
106.52737920813	-10.238685707052	0
108.1182240372	-9.5830536847904	0
110.52776994794	-10.279074293664	0
111.30827282366	-10.536612355129	0
111.20613150242	-9.5346878254812	0
112.56241144768	-9.2057181220175	0
112.47047437545	-8.3889818323441	0
111.89469730592	-8.9754895972724	0
105.11135575513	-14.422888179495	0
105.72658651746	-14.341309493085	0
105.00960340759	-13.810670544362	0
114.11385852413	-15.380086589443	0
113.47361671514	-15.668099299242	0
114.34821624287	-16.041854943669	0
112.17615909394	-5.4683208937138	0
111.34527995506	-6.079475330746	0
111.46026865788	-6.7292698608552	0
115.46330975387	-10.093493630453	0
109.77510732502	-10.748461660608	0
113.58693531023	-10.742488347057	0
112.93679353384	-10.815800847649	0
112.72920332364	-9.9453336216957	0
113.30498039317	-9.3588258567674	0
114.20882647783	-9.9206726564862	0
105.38406044625	-17.823411770066	0
105.73585419934	-17.104411410172	0
104.93934923813	-17.025037554263	0
114.1558665226	-10.52680552073	0
111.51586303387	-11.407079581082	0
112.19422458835	-10.662693112899	0
111.86757716982	-12.11140342535	0
110.98162540513	-11.985322667579	0
115.41034979863	-10.699626494697	0
115.53843814869	-11.311377533732	0
116.10882717126	-11.055834343414	0
112.28535440612	-12.89687531623	0
114.8929207313	-10.349036820771	0
115.49398193652	-11.918193363432	0
114.73708226661	-12.992453063699	0
116.54424818806	-12.831378588939	0
116.64866628288	-10.48721460657	0
117.69579545405	-15.506762338327	0
118.20376809662	-14.506901646371	0
117.20275945669	-14.975194731548	0
119.21718840687	-13.139993443841	0
119.76819477527	-12.811633419869	0
119.15140765887	-12.501948604858	0
115.64308821759	-15.027366129446	0
115.84162243299	-15.864448828687	0
116.49625259872	-15.137972724264	0
120.33005370954	-12.041313289951	0
120.39583445755	-12.679358128933	0
116.21049806631	0	0
117.71049806631	-2.25	0
114.71049806631	-2.25	0
120.21049806631	0	0
120.71049806631	-0.75	0
121.71049806631	-0.75	0
118.71049806631	-2.25	0
109.46216572172	-11.454841434568	0
108.60736177756	-10.922304271865	0
115.03731170356	-16.718065646197	0
114.39706989457	-17.006078355996	0
110.7092206019	-16.73566245508	0
110.44438786934	-17.694759620373	0
111.51319433323	-17.227670209753	0
119.10436096456	-16.557546897566	0
119.08658241421	-17.54294646581	0
119.84614948193	-17.206452269293	0
110.39485150541	-12.497129176388	0
109.67633354868	-12.197160081802	0
109.44127378491	-13.413290434879	0
111.42300022923	-13.587050946214	0
112.37501509426	-13.794279750598	0
113.43209621053	-16.975431051492	0
112.74300074984	-16.299220348964	0
112.46712252649	-16.944783746988	0
114.85578711668	-14.784973508427	0
115.7621102904	-16.59526414078	0
116.61527467153	-16.705870735597	0
112.20228979393	-17.903880912281	0
119.26538980862	-14.244073756001	0
118.77235381126	-13.712506149221	0
119.28036606313	-15.6297609771	0
118.52079899541	-15.966255173616	0
115.11912770955	-19.484678146528	0
115.77801247018	-19.337961210983	0
115.34123501743	-18.822639357511	0
115.8109639421	-17.559487553107	0
117.51979035549	-16.434548258793	0
117.44027821289	-17.165363570887	0
114.12119167123	-17.65164175402	0
110.94297211773	-15.822532880387	0
109.87416565384	-16.289622291007	0
111.65830136534	-19.093383687523	0
112.50419913405	-19.480233224591	0
112.09425936938	-18.573616912114	0
113.04818756264	-18.290730449349	0
113.81125369744	-18.964911371119	0
113.91928412199	-18.295175371286	0
116.71990941972	-18.619351387802	0
116.64992847825	-19.337961210983	0
117.36971811991	-19.281390176819	0
116.98773079516	-17.999733200665	0
117.89224647911	-17.728410723861	0
119.99264145631	-15.510409410291	0
119.40907948715	-14.919117686341	0
110.74656564137	-13.201453020655	0
110.83622632951	-14.098857455024	0
109.31951038465	-14.715471067945	0
109.29357309866	-15.547087661369	0
110.13385445566	-14.544876122889	0
110.81028904352	-14.930474048448	0
111.19632512194	-20	0
110.78638535727	-19.093383687523	0
115.54314256667	-18.179105740245	0
114.88425780603	-18.32582267579	0
113.37611514212	-19.480233224591	0
114.24721170148	-19.484678146528	0
116.2679411535	-18.056304234828	0
118.8696513415	-19.387318228595	0
117.99773533343	-19.387318228595	0
118.17165318651	-20	0
114.68398915423	-20	0
116.42782117037	-20	0
118.0677162749	-18.668708405414	0
121.22335921477	-19.189567718966	0
120.74384407519	-18.285493637734	0
120.30788607115	-19.095925918768	0
108.60099242792	-14.415501973359	0
106.96248439649	-15.222848336726	0
107.60928404443	-15.940112028177	0
107.83242937971	-15.000418914973	0
108.66482939671	-18.656805499087	0
108.87455398318	-17.893963644335	0
108.0868902741	-17.819815286844	0
109.05982158283	-16.460217236062	0
108.96851449928	-17.129862648896	0
108.38792194411	-16.387328019258	0
110.35042735323	-18.458860615812	0
109.88845110984	-19.365476928289	0
109.5464536219	-17.966852861139	0
112.94015713809	-20	0
123.22255169644	-16.562184515224	0
123.71280689058	-17.379119979585	0
124.17487709143	-16.59064589903	0
119.9776652018	-14.124722189192	0
106.01524102621	-16.234289322149	0
106.28383896311	-15.558034289074	0
105.5597409281	-15.629782161293	0
107.70866108966	-20	0
108.22887139268	-19.291328570798	0
107.3569553846	-19.291328570798	0
109.4524931058	-20	0
109.01653510176	-19.365476928289	0
118.52026369263	-17.834338775636	0
120.65890651813	-15.686958469597	0
120.78761994215	-14.976315178839	0
121.6593172188	-20	0
122.09527522284	-19.189567718966	0
120.68013608234	-16.375890983385	0
120.66235753198	-17.361290551629	0
121.31092968842	-14.478592422995	0
120.6446646266	-14.302043363689	0
122.00576048742	-11.809379624219	0
121.15294449239	-10.975787993762	0
120.50097494807	-13.626999433348	0
122.12841281399	-16.940693930751	0
121.5778306756	-17.454932351827	0
122.20989935719	-17.864897016856	0
123.31201031357	-14.953522008129	0
122.19664186692	-14.643098909867	0
124.29913840782	-12.858758361584	0
124.54276171221	-11.816750838493	0
123.85895409518	-11.908732134154	0
122.05368655136	-13.968827094717	0
125.20925735149	-13.99283124292	0
125.46271028804	-13.262639615035	0
124.7294930883	-13.496968693807	0
122.59705496045	-13.509916354488	0
123.27736476033	-13.542036619418	0
121.06283388234	-12.856679303431	0
118.15556669486	-13.402821334211	0
121.71134278196	-13.345409867617	0
121.60620229143	-12.397768563201	0
119.87979647541	-11.460062285671	0
120.50743615768	-11.327786994736	0
120.70268725826	-10.394536989482	0
118.75622918005	-10.218498839528	0
119.27170686112	-11.066143784929	0
119.54170124247	-9.8988910450548	0
119.09432441299	-11.779670080144	0
118.54331804459	-12.108030104116	0
107.51797696089	-16.609757441011	0
106.45995223434	-17.032663537953	0
107.95419277997	-13.698238281907	0
119.43597006308	-19.095925918768	0
119.26205220999	-18.483244147363	0
125.87872124028	-14.823302857039	0
125.14550404053	-15.057631935811	0
119.91548520266	-20	0
132.98791219862	-4.3565888512369	0
133.48791219862	-3.7350504042094	0
132.71049806631	-3.6215384470274	0
124.04568547127	-13.588949989469	0
123.7077194408	-14.180246951641	0
125.15379448954	-12.09829803262	0
124.08033102452	-15.00043537818	0
124.7497949133	-15.830906992299	0
126.58963259141	-6.5183362488961	0
126.12062333853	-7.1321079373499	0
127.08164089289	-7.0494893675623	0
125.48322819038	-7.4755074558389	0
125.97523649185	-8.006660574505	0
126.97007539866	-17.206942516337	0
126.43294245997	-16.203079022492	0
126.352100868	-16.891967043774	0
107.97924774779	-12.933767056032	0
107.21068469958	-13.518683997647	0
105.28256734013	-13.211387897932	0
105.51476500627	-12.685883813387	0
107.23859013402	-17.479879529033	0
125.24005010744	-16.647842456661	0
103.42201863708	-19.306076712399	0
102.69405783957	-18.511864535279	0
108.50858800122	-12.371002693059	0
105.79417960383	-12.106228506832	0
105.21971510789	-12.114028631356	0
108.0224999401	-10.180146976494	0
107.7095583368	-10.886526750454	0
102.4983512671	-12.940117943536	0
103.27646271147	-12.957599523823	0
102.68524553951	-12.184582665434	0
125.77718304612	-17.651705950505	0
106.50698429838	-14.61834117587	0
106.50865524453	-18.951392812988	0
107.02886554754	-18.242721383786	0
103.92886481457	-13.047156738246	0
103.74197054216	-13.802692016349	0
104.84023427524	-18.872018957079	0
104.04125585495	-18.178095669477	0
104.29393464515	-19.306076712399	0
104.66733657779	-13.292966584342	0
105.08220193147	-15.080762828152	0
104.81360399458	-15.757017861227	0
103.69444184814	-16.248276896137	0
104.17198084476	-16.797296229278	0
102.09114097393	-13.864154869842	0
101.87796645095	-14.813707096172	0
102.87639391607	-14.662687028256	0
102.35646279723	-17.149609012214	0
101.77663317521	-17.711119203001	0
102.4729890763	-17.850065454975	0
103.82018709168	-17.516296589173	0
105.63673923645	-18.951392812988	0
105.96482907351	-20	0
129.07060328741	-19.202327456952	0
128.19868727934	-19.202327456952	0
128.63464528337	-20	0
123.40314923494	-20	0
123.97674250252	-19.264861176912	0
123.10482649445	-19.264861176912	0
103.27388746159	-17.950354344493	0
104.22099705737	-20	0
102.16166314461	-16.311451007413	0
102.8580190457	-16.450397259387	0
99.861417017013	-20	0
100.73333302508	-19.431808138936	0
98.989501008941	-19.431808138936	0
100.93614924407	-11.351563053224	0
100.41928996061	-10.880640974127	0
99.997088907681	-11.575028146304	0
100.87728823564	-18.637595961817	0
103.49964219552	-15.410118891336	0
100.04189052198	-18.139062410037	0
101.05776174061	-17.913042093982	0
103.71281671851	-14.460566665006	0
99.342875597978	-17.580196895649	0
99.162402093014	-18.304750763483	0
101.16612533445	-16.50056490823	0
101.66768158292	-15.801353155402	0
100.94123546154	-17.212585651221	0
100.44725389985	-16.702487799211	0
100.0460569765	-15.709893579678	0
99.821167103589	-16.42191432267	0
99.193031634969	-16.697870814262	0
98.313543206007	-16.863559167707	0
100.88242864078	-15.002820996989	0
93.053662588606	-16.615326214389	0
91.919679099351	-16.575653104611	0
97.641041088369	-16.523882162282	0
98.290486084943	-18.872942624547	0
122.66886849041	-18.454428895878	0
124.90605676833	-18.106609423967	0
126.01810752888	-18.35073401108	0
104.3652188216	-14.550123879429	0
101.49992380197	-13.091138011453	0
96.555360415311	-16.001223806191	0
95.81257723862	-16.127369431033	0
96.375599757048	-17.192676863085	0
93.569482224495	-18.110468992206	0
92.982496163392	-18.662133509162	0
125.14698125109	-20	0
125.58293925512	-19.402818742271	0
124.71102324705	-19.402818742271	0
124.17177602379	-17.968651858608	0
124.41270050656	-18.667679919183	0
127.76193954503	-18.150242725761	0
127.32598154099	-18.947915268809	0
104.20182874711	-12.447874091817	0
106.6624845848	-12.716148230317	0
106.42680015373	-11.988482884464	0
106.13175025536	-11.416627702432	0
106.34721636109	-10.815942019542	0
104.48124334467	-11.868218785261	0
103.69175719126	-11.419281279382	0
106.9445336523	-10.721625767574	0
99.925037021558	-10.247416308617	0
99.026945340679	-13.691361351977	0
98.984610263775	-14.899067431926	0
99.462305257141	-14.221614023188	0
97.078018569941	-15.458574730229	0
94.283264673014	-18.046702687976	0
100.00929426259	-12.529929084321	0
100.29867692143	-13.514541440499	0
100.80333084997	-13.03056258158	0
94.027766082703	-13.193421471995	0
94.662820074721	-12.95082929441	0
94.640522094649	-12.271382948118	0
95.787537089556	-19.342788488493	0
96.770662728463	-19.320130035795	0
97.642578736534	-19.320130035795	0
126.45406553292	-18.947915268809	0
123.2194506288	-17.940190474802	0
95.217361734846	-15.42827896627	0
93.758004960512	-20	0
93.329922624894	-19.406554792723	0
92.014172944369	-20	0
92.538662490939	-19.255578716439	0
91.666746482867	-19.255578716439	0
95.501836976655	-20	0
91.050671105911	-18.48031912674	0
97.245668992798	-20	0
78.645015121398	-5.942600951084	0
78.967839568174	-6.5067235591967	0
74.834779178094	-5.8545430749322	0
78.516009921024	-3	0
77.845986933676	-3.7548851600482	0
78.589818949819	-3.7548851600482	0
76.759091816207	-5.605113633011	0
76.054142307937	-5.4322023795409	0
77.236411640436	-4.7157609505314	0
76.418770595498	-3.9608757904832	0
75.540681856452	-3	0
77.102154917533	-3.7548851600482	0
74.804137560819	-5.1132742728006	0
74.053017824166	-3	0
73.681101816094	-3.6419476837429	0
73.309185808023	-4.3925501252231	0
74.08365944144	-5.0251641696175	0
75.912597864523	-2.3483569658803	0
76.841769249087	-0.75	0
75.912597864523	-0.84835696588028	0
76.469853241016	-1.5983569658803	0
76.841769249087	-2.25	0
75.16876584838	-0.84835696588028	0
75.540681856452	0	0
77.58560126523	-2.25	0
77.028345888738	0	0
77.58560126523	-0.75	0
77.028345888738	-3	0
78.516009921024	0	0
83.295012863654	-20	0
82.326136602176	-18.17239820935	0
81.838470099282	-17.55100376975	0
80.616132662427	-7.0455234605457	0
79.948587223406	-4.8014571628534	0
80.25402619813	-6.482608973513	0
81.54346416591	-3.6204604814616	0
81.491337985596	-3	0
79.433171420587	-3.6251331072106	0
80.571215936443	-4.7967845371043	0
80.00367395331	-3	0
81.539421698507	-4.5807740455342	0
81.863253993668	-2.3483569658803	0
82.792425378232	-0.75	0
81.863253993668	-0.84835696588028	0
82.42050937016	-1.5983569658803	0
81.119421977525	-0.84835696588028	0
81.491337985596	0	0
84.251461722272	-2.3148637814021	0
82.979002017882	0	0
83.536257394375	-0.75	0
84.064885082621	-1.5648637814021	0
87.560889664649	-13.317602201603	0
86.993760563067	-12.360663970527	0
87.780608480892	-12.13411122052	0
88.519600938576	-12.883448724943	0
90.348755106722	-13.854218486519	0
90.480761681718	-14.744534642815	0
91.042859213813	-14.266020842508	0
91.700368955282	-13.807853480076	0
91.832375530279	-14.698169636371	0
94.523472762887	-5.8087907854753	0
94.109818637065	-10.094352068794	0
94.976148514828	-9.790178108344	0
99.206949535626	-9.1563526019469	0
98.708928191776	-8.6610657256175	0
98.521257056738	-9.2818446754465	0
94.484772115921	-11.64860059573	0
93.849718123902	-11.891192773315	0
96.942844557116	-11.920558908942	0
97.904508388981	-12.336410058106	0
97.219939502041	-11.26610893512	0
95.506395460231	-10.697497297989	0
95.766925878422	-11.439524278244	0
95.719644013093	-12.621059476241	0
96.210993804847	-12.031792983953	0
93.202919806814	-11.681916701065	0
93.358669785542	-12.304699053453	0
95.015045668477	-11.286763790277	0
93.007059544952	-10.951009269146	0
92.516011206592	-11.364515549285	0
95.021200979829	-14.404392096212	0
96.0780249182	-14.074622278044	0
95.106888001146	-13.543098000118	0
96.676153510918	-13.747539918007	0
97.408004263188	-13.636305842996	0
96.895562691787	-13.102094106939	0
96.982278667936	-10.596330087536	0
97.142513769964	-9.8940864359384	0
97.868922714816	-14.325283207389	0
97.676147162659	-15.131492370192	0
98.356474795156	-15.175023923517	0
100.25634184452	-14.722247520448	0
97.864758689292	-9.5644800941162	0
98.59325564496	-10.723254228161	0
99.249754012406	-10.440618809491	0
98.362780033142	-10.059766970446	0
98.402862223128	-8.089304777045	0
99.088554702015	-7.9638127035454	0
100.6238655244	-8.7342542989549	0
99.69456140974	-9.5839290509015	0
101.63274219606	-11.412138483097	0
97.943942499801	-11.0121812367	0
98.830916479065	-11.393033075745	0
99.492434979134	-12.059007005223	0
98.843121833976	-12.347934013762	0
99.882232544778	-8.9631501010724	0
98.566026889051	-13.002383987584	0
98.088331895685	-13.679837396322	0
101.21054114314	-12.106525655275	0
98.791834711618	-15.705276594729	0
96.590466489601	-14.608834014101	0
91.95849140719	-15.489580514307	0
92.616001148659	-15.031413151875	0
110.34811276219	-4.3512161825376	0
123.05966859679	-4.6552496429426	0
123.71049806631	-2.25	0
124.21049806631	-3	0
122.21049806631	0	0
122.71049806631	-0.75	0
123.21049806631	-1.5	0
122.71049806631	-2.25	0
124.21049806631	0	0
123.71049806631	-0.75	0
123.47751605613	-6.4131265496858	0
124.52378277396	-6.8424009721579	0
124.58234831923	-6.1716803962117	0
123.45081386357	-3.6667342258881	0
124.67360474337	-8.9372307573859	0
124.37839592728	-7.716953609313	0
124.59910353722	-9.820649808927	0
124.0559727713	-10.19556301642	0
124.45081386357	-3.6667342258881	0
127.88057410604	-5.316989201826	0
128.19117318226	-6.0328700612192	0
128.52109714253	-4.9141415839367	0
125.09803310508	-4.094458158568	0
126.61659734694	-8.4338667505595	0
127.33080923202	-8.5525983276218	0
127.32684352509	-7.7819926330785	0
127.79585277797	-7.1682209446247	0
128.43637581447	-6.7653733267354	0
116.15191530663	-7.8775795991651	0
117.90608354349	-12.74990474236	0
116.05682305047	-12.330420852219	0
115.31388946566	-12.581028833202	0
126.34337420667	-10.992702957831	0
126.27547219526	-10.33624255621	0
125.66652788775	-12.585413417822	0
125.83737635244	-11.916934384519	0
126.14629215095	-13.081275966934	0
127.13036508099	-13.746725490982	0
127.33418268069	-13.069499293769	0
125.26334013756	-9.2334791445351	0
125.90470099264	-9.6606853205895	0
126.99133425649	-9.8800296807234	0
129.94205201124	-17.819614426942	0
129.25210059353	-17.678728807098	0
129.32459670109	-18.545540533747	0
128.21049806631	-3	0
125.97920219878	-8.7772662690484	0
128.37381576406	-9.7863714065676	0
128.00304456143	-9.110814170947	0
129.31274841269	-6.6688608361714	0
128.91742800841	-7.8042117195768	0
127.02019366825	-5.8960363108915	0
127.35011762853	-4.777307833609	0
129.25004372575	-9.8803764946195	0
128.23833342081	-10.649592004396	0
132.51190794825	-4.9816309707496	0
133.28932208056	-5.0951429279316	0
131.78650203745	-4.9117241468756	0
131.25916494316	-4.4087169019556	0
130.83516891429	-5.0773641547764	0
129.25916494316	-4.3863088172	0
132.21049806631	-3	0
131.71049806631	-2.25	0
128.71049806631	-3.5991303622717	0
129.75916494316	-3.7871784549282	0
132.76433728618	-7.5092829558206	0
133.2261235388	-6.5160733719086	0
132.35153157757	-6.7133946313563	0
137.24994096955	-4.7829281278216	0
136.50695427028	-5.5098716304435	0
137.54639717352	-5.5039943690185	0
130.75380194437	-5.9810958207946	0
130.75916494316	-3.7871784549282	0
130.21049806631	-3	0
131.71049806631	-3.6215384470274	0
134.10828228793	-6.4118916403362	0
133.69547657933	-5.6160033158719	0
134.21049806631	-3	0
134.48791219862	-3.7350504042094	0
131.62612566676	-6.6434878074823	0
132.08791191939	-5.6502782235703	0
144.82363966128	-7.2038241660455	0
144.83394405784	-7.8268179723451	0
145.49023153714	-7.6904706393889	0
135.39406669739	-5.150313486773	0
134.80604754486	-4.8920757654403	0
135.71049806631	-2.25	0
136.21049806631	-3	0
130.21049806631	0	0
129.71049806631	-0.75	0
130.71049806631	-0.75	0
133.71049806631	-0.75	0
132.71049806631	-0.75	0
130.71049806631	-2.25	0
131.71049806631	-0.75	0
131.21049806631	-1.5	0
131.01742160255	-7.0442122285806	0
128.71329073959	-8.458940053466	0
129.58966333781	-8.362427562902	0
127.1698252083	-12.252199797321	0
128.15389813834	-12.917649321369	0
135.65950549513	-7.8116581829561	0
135.06801682304	-7.2447228211577	0
136.71049806631	-3.8944026946233	0
134.21049806631	0	0
134.71049806631	-0.75	0
132.21049806631	0	0
135.21049806631	-1.5	0
134.71049806631	-2.25	0
126.54213124353	-14.328714602728	0
126.47837793257	-15.393515295619	0
126.85610760488	-11.479818343032	0
129.86234418622	-14.236873703171	0
129.23117400843	-14.24980794752	0
129.44447608997	-14.883521160205	0
129.7393839933	-11.608378659949	0
130.56008822805	-11.287353806529	0
129.93526561725	-10.422572239027	0
134.46642640928	-6.9668599357723	0
134.24051966116	-7.5898245817584	0
126.89081326723	-20	0
127.73002177328	-14.316937929562	0
128.50045041518	-17.240961443701	0
127.70858626881	-16.297661234277	0
127.842781137	-17.461354704479	0
129.76055470512	-19.343213076795	0
134.93577944981	-6.0667898797355	0
130.77859448246	-13.131076634938	0
131.79319664197	-12.951489717158	0
131.37880876361	-12.293573309671	0
131.28816092257	-17.246693766128	0
131.89307081416	-17.463827092323	0
131.93083842914	-16.69953051683	0
130.63247071319	-18.348708247606	0
130.63247071319	-19.343213076795	0
131.25039330759	-19.00549517081	0
132.12230931566	-20	0
132.8103765454	-19.09942679071	0
131.93846053733	-19.09942679071	0
129.11790572534	-16.515035336896	0
130.55997460564	-17.481896520957	0
130.59774222062	-16.717599945464	0
130.37847729952	-20	0
129.97260108572	-15.911694808075	0
129.22095090737	-15.473927444678	0
133.43018332777	-19.412634731834	0
133.24633454943	-18.512061522544	0
143.82667161854	-13.421174809036	0
144.43425058835	-13.962701523422	0
144.5159509869	-12.834949879174	0
130.70078740266	-15.676492053245	0
132.21381483876	-11.423926720632	0
131.19921267925	-11.603513638411	0
131.93846053733	-18.10492196152	0
132.58113804389	-17.557758712222	0
131.79139220341	-15.875009979846	0
131.1662510685	-15.069104842457	0
133.80275657574	-18.096544747312	0
133.18294979337	-17.783336806187	0
139.86141711321	-14.185792976338	0
139.71267784429	-14.916513356506	0
140.37229969782	-15.212208972775	0
94.246224817792	-14.896754688344	0
93.269974667261	-14.056435046113	0
93.396090544173	-14.847845924049	0
93.59225129919	-15.871732794106	0
93.247676687189	-13.376988699821	0
90.030568092283	-13.188120808612	0
89.468470560187	-13.666634608919	0
92.600878370101	-13.167712627571	0
91.811362053636	-12.735563833708	0
91.712791522187	-11.188057307443	0
91.908651784049	-11.918964739362	0
88.191572271821	-13.434690407671	0
83.399299589787	-18.091603497452	0
82.894610454951	-18.382239687522	0
94.22424169773	-10.906573615475	0
93.579545084509	-10.456188874246	0
92.892636484287	-10.138787722466	0
92.782737198898	-9.4330585055665	0
90.5962835418	-9.6615952724384	0
90.833290185173	-11.066152856359	0
90.212958401125	-11.176222386988	0
89.877463024937	-10.642959153276	0
89.881814777063	-9.4383886805859	0
89.52927315536	-11.429382325067	0
125.71049806631	-3.4912654520571	0
126.71049806631	-3.4912654520571	0
126.21049806631	-3	0
127.71049806631	-3.5991303622717	0
127.21049806631	-4.0903958143288	0
126.21049806631	0	0
126.71049806631	-0.75	0
128.71049806631	-0.75	0
128.21049806631	0	0
127.71049806631	-0.75	0
132.71569708907	-10.524047167606	0
132.64375088455	-9.8654057077332	0
131.96227254987	-10.075225589499	0
133.34446142753	-8.0436831608379	0
132.4698694663	-8.2410044202856	0
140.7025609454	-17.311965477264	0
140.59644444827	-18.225120877298	0
141.39344394693	-17.628177064678	0
135.15090809318	-8.4540001762931	0
133.94605184128	-8.3215460462234	0
134.25484985955	-8.9078587553726	0
131.33945495861	-8.179013830959	0
131.33974546881	-9.0340037881382	0
131.89003583515	-8.5615941724475	0
133.2235845157	-9.5448159555712	0
134.4284407676	-9.677270085641	0
130.29148259945	-8.1795613378313	0
130.84177296579	-7.7071517221406	0
127.67582306253	-11.327968370633	0
136.46325948884	-10.264135717227	0
136.7413718334	-11.364971100149	0
137.17631591767	-10.235088130099	0
136.68755224423	-8.4449408229731	0
135.96830351339	-8.3979708921053	0
136.17895484228	-9.0872828163101	0
135.89381174416	-9.778935484475	0
135.45886765989	-10.908818454524	0
135.75221081873	-5.7052817822091	0
137.36073359319	-8.616062061011	0
137.15008226431	-7.9267501368062	0
137.74994096955	-3.8885254331983	0
140.4386655341	-7.6351731784913	0
141.12111183464	-7.7315149899846	0
141.0130665744	-7.0226471766962	0
139.07035980979	-4.6182359051718	0
138.80547987312	-5.3698902308033	0
139.58645581013	-5.2110752695786	0
137.90580914192	-7.4467664495421	0
140.21049806631	-3	0
139.71049806631	-2.25	0
135.17456301333	-9.7319655536072	0
138.50467285989	-9.4902710261111	0
138.40211055179	-8.5246481419031	0
137.92582592138	-9.0634942590521	0
139.03303337062	-8.2341451240645	0
138.45418643211	-7.8073683570055	0
138.13886927168	-5.7863561953183	0
138.65496527202	-6.3791955597251	0
132.89529317344	-11.214106838865	0
133.90971745038	-15.565697138623	0
134.13322402965	-16.320620693249	0
134.51123465476	-15.795605961691	0
137.4632959013	-9.581684945219	0
138.53673196076	-7.1562634317034	0
136.74168936985	-12.837633696866	0
136.75691193811	-12.092509704518	0
136.01309283632	-12.139142679624	0
138.92284126949	-10.033860839538	0
138.44655663908	-10.572706956687	0
139.2033425622	-6.7397974671885	0
140.6284449129	-6.3047627824707	0
140.1239227127	-5.8229748974743	0
139.82609807366	-6.4445174802065	0
138.74994096955	-3.8885254331983	0
138.21049806631	-3	0
142.65069968429	-4.8125979647122	0
141.56838380912	-4.9304946871861	0
142.33416619506	-6.9430231563636	0
142.40553458044	-7.5599860327053	0
143.04418790055	-7.3840202008795	0
139.81591002264	-7.9304531654733	0
139.76383414232	-8.6477329503709	0
141.27727946694	-8.453549937312	0
141.85168050724	-7.8410239355168	0
139.53091690656	-3.7297104719735	0
140.38880264937	-5.0713205718428	0
140.6569843148	-10.389930256598	0
140.03104747764	-9.3567499644957	0
139.60689432747	-9.9846052010646	0
142.0833548851	-9.6678890766344	0
142.54671022238	-9.0683810080419	0
141.54449280226	-9.1625669514367	0
142.66903916448	-10.520751085848	0
141.66682174436	-10.614937029243	0
145.12170082533	-11.204924681597	0
144.22270660605	-11.423319370601	0
144.80736623637	-12.075028475784	0
140.81392412966	-9.0530580059045	0
143.64145423396	-7.6705772881114	0
143.57008584858	-7.0536144117697	0
141.24266859418	-11.242792265812	0
143.73685203087	-8.4061510348758	0
144.2627499789	-8.0757452457661	0
145.56023091188	-6.4020032010058	0
146.0388119529	-6.7985153573674	0
146.11911572421	-6.1330417252838	0
141.60809665114	-11.981334085051	0
141.621481768	-12.991143343364	0
142.2658911406	-12.477608296769	0
145.41494520618	-12.61655519017	0
139.7078647624	-7.2215853521848	0
140.53091690656	-3.7297104719735	0
143.03186040872	-6.1072420396642	0
141.03091690656	-4.3185950592904	0
145.92551637475	-4.9853860389672	0
145.37662330259	-4.3987451245674	0
145.09164161103	-5.1498886545224	0
142.71049806631	-3.5888845873169	0
143.37662330259	-4.3705084573781	0
143.87662330259	-3.7816238700613	0
138.21049806631	0	0
138.71049806631	-0.75	0
139.21049806631	-1.5	0
138.71049806631	-2.25	0
140.21049806631	0	0
139.71049806631	-0.75	0
134.39989304609	-4.3712153775	0
134.17148082969	-4.9909611963592	0
128.9836488577	-13.669054654151	0
128.81929138531	-12.851755157704	0
128.55205102423	-11.421973458685	0
129.17687363502	-12.286755026186	0
128.56578076146	-14.315702111185	0
130.00662435438	-13.038160358968	0
130.42101223275	-13.696076766456	0
130.0707479605	-9.5593516411989	0
130.77256722214	-9.3764854161281	0
130.08734533064	-8.8342896717204	0
131.32314809867	-9.7590657576167	0
131.3950943032	-10.417707217489	0
129.96944924339	-7.0447597354529	0
127.09635246322	-15.708490768181	0
127.977546924	-14.897691222931	0
127.7540217414	-15.488097507404	0
128.58978072959	-15.486861689026	0
138.15957665545	-11.226110141567	0
138.33106039385	-11.890149320766	0
139.03620878707	-11.780335949313	0
141.80856259507	-15.984184973069	0
141.17056258749	-15.598138817218	0
140.86156043648	-16.328975508794	0
146.82869515125	-9.2857519015404	0
146.33812030264	-8.6435192639191	0
143.39477360938	-11.010507307435	0
143.08043902042	-11.880611101622	0
142.56170221274	-8.2820209800327	0
143.64606361729	-6.3841667059208	0
144.2433299507	-6.6707237931528	0
143.10056429558	-8.7873431052304	0
143.72186004051	-9.192511062885	0
143.81130675012	-10.063459354827	0
144.44759448541	-9.6822672844722	0
147.20187309514	-6.5231278937902	0
146.60976966436	-7.1496722203296	0
147.21394599428	-7.1432462324743	0
146.0611892486	-8.041627502351	0
146.05088485204	-7.4186336960515	0
145.20627290879	-9.1642834806775	0
145.29571961839	-10.035231772619	0
145.71049806631	-3.6171212545061	0
146.71049806631	-3.6171212545061	0
146.21049806631	-3	0
140.59825922158	-11.756327312407	0
143.09382413727	-12.890420359934	0
146.12590743648	-11.321259966198	0
145.54124780617	-10.669550861015	0
146.11071102867	-12.447531232992	0
145.8192957792	-13.207452636382	0
149.78788843178	-18.446919686109	0
149.78385240503	-19.342234043221	0
150.4365815119	-19.104685642888	0
144.62638058227	-14.753580434753	0
145.31565995063	-14.167355504891	0
146.12236027376	-14.6686096484	0
146.0813427756	-15.346766533301	0
146.69591310482	-15.057141765479	0
147.70722077291	-10.168986729861	0
148.47587266423	-10.418587837393	0
148.37164415205	-9.3038569417882	0
146.29992622954	-10.15156705722	0
150.1458462888	-7.7666226772047	0
150.07403425506	-7.086991548257	0
149.24396344217	-7.5183090388032	0
143.01212373872	-14.018172004183	0
145.93023027985	-13.877730737069	0
141.31930185641	-14.86741843705	0
142.19842050177	-14.370382918287	0
141.4001576121	-13.984453073844	0
142.93126798303	-14.901137367389	0
144.20112087057	-16.585100586944	0
145.14631601087	-17.179919087261	0
145.31170607098	-16.46761265487	0
151.70616803188	-10.654529040988	0
151.75996292006	-11.605560360036	0
152.64101332217	-10.837336981243	0
147.1632554434	-12.161073152335	0
146.75890487037	-11.570175706123	0
143.98447236899	-17.993041900008	0
144.58767664169	-18.387195465392	0
144.63893508316	-17.691560584718	0
147.07422333902	-9.9200709899358	0
153.30215813939	-11.054555978573	0
153.24836325121	-10.103524659525	0
148.60715528457	-7.2702549921943	0
148.67896731831	-7.949886121142	0
148.45938386832	-8.6260980010036	0
150.64715959526	-6.7673725866407	0
149.74527674863	-6.5190589482392	0
149.22803575964	-8.8756991085355	0
147.51453694389	-5.9874658487014	0
146.91036061397	-5.9938918365566	0
149.77171721742	-9.8313111736976	0
149.85945693369	-9.1535522329129	0
150.35874164094	-8.6775166892131	0
151.18881245383	-8.2461991986669	0
149.19577168645	-10.283768473749	0
149.8271928605	-10.561621598127	0
155.71049806631	-2.25	0
156.21049806631	-3	0
156.71049806631	-2.25	0
151.74170233078	-7.6366509485291	0
151.95459768292	-8.5475449605374	0
148.3941767716	-5.8338175257596	0
148.10266429044	-5.3045814685261	0
149.65035310349	-5.6751865661037	0
149.07722776329	-5.9948055277199	0
146.71676126452	-4.84623615024	0
147.56860712257	-4.8418954010796	0
147.06234392436	-4.2299017598518	0
140.06456093783	-16.925919321414	0
139.34864966286	-16.233805773904	0
139.18965017178	-17.216795742375	0
143.53541699075	-16.805885281493	0
143.70080705087	-16.093578849103	0
144.05574107534	-15.210860303919	0
144.93715043762	-15.415514285388	0
143.39003719552	-15.431644998468	0
153.84507760799	-8.237102637752	0
153.30883516489	-7.7507046892569	0
153.04373000296	-8.4243946588946	0
154.1859629083	-8.9609927505061	0
155.26731675465	-6.9943988088088	0
154.58394267143	-6.8739970233211	0
156.52506310929	-3.9268647324568	0
155.52506310929	-3.9268647324568	0
143.02534859929	-18.882335685406	0
142.15343259122	-18.882335685406	0
142.58530141252	-20	0
142.26733180755	-16.514692604148	0
142.04652011102	-17.239846517728	0
142.81429147452	-17.039517457232	0
142.57633395856	-15.783855912573	0
145.86964251539	-18.384770424961	0
146.3770234431	-17.873128927504	0
145.74952028357	-17.574072652644	0
143.26334685275	-18.226674075747	0
143.69521567405	-19.344338390341	0
138.32841228486	-19.222354898227	0
139.09763738023	-20	0
139.20032829293	-19.222354898227	0
143.31460529422	-17.531039195073	0
147.81679746095	-20	0
148.25275546498	-19.123224846219	0
147.38083945691	-19.123224846219	0
151.32600854978	-18.342363183888	0
140.085689902	-12.469622130079	0
139.20474389257	-13.16723624429	0
140.08274126911	-13.192483245858	0
139.1261664993	-15.339054868483	0
138.25125573326	-15.629931289444	0
132.89428134726	-15.67916731962	0
132.39630209499	-16.092143306042	0
133.033727573	-16.503687856603	0
137.88078899467	-16.197085320055	0
137.16724651331	-16.78817855068	0
137.76019641546	-17.115775425491	0
137.65830583111	-15.302334414634	0
137.73887856583	-18.075789226285	0
138.45242104719	-17.484695995659	0
153.08359544002	-9.3985491347922	0
152.54735299692	-8.9121511862972	0
152.67128895429	-5.0394563255709	0
153.38243514145	-5.2957455996979	0
153.58512159125	-4.6222027430404	0
153.74474025724	-9.6157681321224	0
153.10608722686	-7.1038887454936	0
153.9074348319	-6.916596724351	0
156.10325680685	-7.0251657501958	0
155.89364262514	-6.2153483199149	0
152.07384866076	-4.4924028801005	0
151.87116221096	-5.165945736758	0
151.99446311997	-9.5216994364351	0
154.56463879611	-10.235167563246	0
155.00586144717	-9.5803921816298	0
154.35073071949	-9.6659682752388	0
150.90242309872	-9.6331287543751	0
151.49517841272	-9.9977349801349	0
150.36816444959	-12.993528563134	0
150.20734145244	-13.815947005431	0
151.3344941169	-13.781327486202	0
153.96350354568	-13.075408201245	0
154.27383573044	-14.237404864718	0
154.67480935182	-13.095795695034	0
152.09506266221	-12.373638672098	0
151.16021737191	-12.190830731843	0
153.12866906733	-13.002692835609	0
152.52892351918	-13.587963207417	0
153.52964268871	-11.861083665925	0
154.13699261775	-11.127271344208	0
156.53809601613	-10.544946154193	0
156.06629468985	-10.082427995999	0
155.69157085007	-10.612109627831	0
152.48804503218	-6.825497946314	0
151.7222598031	-6.5241521844434	0
165.54386710753	-19.015696974891	0
164.67195109946	-19.015696974891	0
165.25511762238	-20	0
154.3811947334	-6.2271810795577	0
153.75338292236	-3.9392460085837	0
154.75338292236	-3.9392460085837	0
154.21049806631	-3	0
150.61754890259	-4.3930623117703	0
150.13988898829	-5.1833361594379	0
150.79606200313	-5.4091661389553	0
148.56234392436	-3.6127805053457	0
148.21049806631	-3	0
147.56234392436	-3.6127805053457	0
136.75102182879	-15.114265759315	0
136.09361198585	-15.277733178821	0
136.63042924958	-16.032955864751	0
135.67150839048	-16.979137270057	0
136.20832565422	-17.734359955987	0
136.50983667037	-16.951645970187	0
150.03306470745	-12.225450251072	0
140.84146939637	-20	0
141.50035642712	-19.270666232356	0
140.62844041905	-19.270666232356	0
154.88546583419	-17.065344657673	0
155.68433297337	-16.750419838512	0
155.00731719535	-16.20374179536	0
156.48024514684	-12.704240196051	0
156.73413044688	-11.74034607566	0
155.90948687631	-12.038521906416	0
154.79212334542	-11.041695250599	0
155.26392467171	-11.504213408793	0
148.44824695028	-4.6882470781378	0
147.71049806631	-2.25	0
137.12148856738	-14.547111728704	0
136.84985651835	-13.575021897573	0
137.75714052067	-13.763090552892	0
133.33677330809	-12.108862744736	0
133.83865555841	-11.20898319171	0
135.35388032033	-16.373476400287	0
135.05236930418	-17.156190386087	0
139.93755741753	-18.954454644942	0
139.16833232216	-18.176809543169	0
150.03818247965	-11.21841565898	0
149.24612955734	-12.021113490271	0
152.36810052202	-14.410381649714	0
147.19743147559	-13.269812095238	0
147.8456253173	-12.392456568369	0
146.62599610234	-13.708706779891	0
153.50748952273	-17.736664671365	0
154.0693760807	-17.38345148178	0
153.64656349819	-16.871879804107	0
156.92234843999	-14.814682743399	0
156.1071712849	-15.084594865398	0
156.62136148963	-15.6189048542	0
155.01003937166	-12.468107529184	0
157.56720517213	-13.131534224105	0
158.41517895909	-13.354886638832	0
158.15286250437	-12.629416780021	0
156.45925986234	-9.5512990932327	0
157.19198134359	-9.4320409976645	0
156.73842135001	-8.9680755685357	0
144.87662330259	-3.7816238700613	0
146.43177957296	-5.597379680195	0
142.21049806631	-3	0
141.71049806631	-3.5888845873169	0
143.70510451083	-5.7243514210472	0
144.43102812914	-5.2822619137132	0
143.81682492056	-5.0053372474566	0
144.9799212013	-5.868902828113	0
144.89961742999	-6.5343764601966	0
149.47184000295	-4.6590827389187	0
148.93778283509	-4.1963966714721	0
146.21049806631	0	0
145.71049806631	-0.75	0
146.71049806631	-0.75	0
133.1375600702	-17.142241936991	0
133.8661413318	-20	0
147.71049806631	-0.75	0
147.21049806631	-1.5	0
138.61528391469	-14.312638872046	0
137.74140824586	-10.68252032814	0
135.25096632028	-14.699862740225	0
135.13037374107	-15.618552845661	0
136.10603741656	-13.621654872678	0
155.61273469627	-9.6184625668706	0
155.39882661966	-9.0492632788633	0
136.76427164506	-18.853434328058	0
135.92594336517	-18.880925627928	0
135.60997334795	-20	0
134.554684597	-17.564835643406	0
155.74131540256	-8.4457749515969	0
157.06640359338	-8.4085706233035	0
156.33368211213	-8.5278287188717	0
157.86082353844	-5.3737833745115	0
157.05164161999	-5.4644877868169	0
159.40599754494	-7.8039091636547	0
159.94752420237	-8.4942666967016	0
160.3564890967	-7.7179984702769	0
156.06929764593	-7.8862700063646	0
156.69562351642	-7.1072195174707	0
153.08664469918	-5.991389981408	0
173.30927864461	-11.606278208276	0
172.75799231523	-11.131555987549	0
172.79821245447	-11.941447119617	0
159.03610200439	-10.888267059785	0
158.96252340126	-9.9108785584489	0
158.27999367795	-10.890018923891	0
144.21049806631	-3	0
143.71049806631	-2.25	0
144.71049806631	-2.25	0
133.63553932247	-16.729265950568	0
134.23705652685	-16.959174773636	0
133.27229197238	-15.154152588061	0
156.78640138331	-11.118000260634	0
157.16112522309	-10.588318628802	0
159.98796783331	-10.615639916123	0
159.30543811	-11.594780281565	0
157.11883993105	-14.068688418756	0
156.85652347634	-13.343218559945	0
157.82923049924	-12.136735895261	0
157.88150143567	-11.514390080235	0
157.35715965384	-11.783718550269	0
142.21049806631	0	0
142.71049806631	-0.75	0
145.21049806631	-1.5	0
144.71049806631	-0.75	0
154.00047733614	-5.5741363988775	0
154.67698517568	-5.5315366978476	0
143.71049806631	-0.75	0
143.21049806631	-1.5	0
148.21049806631	0	0
148.71049806631	-0.75	0
146.71049806631	-2.25	0
145.71049806631	-2.25	0
157.55961746537	-9.9639474724583	0
157.83877895304	-9.3807239477613	0
158.6772042862	-12.360088309987	0
157.80792283254	-10.537001578899	0
158.60172386271	-9.2464039063173	0
157.23027618898	-7.7830895377601	0
159.62907011513	-12.087461166325	0
159.28471960303	-14.352625177684	0
159.39543070318	-13.388285283284	0
158.89012519117	-13.817109089148	0
158.80692523087	-7.3127481195554	0
159.08145447676	-6.5461736869605	0
159.35783218915	-9.244652042211	0
151.39350229666	-5.9562195844256	0
149.58593697703	-3.5836161661265	0
161.88390684669	-12.617588177665	0
161.27003170847	-12.289330827511	0
161.38388821745	-13.352307359737	0
160.30832374092	-9.1587413488332	0
160.85466116068	-10.689834747866	0
160.58532505506	-9.9833215260855	0
158.1747552221	-4.6352712310045	0
158.09315397394	-3.7938410748385	0
157.29209931447	-3.841430156166	0
161.01367713832	-11.438382391671	0
160.51365850908	-12.173101573743	0
161.91037824827	-9.4447228448303	0
161.63337693413	-8.6201426675781	0
161.17501706828	-9.2329361805761	0
161.04498483179	-7.735501760118	0
160.50345817435	-7.045144227071	0
157.63303013579	-14.602998407558	0
158.02741144989	-17.132686960385	0
158.09481098714	-15.970306373175	0
157.36913910747	-16.511373319411	0
165.21049806631	-1.5	0
164.71049806631	-2.25	0
165.71049806631	-2.25	0
160.19983744374	-6.0280752944685	0
159.46632948123	-5.546608044199	0
158.72587459341	-18.314325983588	0
158.23684959962	-17.753865436365	0
157.79076456401	-18.234214453843	0
156.03187990576	-13.641394390701	0
155.32037155643	-13.630104192657	0
155.69664988592	-14.269082556551	0
159.49183123158	-15.108801494277	0
158.76624871029	-15.686534498848	0
159.47866585086	-16.013887009578	0
162.91513990803	-9.7184489661457	0
162.45678004218	-10.331242479144	0
153.88548999023	-15.367841992725	0
154.59679579637	-15.388229486514	0
155.39566293556	-15.073304667353	0
151.14282677846	-15.251471171951	0
151.99534327964	-15.774788179454	0
152.02618762092	-15.127062936002	0
154.79717181942	-19.124118174519	0
155.6132615729	-18.806011350412	0
154.74639185873	-17.930129524932	0
156.43211059122	-17.642888303722	0
156.55396195238	-16.78128544141	0
144.21049806631	0	0
142.71049806631	-2.25	0
161.61103436007	-10.806064001634	0
164.5434040101	-5.5050041480801	0
165.22094007585	-5.0838879885136	0
164.47079926808	-4.8124423977467	0
155.06794796534	-4.8661107410405	0
155.4486653626	-5.5191554217207	0
153.0422367352	-3.6829567344567	0
161.64093162973	-7.9771218451672	0
161.78790070738	-7.3042676019613	0
159.09315397394	-3.7938410748385	0
158.21049806631	-3	0
160.28001909713	-13.473925690702	0
160.75643065825	-14.484604712716	0
161.24642464034	-14.034729031597	0
163.92596934937	-10.099247928682	0
163.37956755546	-9.2127282943689	0
159.9971367436	-14.679977688413	0
159.59315397394	-4.1949838310423	0
159.71049806631	-3.4011427562038	0
162.61579601983	-11.07979012295	0
162.34822762291	-6.9038097513542	0
161.75228082497	-6.662189666305	0
163.02817064962	-13.456890067694	0
163.08082699408	-14.121284314483	0
164.11123428802	-13.897609672286	0
168.66028044312	-12.2078309388	0
168.78187305978	-11.438887678067	0
168.05841997877	-11.726418793322	0
163.05365630776	-7.1867024172595	0
163.01803642534	-6.5446244816032	0
161.44866009436	-5.6451207337025	0
160.88833317882	-6.0455785843096	0
151.24210999187	-3.8094461456438	0
152.0422367352	-3.6829567344567	0
152.21049806631	-3	0
152.71049806631	-2.25	0
151.71049806631	-2.25	0
158.66187819791	-5.326194293184	0
160.21049806631	-3	0
160.71049806631	-2.25	0
159.71049806631	-2.25	0
150.21049806631	-3	0
150.58593697703	-3.5836161661265	0
156.28460541481	-5.5499223631077	0
156.60666435745	-4.7682948886228	0
159.88542468528	-12.938409602165	0
162.32632452636	-12.080129183909	0
163.17207020848	-11.605307661418	0
160.96354228681	-15.240781029309	0
156.04921957694	-18.24312964456	0
156.09999953763	-19.437118294148	0
162.37629280972	-8.1889085094214	0
163.75836415626	-6.0305378524108	0
163.09415220345	-8.5882408930545	0
163.10170689905	-7.9452200706437	0
163.77151570149	-7.5860348008927	0
160.71049806631	-3.4011427562038	0
164.54054177375	-8.4136299306461	0
164.49249118245	-7.6551122772619	0
164.96382893019	-7.1297233373167	0
165.74886878404	-6.6041896329859	0
164.50850496403	-6.3019834431778	0
164.10498164479	-8.9690398555912	0
164.04088702275	-11.314667915579	0
163.75141552929	-12.315006976538	0
161.21049806631	-4.1107807752112	0
161.71049806631	-3.7096380190074	0
159.69023275215	-17.382239857458	0
159.48079460242	-16.761061381477	0
158.96252147929	-17.21279849013	0
156.91884855594	-18.273995247458	0
151.71049806631	-0.75	0
151.21049806631	-1.5	0
159.78026116489	-4.808095900692	0
160.39760525726	-4.4153975820574	0
152.64803825056	-17.850224037846	0
153.07085083308	-18.361795715519	0
161.71049806631	-2.25	0
161.21049806631	-1.5	0
159.71049806631	-0.75	0
159.21049806631	-1.5	0
154.21049806631	0	0
153.71049806631	-0.75	0
154.71049806631	-0.75	0
156.71049806631	-0.75	0
157.21049806631	-1.5	0
158.30446785893	-14.319226533232	0
160.20637712372	-16.183328376906	0
158.10797636787	-15.065220857874	0
164.33940514356	-12.628791328098	0
164.77530510325	-13.510695207382	0
165.05613230326	-12.906271109983	0
162.44018103534	-13.143105716134	0
162.15577229907	-18.029883580821	0
160.92392653652	-18.044783025784	0
161.51815541941	-18.509825062413	0
165.50026811079	-12.27902615364	0
165.93616807048	-13.160930032923	0
158.71574756184	-19.397337500533	0
157.84383155377	-19.397337500533	0
158.27978955781	-20	0
160.96567103837	-15.987955401209	0
162.83825501647	-17.745536985445	0
163.35998118703	-18.652345431412	0
163.44823502154	-17.902956799407	0
152.98169053115	-16.437736468599	0
153.54357708913	-16.084523279013	0
153.92525581134	-19.124118174519	0
153.06580453918	-19.237677541	0
154.79212552552	-20	0
156.9719155457	-19.437118294148	0
156.53595754166	-20	0
161.39760525726	-4.723892844861	0
150.71049806631	-2.25	0
152.71049806631	-0.75	0
153.21049806631	-1.5	0
150.81383447226	-16.613506935173	0
150.14706908149	-17.211025136771	0
151.10738292941	-17.611853084177	0
155.71049806631	-0.75	0
155.21049806631	-1.5	0
152.21049806631	0	0
153.71049806631	-2.25	0
158.71049806631	-2.25	0
157.71049806631	-2.25	0
160.21049806631	0	0
160.71049806631	-0.75	0
161.71049806631	-0.75	0
156.21049806631	0	0
154.71049806631	-2.25	0
160.02362157395	-20	0
160.59092361944	-19.262362253688	0
159.71900761137	-19.262362253688	0
160.88502464573	-17.247672146499	0
160.24740776607	-17.727613628091	0
157.40787354973	-18.83445579468	0
161.64218980882	-16.305124798902	0
153.2206170232	-14.933698657217	0
152.42941263019	-17.119713938136	0
151.99277394055	-17.74484498229	0
152.32642622114	-16.332357413042	0
153.04829350938	-20	0
151.44306537868	-16.456765648991	0
150.48275153076	-16.055937701585	0
147.88596045877	-17.230189738353	0
148.61655163229	-17.836172312298	0
148.68571463011	-16.819912358214	0
150.03851262656	-14.67400436795	0
149.07218295926	-13.886205444883	0
145.88234557791	-16.010332785705	0
148.91193639696	-19.342234043221	0
148.47597839293	-18.46545888944	0
147.03684933611	-17.654440423812	0
147.10601233394	-16.638180469728	0
149.92846167114	-17.817633108967	0
149.27573256426	-18.055181509301	0
149.56062947709	-20	0
149.63491321398	-16.819286959963	0
148.90432204047	-16.213304386017	0
149.37843737886	-15.478470897585	0
148.42923879499	-15.479096295835	0
146.45589840897	-16.398864902783	0
150.51359587204	-15.408212458132	0
148.52623053512	-12.155932853914	0
148.56040656731	-13.264671796818	0
147.30500953163	-15.974614217324	0
147.34602702979	-15.296457332423	0
147.82014236818	-14.56162384399	0
148.39157774144	-14.122729159337	0
147.30836597624	-13.940090195925	0
130.63431431429	-14.329789979141	0
131.72491911504	-14.528307905742	0
134.60910495475	-14.417389503686	0
134.0555577739	-13.737475077964	0
133.73418089465	-14.360767981342	0
132.18680803731	-13.734923299022	0
132.71874479153	-14.474238162339	0
135.57234319953	-14.076569836847	0
139.72026184505	-11.731080310839	0
140.74236312264	-13.488178862127	0
139.54877810665	-11.067041131641	0
138.34365186566	-13.340549040915	0
137.46996836694	-12.063462117391	0
138.34660049856	-12.617687925136	0
147.17845185121	-11.034801885541	0
148.53134830732	-11.148898261822	0
150.61412801062	-10.765958358928	0
141.94040361389	-18.153001917762	0
137.35380536409	-20	0
137.45649627679	-19.222354898227	0
144.92934185475	-8.5623917191094	0
145.77746698773	-8.9153562072565	0
147.92410429288	-7.109266990234	0
148.48910041674	-6.6776899078952	0
135.13900298056	-12.494002884776	0
135.15422554882	-11.748878892428	0
135.46417605103	-13.33918163614	0
134.58477780413	-11.263678659676	0
134.60530876353	-12.948917848945	0
133.73038470343	-12.8922963266	0
132.78702231846	-12.897419973755	0
166.42683178276	-13.710693963543	0
165.98269597522	-14.337938919886	0
165.50412281575	-9.1455311787844	0
164.82595712576	-9.0381173319604	0
165.06856268679	-9.7009411037295	0
164.6324691987	-10.918230148517	0
165.21181451952	-11.627929463637	0
165.77506253612	-10.519923323564	0
166.36179950424	-10.852908174024	0
166.3334653449	-10.141339801013	0
166.06959437844	-4.6448326409441	0
166.14219912047	-5.3373943912776	0
165.17941670007	-3.6956631190901	0
164.21049806631	-3	0
164.17941670007	-3.6956631190901	0
166.17941670007	-3.6956631190901	0
166.21049806631	-3	0
177.71049806631	-0.75	0
176.71049806631	-0.75	0
177.21049806631	-1.5	0
166.77990290841	-6.9162225073447	0
166.32457894224	-6.0884826132059	0
167.10067574469	-3.949169521854	0
169.21773480351	-7.7908143853756	0
168.37931702674	-8.0481788964982	0
167.80123730648	-4.7224673404395	0
167.9110596281	-3.7732978185855	0
166.34857958716	-9.4312844499905	0
166.93531655528	-9.7642693004503	0
166.71049806631	-2.25	0
169.71049806631	-2.25	0
169.21049806631	-1.5	0
167.71049806631	-0.75	0
167.21049806631	-1.5	0
168.21049806631	0	0
168.71049806631	-0.75	0
169.71049806631	-0.75	0
163.50188063432	-4.1167792786566	0
162.71049806631	-3.7096380190074	0
162.21049806631	-3	0
162.21049806631	0	0
162.71049806631	-0.75	0
164.71049806631	-0.75	0
164.21049806631	0	0
163.71049806631	-0.75	0
161.86029977856	-14.362986381751	0
162.40463041311	-15.285766379013	0
162.54209399021	-14.603344707152	0
163.00646673787	-16.261136528927	0
162.32467252622	-16.020778203526	0
166.27110620548	-15.596282265226	0
165.31862515999	-14.72485338479	0
165.11637167797	-15.433432799511	0
159.28304960733	-18.659699754221	0
159.72913464294	-18.179350736743	0
144.32913342866	-20	0
144.56713168212	-19.344338390341	0
146.72101356389	-19.341913349911	0
147.15697156793	-18.46513819613	0
132.4701599765	-9.0959943774648	0
163.47058832929	-12.919431073937	0
166.09185028674	-11.882588386577	0
164.82796144771	-14.17508945417	0
165.51477665404	-17.168127814865	0
165.16635457702	-16.335051361322	0
164.61227850759	-17.198317496239	0
167.19161490204	-14.72307993373	0
167.14508699731	-13.546071046768	0
169.37425684676	-19.11590481162	0
170.05065566677	-19.502415666846	0
169.81021485079	-18.618320478466	0
171.13871555795	-18.893419132071	0
170.92257167484	-19.502415666846	0
171.57467356198	-19.391003465225	0
172.45921394217	-8.1840405414342	0
172.76862505833	-7.7292676864571	0
171.98478222404	-7.9304250708294	0
167.62253876794	-9.5850134155576	0
167.6376530102	-8.8749580645349	0
167.15856562007	-12.514523565318	0
167.42851483757	-11.484843352764	0
166.65025309552	-11.504004864027	0
165.09689684613	-10.41250947674	0
171.33974482913	-10.685535349163	0
170.88447947656	-9.9951661307929	0
170.34486143127	-10.621814807576	0
168.9110596281	-3.7732978185855	0
167.55010745422	-10.715900092031	0
168.25244390914	-9.8265888561156	0
169.03480433706	-10.444460560897	0
169.8430639336	-7.6141401334805	0
169.05908796071	-7.223981361459	0
167.69209481408	-8.2274347813909	0
166.10597402613	-8.7684606782215	0
166.57731177387	-8.2430717382762	0
165.73285500246	-7.95731846707	0
145.2215943963	-19.042857075051	0
145.84909755582	-19.341913349911	0
146.0729654448	-20	0
169.63666480141	-10.925872706375	0
170.09193015398	-11.616241924745	0
171.52352645446	-11.389454462418	0
172.06314449975	-10.762805785635	0
169.2534912225	-12.646499688051	0
168.5300381415	-12.934030803306	0
170.83854094214	-8.2830855416018	0
170.78248359329	-9.1583217575061	0
170.29869268102	-14.473786055246	0
170.92129205765	-13.567556412599	0
169.91281767013	-13.851029223699	0
173.3871503359	-13.631177193757	0
172.66561979451	-12.652885110037	0
172.70327134655	-13.86789296345	0
170.54527567452	-7.4927013640543	0
171.38210584027	-7.594813748259	0
170.17414175017	-4.9013397409148	0
170.71173461385	-5.7927360855299	0
170.74809092999	-4.7331991731387	0
172.11433346513	-12.17816288931	0
171.3909337945	-12.100892452838	0
170.6677719153	-12.128491803499	0
169.95957528544	-12.432549702298	0
176.56238591862	-14.324366195983	0
175.95171668484	-14.936795996344	0
176.80622972438	-15.070192543173	0
167.92334873936	-13.526909535506	0
169.82933298382	-13.158749566804	0
171.25857892596	-12.917200230391	0
173.8137092567	-11.951352993544	0
173.77348911746	-11.141461861476	0
168.51655951874	-13.965578284756	0
169.20673360719	-14.064979209452	0
168.60004420504	-14.657857941651	0
171.64445393685	-13.539957061938	0
173.81329429599	-15.436921619354	0
174.95482979156	-15.109313920347	0
174.56633738351	-14.518577348162	0
172.23962007089	-6.9283174492753	0
171.63694368711	-6.5927061267049	0
171.69151695643	-7.1400408932819	0
167.09787055363	-15.546047042497	0
167.81612576818	-15.381424125722	0
172.36598447824	-14.518249145658	0
171.67865644135	-14.864160525973	0
172.73747385105	-15.192096427485	0
178.11978869418	-14.961680585777	0
177.5091194604	-15.574110386138	0
175.23237762779	-13.542133182525	0
174.09084213222	-13.869740881532	0
170.91133447358	-14.806788833312	0
171.28282384639	-15.48063611514	0
171.06755580346	-16.023362871823	0
170.48382778091	-16.035782952858	0
171.03588170574	-16.635881402203	0
171.83487777122	-16.080734564484	0
169.90286008606	-15.090261644413	0
169.33164844848	-15.41109294229	0
169.94429024104	-15.744095720356	0
175.32371997435	-17.75802832092	0
174.67447417366	-17.338644680148	0
174.67805997226	-18.111554694262	0
172.24242401471	-16.556439899486	0
172.45769205764	-16.013713142803	0
173.14502009453	-15.667801762487	0
173.53351250258	-16.258538334672	0
171.77736699115	-9.2220422990932	0
170.61331300334	-6.3826531120088	0
169.91110126242	-6.504091881435	0
170.38662883173	-6.9258683401377	0
166.99894963852	-20	0
167.44030684446	-19.066489094459	0
166.56839083639	-19.066489094459	0
168.50629985663	-15.480825050418	0
168.54773001161	-16.134659126361	0
170.7853342152	-17.163250928923	0
171.36906223776	-17.150830847887	0
168.50234083869	-19.11590481162	0
168.74278165466	-20	0
175.08674974206	-19.265469167517	0
174.20930135826	-18.613857985552	0
173.96874532736	-19.348388818036	0
169.79298485698	-17.440055553239	0
170.126165389	-17.955004998924	0
169.91261614332	-16.356614250736	0
168.62001982768	-17.836995456401	0
167.55798583345	-17.787579739239	0
168.07178203656	-18.182393906079	0
172.61106367797	-17.05477751778	0
171.98824939155	-17.121798939461	0
171.73770190102	-17.649168466181	0
171.45466609615	-18.230103652529	0
172.07385324995	-18.201071744103	0
176.49001451063	-16.409955535309	0
177.80357348043	-16.301443577914	0
172.44105719433	-18.739392283261	0
172.72409299919	-18.158457096913	0
173.44702623635	-17.090794765648	0
174.1153004378	-16.859914622515	0
174.7609604399	-16.506388249172	0
169.25344731712	-17.148368320737	0
173.19285161319	-17.656153805623	0
175.74552939242	-13.058602769234	0
176.15744942914	-12.440204304907	0
175.16880241322	-12.274898251568	0
176.39462375417	-18.576100986665	0
175.95866575013	-19.265469167517	0
177.02598373134	-19.310631819148	0
172.44658957006	-19.391003465225	0
173.09682931929	-19.348388818036	0
173.97427770309	-20	0
170.48661367081	-20	0
170.80256420901	-18.341515854149	0
172.23044568695	-20	0
173.56005555756	-18.194474344781	0
177.64814271865	-17.191313730797	0
177.12320513302	-17.879276182691	0
177.98687932101	-17.933301186403	0
175.75784733318	-16.33387032517	0
175.19867359732	-15.855140267536	0
176.05230135321	-17.061203516945	0
177.46194173538	-20	0
177.89789973941	-19.310631819148	0
176.05588715181	-17.834113531059	0
179.48910465764	-17.759752400652	0
180.21093977295	-17.427323649626	0
179.23365202195	-16.912909983483	0
180.31890356632	-13.724207705153	0
179.29261150069	-13.325768850622	0
179.87558815172	-14.342566152057	0
175.71810971924	-20	0
176.22102464372	-13.707439235864	0
177.07553768326	-13.840835782693	0
178.83598725814	-14.704862863134	0
178.13309752213	-14.200945020169	0
178.83617349766	-12.807196324159	0
179.27948891226	-12.188837877255	0
172.51459148062	-9.5568261354004	0
172.5742106899	-10.427636874294	0
173.2094392961	-9.9255763373146	0
172.41259559735	-8.7199817621136	0
170.82127578253	-4.0744153430107	0
171.35886864621	-4.9658116876258	0
167.98361712825	-5.4735555623678	0
168.12078335061	-6.2913809238903	0
168.74878741225	-5.3644209986935	0
178.66724766842	-16.355468581625	0
179.38908278373	-16.0230398306	0
181.28343998028	-18.33008942717	0
181.81083947273	-17.619985277088	0
180.99379190108	-17.564061916712	0
178.76329033297	-17.953124139117	0
179.74057808397	-18.46753780526	0
180.27204108412	-19.137083033397	0
179.54622675945	-19.330454771863	0
173.8473946299	-8.9106538930048	0
173.735268066	-9.6140784166379	0
174.43284260907	-9.4699667112219	0
187.40578800545	-11.12567131132	0
187.7458410512	-10.447684761349	0
187.00169812033	-10.594494618984	0
173.23948143981	-7.4449301116532	0
172.76504972168	-7.1913146410484	0
175.03701762365	-8.2515016562077	0
175.6168985531	-9.298057593966	0
176.10894700378	-8.7830170625849	0
173.15410248825	-4.5241886905343	0
173.69299160971	-4.4297042570559	0
173.29314718786	-3.9950428080869	0
172.29125191223	-5.7982641900731	0
171.84157040828	-5.4200706076009	0
171.73536529762	-6.002789100226	0
171.71049806631	-2.25	0
172.21049806631	-3	0
172.71049806631	-2.25	0
175.50477198919	-10.001482117599	0
174.44276716506	-8.1020771453648	0
173.7918109668	-7.7102476301014	0
173.89401297472	-8.3747126723254	0
174.51740105302	-12.18991668132	0
174.92932108974	-11.571518216993	0
177.08939172426	-10.931488125239	0
177.70006520924	-11.333261774	0
182.13181550479	-16.058590225224	0
182.64142405627	-16.868152869435	0
183.25204816753	-16.07278532803	0
179.86227932377	-15.103301717665	0
180.42868367731	-15.660743119523	0
178.3666129062	-11.151692824329	0
179.0536176313	-10.901955606888	0
178.59717962827	-10.383383080425	0
182.93107213547	-17.634180379894	0
184.38017999965	-13.778637769148	0
184.13706381208	-13.126758931471	0
183.18565633827	-13.40090874436	0
174.95071924755	-10.914945511048	0
176.13477519158	-10.743036393792	0
178.16962580069	-12.98876527383	0
177.11206596183	-12.628656036354	0
177.79173624722	-13.58401806005	0
178.23835274734	-18.641086591011	0
178.67431075138	-19.330454771863	0
180.7383392654	-16.717219499544	0
181.21153580544	-15.797481386609	0
181.14395709219	-19.137083033397	0
181.96100466383	-19.193006393773	0
176.53533898262	-11.844951518688	0
174.29931788735	-10.8299639408	0
173.79488727527	-10.484889155532	0
174.05319058018	-12.65473302812	0
167.36606473105	-17.168684711703	0
166.89561707162	-16.254626457218	0
166.5393003829	-17.218919934433	0
167.91430252217	-16.823286262025	0
168.73965111402	-16.753554153897	0
165.98522431347	-18.08218606935	0
171.91475526082	-4.761286777473	0
177.02085567172	-6.0209679967198	0
177.62120057874	-5.6145871933328	0
176.66936679011	-4.8550806359621	0
167.17323324484	-5.6494272656364	0
169.51186953432	-6.0715615067611	0
169.37470331196	-5.2537361452386	0
167.31897579041	-7.4162925702395	0
184.42892698194	-17.074782796096	0
185.19518372351	-16.606543405117	0
184.52791346057	-16.414108581263	0
181.06773038459	-4.3577489486677	0
180.21049806631	-4.7119330770311	0
181.06773038459	-5.0661172053945	0
182.3777989069	-14.550705483775	0
183.08560607095	-14.658005132928	0
182.72096536179	-13.945487932884	0
176.54453717118	-3.5200341684708	0
176.57414398659	-4.2443840847584	0
177.24010488172	-3.7243499162876	0
180.94960576766	-20	0
184.87322780399	-19.244947031263	0
184.00131179592	-19.244947031263	0
184.43726979995	-20	0
184.1807333932	-15.843359300132	0
183.67112484172	-15.033796655921	0
183.26887867594	-18.437953425036	0
182.8329206719	-19.193006393773	0
182.69343778381	-20	0
184.09946325948	-17.686121017383	0
184.76673352241	-17.878555841238	0
189.42175042377	-19.354241137999	0
189.35735277381	-18.654732176076	0
188.73245219034	-19.300491038077	0
188.5118964986	-16.85656559756	0
189.01961365457	-16.415089704155	0
188.05781619826	-15.821666064067	0
186.92740749295	-16.517961323532	0
187.00435975424	-15.869636805783	0
186.3816682049	-16.124456171843	0
184.92978828948	-6.7329825524481	0
185.05181454582	-7.4689187519691	0
185.66127383169	-6.8793430612349	0
192.06712703379	-17.152914078452	0
191.41346047481	-16.993356240858	0
191.58602608938	-17.70512927042	0
185.6775133269	-19.283947569523	0
185.24155532287	-18.528894600786	0
188.97653651385	-8.5045662715601	0
189.82078601713	-8.0721714017579	0
189.20269886823	-7.9057529267412	0
187.51207691021	-15.428160912378	0
185.70045659425	-17.019999154771	0
185.79944307288	-16.359324939938	0
181.56773038459	-3.8559665385155	0
182.48864102566	-4.4658950771744	0
182.13140870738	-3.6099285386589	0
186.1752783947	-17.670337914319	0
185.57101904533	-17.917556379498	0
186.61804350922	-14.868897155785	0
185.68863830982	-14.53301664275	0
187.67149995325	-14.820926414069	0
191.82614525644	-18.395457518362	0
191.17247869746	-18.235899680768	0
188.21049806631	-3	0
187.71049806631	-3.5387821581885	0
188.71049806631	-3.5387821581885	0
186.76078604631	-18.212886274745	0
186.54942933497	-19.283947569523	0
187.2643745355	-18.928938705222	0
187.86053618227	-19.300491038077	0
187.92493383224	-20	0
186.89022359523	-17.315329050017	0
188.07189289361	-18.229429743298	0
187.51291514456	-17.060509683958	0
188.47471260087	-17.653933324046	0
164.21387353153	-15.463622480885	0
186.18110181609	-20	0
162.24402613358	-17.280494948816	0
169.28518536271	-6.6147767348899	0
171.18726218316	-6.2145125442326	0
168.65985623262	-6.7914509867851	0
167.89468594862	-6.9005855504594	0
172.71047645237	-6.6439798744713	0
172.81668156303	-6.0612613818462	0
173.39492650664	-5.9329136028738	0
172.9757019665	-5.0871979184756	0
173.19643843164	-8.5188243777414	0
173.77379905264	-6.4947784560454	0
173.78823563016	-7.1722945846926	0
174.32612857963	-6.7600959744936	0
179.71049806631	-3.5017824101522	0
178.99125555834	-3.7184668897576	0
179.49125555834	-4.2202492999098	0
174.93481561574	-7.5870366139837	0
172.98237806635	-3.5447636207827	0
173.52126718782	-3.4502791873043	0
174.52126718782	-3.4502791873043	0
174.34430190174	-4.3180088725589	0
175.03353278024	-3.8677296852546	0
175.45262581972	-6.4694612580227	0
174.92037903823	-6.9095204853365	0
176.06131285583	-7.2964018975128	0
171.32127578253	-3.653513928749	0
170.71049806631	-3.4209014142618	0
172.57585754464	-4.6525364695067	0
176.21049806631	-3	0
176.71049806631	-2.25	0
175.71049806631	-2.25	0
173.21049806631	-1.5	0
173.71049806631	-2.25	0
171.98237806635	-3.5447636207827	0
172.09315578257	-4.1982775495316	0
169.71049806631	-3.4209014142618	0
170.21049806631	-3	0
174.20525720213	-4.8471547550062	0
174.21049806631	-3	0
175.19035694261	-5.6720206425978	0
175.46279468862	-4.9984604049292	0
174.58412974814	-5.4090196081778	0
175.54453717118	-3.5200341684708	0
175.36757188511	-4.3877638537254	0
173.93281945611	-5.5207149926748	0
175.97379907957	-4.6507648881454	0
169.4110596281	-4.1941992328473	0
176.49552700892	-7.8334278086272	0
177.02777379042	-7.3933685813134	0
178.02086237374	-4.4428168060452	0
177.99125555834	-3.7184668897576	0
177.07540793837	-8.8799837463855	0
177.78087070824	-8.4727013781814	0
180.71049806631	-3.5017824101522	0
180.21049806631	-3	0
178.08619825931	-5.1191438077825	0
178.83734893593	-5.1132607812525	0
179.71049806631	-2.25	0
170.21049806631	0	0
170.71049806631	-0.75	0
178.43768714093	-6.2850311685401	0
171.21049806631	-1.5	0
186.59972323636	-7.3444490764262	0
186.301971922	-8.1514434386489	0
187.11839507033	-7.8806132543193	0
178.21049806631	-3	0
175.71049806631	-0.75	0
175.21049806631	-1.5	0
178.34543689573	-7.3197184915606	0
178.81043457631	-6.8242751060103	0
184.21049806631	-3	0
183.71049806631	-3.4027487535865	0
184.71049806631	-3.4027487535865	0
178.21049806631	0	0
178.71049806631	-0.75	0
170.71049806631	-2.25	0
179.71049806631	-0.75	0
179.21049806631	-1.5	0
179.49125555834	-4.9286175566365	0
179.55659144391	-5.6049445583738	0
179.4646656796	-6.7829672598564	0
180.11857230201	-6.5983240352404	0
174.71049806631	-2.25	0
176.21049806631	0	0
177.71049806631	-2.25	0
179.37241543441	-7.8176545828769	0
179.79828256092	-10.706675659862	0
179.56771583885	-11.474985403767	0
183.63140870738	-4.6547104366511	0
183.00657777759	-4.883780709563	0
183.58566713652	-5.3186340688964	0
180.89007702181	-7.2511256117613	0
180.98200278611	-6.0731029102788	0
181.83923510439	-5.7189187819154	0
180.21049806631	0	0
180.71049806631	-0.75	0
178.71049806631	-2.25	0
184.21049806631	-4.4475306515788	0
183.63140870738	-4.0126772922454	0
184.71049806631	-2.25	0
183.71049806631	-2.25	0
180.24523971207	-9.7885559902069	0
180.75933791962	-10.361585787086	0
184.87487282083	-5.6164853288492	0
185.54565742802	-5.2954687566464	0
184.8812826735	-4.7685472237816	0
183.64058260517	-6.4351312924953	0
184.26541353496	-6.2060610195834	0
184.8812826735	-4.1265140793759	0
185.3812826735	-3.7237653257894	0
182.25629511901	-8.8196643285004	0
182.90410788489	-8.5650244357438	0
182.25502686755	-7.8556813153948	0
185.71049806631	-2.25	0
185.21049806631	-1.5	0
183.71049806631	-0.75	0
183.21049806631	-1.5	0
183.13140870738	-3.6099285386589	0
182.21049806631	-3	0
182.44289945479	-5.1298187094197	0
186.21049806631	-3	0
186.3812826735	-3.7237653257894	0
182.35717185632	-6.136804414304	0
182.32817356967	-7.163472954719	0
182.93183792008	-6.5743728822233	0
180.81693031969	-7.9433339724372	0
180.61647080423	-8.609906427077	0
181.40675458621	-8.7768936627912	0
189.88641569829	-9.2407076972052	0
189.12594765644	-9.1806589294536	0
189.41773969197	-9.7503818800819	0
186.47769698002	-6.6085128769053	0
187.1869895744	-5.9431124247295	0
186.24854016973	-5.4780064095381	0
187.71049806631	-2.25	0
185.56904920745	-9.2423662426411	0
186.39302978751	-9.2314027791435	0
185.99666317591	-8.6985710800396	0
187.08416541521	-3.9063029786812	0
187.58416541521	-4.4450851368697	0
184.12140759512	-7.9734515460744	0
184.54758439125	-8.6669396962518	0
184.74650579973	-8.0160463933597	0
186.21049806631	0	0
185.71049806631	-0.75	0
186.71049806631	-0.75	0
187.71049806631	-0.75	0
187.21049806631	-1.5	0
189.07913734139	-5.8445176423157	0
188.50515950533	-6.1859037434288	0
189.3737987804	-6.4827737873969	0
188.57913515464	-7.5811538425267	0
188.10798366451	-6.9488893903033	0
187.88729787481	-7.70588334432	0
188.82115308038	-5.180126777855	0
188.82115308038	-4.4450851368697	0
188.21049806631	-4.8126059573624	0
182.71049806631	-2.25	0
184.21049806631	0	0
184.71049806631	-0.75	0
186.64594335042	-12.021506864449	0
187.23582138603	-12.514016646329	0
187.25152311019	-11.764990950835	0
189.42338465793	-7.1487589727245	0
187.8133222255	-6.3106332452221	0
187.58416541521	-5.180126777855	0
186.2549500224	-4.6300683044706	0
189.68979235546	-5.4769968218231	0
186.70385408926	-13.51609760871	0
187.691317413	-13.795018155333	0
187.61770495	-13.049453106566	0
188.21049806631	0	0
188.71049806631	-0.75	0
186.71049806631	-2.25	0
192.37884981925	-4.9577364158935	0
191.71113027282	-5.7521852382418	0
192.80099393107	-5.8538948880377	0
191.24974211365	-3.9280133830488	0
190.32115308038	-3.9063029786812	0
190.36039712773	-4.83431636173	0
187.58954656045	-8.5128777065427	0
189.99736249399	-6.8073728716114	0
187.9995114081	-9.8034205906716	0
188.40360129322	-10.334597283008	0
188.50786050753	-9.0142404544369	0
187.85010026551	-9.1273279327781	0
194.55192049555	-7.4451599386032	0
193.56154991682	-7.8495412040477	0
194.49600933286	-8.2158200956976	0
198.6075044191	-6.3299798333198	0
197.70397307114	-6.0580197018641	0
197.99289546267	-6.6664042514929	0
191.65250968446	-7.6153755016911	0
191.09011137808	-7.0608508836625	0
190.60934667789	-8.0278826749675	0
191.04052550056	-6.3948656983349	0
190.38318432351	-8.6266960197864	0
192.21049806631	-3	0
192.71049806631	-2.25	0
191.71049806631	-2.25	0
189.32115308038	-3.9063029786812	0
193.33280181501	-4.0305761197779	0
192.96190952061	-4.6000343104346	0
193.83960577191	-4.4899878750327	0
191.87204586235	-4.4983246606387	0
191.83280181501	-3.5703112775899	0
190.61838138873	-5.4987072261907	0
191.13314486113	-11.000290266841	0
191.67331394851	-11.43731624663	0
192.10403252126	-10.352602624871	0
190.72962443588	-18.817355102354	0
190.48950526882	-18.127026854412	0
191.76039745661	-8.2720356335597	0
192.24116215679	-7.3050038422547	0
194.21049806631	-3	0
193.71049806631	-3.460264842188	0
190.67497635905	-9.1964189704148	0
187.08119746103	-9.3020578427774	0
188.87242448995	-11.060708476073	0
189.12609484685	-10.416444305396	0
190.4403170111	-10.947717268217	0
189.88656288869	-10.476493073147	0
190.14867216598	-11.61377969353	0
192.92734434154	-8.2909326676328	0
191.95645668141	-8.9386203096026	0
192.53475109401	-9.2678890031119	0
186.65358349256	-9.845853005379	0
185.6514980814	-10.893994905179	0
185.99961270917	-11.642636518784	0
186.31353044681	-10.52383955535	0
185.47799134195	-8.1624069021465	0
184.95999766623	-10.913845867649	0
185.27391540388	-9.7950489042153	0
180.25844587927	-9.1813902379125	0
179.66862161275	-8.3478305475585	0
185.98091454986	-13.137510258101	0
186.05452701286	-13.883075306868	0
185.98391098501	-12.391662214278	0
196.37765279407	-6.036968913382	0
197.1717847866	-5.6022772435918	0
196.46007346597	-5.2448020369366	0
190.87103558385	-9.8630036464576	0
191.36780420908	-9.2489919690389	0
185.3345839086	-12.758639912436	0
188.58535081399	-14.354281911925	0
193.19086859251	-10.378827603302	0
192.65069950513	-9.9418016235121	0
187.99566604107	-11.618181093201	0
189.89239910551	-16.649207407619	0
190.20302674265	-17.497780335237	0
190.62173189326	-16.696998505207	0
191.5956988132	-12.372497727199	0
192.56658647333	-11.724810085229	0
192.98325550422	-7.5202725105384	0
192.87536773207	-6.8636123786697	0
184.14006024722	-12.380910887647	0
184.96569877042	-14.154429292141	0
189.32196683998	-14.774352635554	0
189.43831880517	-15.614307874125	0
190.19475229092	-15.008470339018	0
189.65379728106	-12.706688770894	0
189.10004315866	-12.235464575825	0
184.19645358709	-10.561849975629	0
184.57403626461	-11.660795976593	0
181.67751079791	-13.181894021402	0
181.12187180771	-13.63330238283	0
181.45751920754	-14.289596645159	0
178.15650321227	-11.851834300463	0
178.69196891317	-9.5743270634589	0
180.02415384188	-11.99355793023	0
180.53889515668	-12.616505081395	0
180.82712208327	-11.902652607907	0
182.44048088311	-10.241342236867	0
182.89303890766	-11.131238554729	0
183.35793416091	-10.418903766711	0
178.70517508037	-8.9671613111645	0
179.01439050945	-8.3891383937124	0
178.40896890204	-8.4369853464828	0
178.09008613731	-7.8946784607293	0
181.14398319916	-11.116691240813	0
181.59094035031	-10.198571571158	0
181.65872451397	-11.739638391979	0
182.05583560356	-9.4862367831402	0
182.14220177439	-12.637314832877	0
182.45906289028	-11.851353465783	0
183.37651616808	-12.028914995627	0
184.25245058767	-9.219622357826	0
183.4139311615	-9.0766761489079	0
183.74389556253	-9.6719536577674	0
183.41266291003	-8.1126931358024	0
184.87754879228	-9.2622172051113	0
183.61158431852	-7.4617998329103	0
181.68036080379	-7.4181128474755	0
179.20577375152	-20	0
184.01429129661	-14.42857910503	0
181.8221599167	-15.002113845204	0
182.47784917422	-13.293609095207	0
189.76017248107	-18.079235756823	0
189.07087424764	-18.025485656901	0
191.84855586856	-19.463113964355	0
190.97663986049	-19.463113964355	0
191.41259786452	-20	0
189.66876584838	-20	0
190.29366643184	-19.354241137999	0
198.89950410917	-10.955973059419	0
199.52903496477	-11.31373578618	0
200.01392868036	-10.796988869424	0
193.3372608682	-16.512834555227	0
192.560365222	-16.136009875234	0
192.67145706541	-16.817965728884	0
199.22207860293	-13.62997853965	0
200.13491103391	-13.7159049663	0
199.77936372329	-12.901912819765	0
191.03550561066	-15.1189078234	0
191.10283283766	-16.14478331324	0
191.82723419221	-15.41526555905	0
192.84402267999	-17.529738758445	0
189.34178429974	-13.748444376818	0
192.87655110712	-18.254294946526	0
193.48088113874	-17.919346596958	0
194.0700283943	-17.496327354458	0
194.10255682143	-18.220883542538	0
193.77087772731	-19.321951392519	0
194.36002498287	-18.898932150019	0
191.2311666268	-13.237196978905	0
192.12443915161	-13.524690817504	0
192.493037995	-15.110134385393	0
193.27748880644	-15.045439469193	0
192.54435777665	-14.32469515301	0
190.39041330706	-13.126759494524	0
163.67514052767	-15.945682873555	0
163.62515762862	-15.044064311744	0
163.59518264078	-16.680694698068	0
161.76745359009	-20	0
162.69468539006	-19.247462808725	0
161.82276938199	-19.247462808725	0
163.94360471779	-17.513771151611	0
163.51128560623	-20	0
164.1765814032	-19.404882622687	0
163.30466539513	-19.404882622687	0
164.46533088835	-18.420579597578	0
190.21049806631	-3	0
190.71049806631	-2.25	0
193.71049806631	-2.25	0
193.21049806631	-1.5	0
191.71049806631	-0.75	0
191.21049806631	-1.5	0
192.21049806631	0	0
192.71049806631	-0.75	0
193.71049806631	-0.75	0
194.48886222004	-4.6935801397427	0
195.71049806631	-2.25	0
196.21049806631	-3	0
192.83280181501	-3.5703112775899	0
194.56732747547	-5.3694698862081	0
195.587476218	-5.0036039602614	0
194.9198378219	-11.114211016447	0
194.75125541248	-10.320737867155	0
193.9061179858	-10.761499751234	0
196.35975451444	-3.663857106898	0
196.38160821053	-4.5689122904712	0
197.2323517624	-3.9050551835732	0
196.28787201315	-7.1029414751451	0
195.57616069251	-6.7454662684899	0
198.46226605827	-5.0152100628165	0
197.93007777373	-4.5594676045442	0
197.78639374303	-5.2658528254187	0
194.21049806631	0	0
194.71049806631	-0.75	0
194.881793423	-11.788345170917	0
195.72693084968	-11.347583286838	0
194.23380387072	-6.8815996500198	0
194.15943006972	-5.8718821593879	0
193.5430872785	-6.0691635563214	0
195.71049806631	-0.75	0
195.21049806631	-1.5	0
200.19119753863	-6.6543885536397	0
199.30440331278	-6.4024883877269	0
197.90822407764	-3.654412420971	0
198.21049806631	-3	0
198.71049806631	-2.25	0
197.47177866999	-7.0930717999921	0
196.67028656843	-7.8015691551	0
199.01548092125	-5.7941038380981	0
201.45570458831	-5.1244826823894	0
200.91504316278	-4.3038687342663	0
200.75115949184	-5.0765484983858	0
198.37531001796	-7.3650319314478	0
198.90822407764	-3.654412420971	0
199.40822407764	-4.2823796961023	0
199.71049806631	-3.6279672751313	0
195.85722795016	-9.190664070363	0
196.0826796119	-8.327868529052	0
195.26092824985	-8.674234371564	0
198.79894423601	-8.4140145898076	0
200.71049806631	-3.6279672751313	0
200.21049806631	-3	0
200.71049806631	-2.25	0
199.71049806631	-2.25	0
204.36086658309	-7.037434720278	0
203.57590199748	-6.8313651323048	0
203.66101365074	-7.6384525391122	0
213.21049806631	-1.5	0
212.71049806631	-0.75	0
212.71049806631	-2.25	0
199.15916495195	-5.0877186172236	0
202.328346072	-8.293054817786	0
201.77303216373	-7.4372738329566	0
201.22532917061	-8.2979456996036	0
201.41504316278	-3.6759014591349	0
199.96143894062	-5.061273471384	0
202.00815093808	-5.5643514236856	0
202.17203460902	-4.791671659566	0
202.08393499125	-6.664772698824	0
202.80026501196	-6.3319616760006	0
202.41504316278	-3.6759014591349	0
202.21049806631	-3	0
200.50210036615	-5.8818874195071	0
203.46748951255	-4.8090154809263	0
202.96748951255	-4.1157702004311	0
200.98091808986	-6.6696635806416	0
203.71049806631	-2.25	0
200.76216916281	-9.0950281920506	0
205.33730742989	-4.402776598789	0
204.88338515184	-5.063579525718	0
206.01019451543	-5.0798655635167	0
196.21049806631	0	0
196.71049806631	-0.75	0
194.71049806631	-2.25	0
208.576362685	-10.616560209493	0
209.20940345715	-10.84980691635	0
208.95804817604	-10.092966107243	0
203.8844893053	-8.3852709552333	0
203.09952471969	-8.17920136726	0
199.71049806631	-0.75	0
199.21049806631	-1.5	0
203.50011794431	-5.7309438571664	0
204.24312649807	-5.3084189372304	0
202.21049806631	0	0
201.71049806631	-0.75	0
202.71049806631	-0.75	0
200.21049806631	0	0
200.71049806631	-0.75	0
201.78617440939	-11.296137863332	0
201.27382001341	-10.85116406347	0
201.15581393194	-11.599725396048	0
210.56074674099	-10.334997610805	0
210.06972261415	-11.014429059066	0
211.03938040695	-11.023213855771	0
201.21049806631	-1.5	0
201.71049806631	-2.25	0
203.71049806631	-0.75	0
203.21049806631	-1.5	0
202.53973332077	-10.387921899479	0
202.47796461478	-9.6909969763188	0
201.84241178487	-9.8506516075934	0
207.78498786346	-5.7763808234357	0
208.38658342889	-5.9569045151792	0
208.20575488576	-5.3100535343189	0
205.83730742989	-3.7095313182938	0
211.939193242	-6.8232503990676	0
212.51529142536	-7.3857503990676	0
212.63439988295	-6.6875	0
204.21049806631	0	0
204.71049806631	-0.75	0
202.71049806631	-2.25	0
202.55182172656	-9.039873233907	0
208.50892425875	-4.7107176646012	0
209.50892425875	-4.6417144058257	0
209.21049806631	-3.8618548443646	0
200.23051097665	-9.4547082904548	0
201.24898489271	-9.5134067828372	0
203.24914326246	-9.5771435257928	0
207.21049806631	-1.5	0
206.71049806631	-2.25	0
207.71049806631	-2.25	0
206.71922572535	-7.887653692527	0
207.08270214387	-8.5642761901924	0
207.41893242716	-7.9477162380977	0
210.29035224619	-15.465156958889	0
209.94244804352	-14.964180783784	0
209.46088989145	-15.405097664897	0
207.33730742989	-4.1749603698638	0
207.0341380569	-4.7742962395815	0
207.90732869332	-4.5301939728577	0
204.9160135836	-5.9855079019582	0
210.21158835377	-8.3416571318371	0
209.59194276962	-9.2371979742593	0
210.21073453235	-9.4306719716778	0
205.04409672986	-6.7255537611796	0
205.12920838312	-7.5326411679871	0
204.4171716796	-8.7754439216924	0
203.85568274855	-9.3161927498402	0
206.61555290722	-5.2400135816474	0
207.18557417065	-5.5952471846412	0
205.68435538363	-6.4807143496672	0
206.28971377543	-6.6408623677979	0
206.16163062917	-5.9008165085764	0
212.21049806631	0	0
211.71049806631	-0.75	0
212.4256291901	-4.7848688762101	0
213.21049806631	-4	0
212.4256291901	-3.7848688762101	0
207.71049806631	-3.46542905157	0
206.83730742989	-3.7095313182938	0
208.21049806631	-3	0
208.71049806631	-2.25	0
212.21049806631	-3	0
211.4256291901	-3.7848688762101	0
206.21049806631	-3	0
211.21049806631	-1.5	0
210.71049806631	-2.25	0
211.71049806631	-2.25	0
208.71049806631	-3.46542905157	0
210.21049806631	0	0
209.71049806631	-0.75	0
210.71049806631	-0.75	0
209.71049806631	-2.25	0
209.21049806631	-1.5	0
207.71049806631	-0.75	0
210.71049806631	-3.3964257927946	0
210.21049806631	-3	0
209.71049806631	-3.3964257927946	0
208.71049806631	-0.75	0
208.21049806631	0	0
210.9256291901	-4.1812946690047	0
210.10510368517	-4.8393912106051	0
210.82023480896	-5.2278342940205	0
211.84953100674	-5.3473688762101	0
212.63439988295	-5.5625	0
212.51529142536	-8.4482503990676	0
213.21049806631	-8.3125	0
213.21049806631	-6.125	0
211.02900550181	-6.0054654178105	0
211.26416212786	-6.6591461935386	0
211.14505367027	-7.3573965926062	0
209.82716934898	-7.0554155980181	0
210.23486593008	-6.5396116113491	0
209.59201272293	-6.40173482229	0
208.57506627421	-6.6703853066276	0
207.87411262613	-7.5237852700296	0
208.48336249375	-7.7709387723611	0
211.18039232514	-9.4394567683826	0
209.40352987762	-5.6882540308416	0
208.99583329651	-6.2040580175107	0
211.32523245046	-8.0283159636954	0
210.65020133632	-7.8642117581664	0
206.43394726927	-7.2459269746605	0
206.91122251481	-6.6660291335697	0
209.38855636644	-7.5328609716888	0
210.03140957359	-7.6707377607479	0
212.37045130005	-9.8593912037548	0
212.02043909141	-8.9550655646278	0
208.68760271836	-8.3862609350909	0
208.05370812478	-9.2420290680741	0
208.95890199746	-9.0039512674018	0
206.68028575707	-9.1465850727564	0
207.37999245887	-9.2066476183272	0
207.95756504037	-10.424403833107	0
208.20892032148	-11.181244642215	0
207.36640271378	-6.2420981655016	0
205.38568028246	-9.1052896804605	0
205.4144868392	-8.1743678858536	0
207.51063620762	-6.8471627723642	0
206.09771698598	-7.8624869267552	0
206.00087266227	-9.3451308601578	0
206.29816297727	-9.9875022882925	0
206.60443627966	-10.587568170762	0
206.27683911878	-11.176263762082	0
207.26252551597	-11.57778385715	0
203.64587002991	-10.657081160835	0
203.04612627216	-10.870711605616	0
203.51671015139	-11.299525498246	0
202.25371085611	-13.234284675847	0
202.38266925343	-13.922727114708	0
202.85191908302	-13.478528270133	0
207.65129173798	-9.8243379506381	0
207.28384937446	-10.38902238336	0
208.042743365	-12.397457656077	0
208.98913817052	-12.000918441142	0
207.8813231606	-11.769940233535	0
210.60459969986	-14.038656944056	0
209.77513734512	-13.978597650064	0
211.24800124473	-12.100079105591	0
210.49282264079	-12.377859557184	0
211.19246760541	-12.775293358743	0
188.71815959469	-11.700028115588	0
195.16826328676	-7.2478785416697	0
188.22328470977	-12.792937192952	0
177.71733870194	-7.3554345232591	0
179.29739052058	-9.5264801106885	0
177.28312454884	-6.8184086121447	0
176.33129076021	-6.0589020547741	0
198.95348909628	-9.2076782231512	0
198.77384038529	-9.9091264446483	0
199.56404653576	-9.7377779211653	0
192.90888996306	-13.459995901304	0
193.28183586662	-12.107482233162	0
193.46070171846	-12.898700707705	0
194.25356624706	-12.346191375069	0
190.91915364547	-14.278952584829	0
200.68039312125	-10.513919238713	0
200.05086226566	-10.156156511952	0
194.35988697605	-14.721766031873	0
194.91169873145	-14.160470838275	0
193.8806203435	-13.698705043211	0
209.68803712311	-11.538023161316	0
213.21049806631	-10.4375	0
212.37045130005	-10.921891203755	0
209.84945732752	-12.165540583858	0
209.79392368819	-12.84075483701	0
211.73902537157	-11.42064765733	0
199.54241527854	-18.598507386853	0
200.2539875942	-18.002209077875	0
199.53384585095	-17.865566880894	0
211.80959808068	-13.287623792302	0
211.05441947674	-13.565404243895	0
212.57907213783	-11.998756453575	0
203.33228224769	-13.032247685967	0
203.46124064501	-13.720690124828	0
212.44102400916	-13.851367338727	0
212.57907213783	-13.061256453575	0
205.90908702036	-12.134456997042	0
205.25099778406	-11.144241310654	0
208.18216827241	-15.694180705404	0
208.87419646626	-15.571846839124	0
208.42095749492	-15.026455356071	0
209.13177203185	-13.766278676738	0
213.21049806631	-12.5625	0
211.81245202094	-14.79601649262	0
212.58192607809	-14.569649153892	0
200.66782784511	-12.0712954213	0
199.75499541413	-11.98536899465	0
200.21984492937	-15.225295433518	0
199.51757892911	-15.203948096341	0
200.15979794494	-15.985272843674	0
195.25804406769	-6.1819059799066	0
198.12063750431	-16.178665700697	0
197.30302372273	-16.128017983359	0
197.36696903787	-16.944699367851	0
193.91974719681	-16.10354807871	0
194.03083904022	-16.78550393236	0
194.3085671944	-15.507205264257	0
197.40480408081	-15.100118639526	0
196.65113561437	-15.86615230668	0
196.56199991405	-13.11596867028	0
196.40229649623	-12.303449180441	0
195.84858986861	-12.834236931148	0
198.00873808555	-8.5853631132906	0
197.26658626874	-8.3179988538989	0
197.42113112901	-9.1116624872426	0
195.06065927484	-12.579563645461	0
195.22036269266	-13.3920831353	0
202.41057344225	-11.030366236891	0
201.31075359871	-10.210331705998	0
203.90010603964	-11.807795244321	0
204.49984979739	-11.59416479954	0
203.78182563677	-9.9673164922519	0
204.252409516	-10.396130384882	0
204.86760189581	-10.63597156458	0
205.00355750266	-9.9462068959966	0
198.2889466697	-10.425873361405	0
197.61224956184	-10.215563315035	0
197.73791328572	-11.262409929806	0
197.50020093152	-13.245329433898	0
196.94649430389	-13.776117184605	0
198.37561330683	-13.360732170669	0
198.73116061745	-14.174724317203	0
194.27055767112	-9.0786156370086	0
196.87009774503	-9.9481990556437	0
194.38650608225	-9.7525282574088	0
193.62158716526	-9.2941139815423	0
195.40022591834	-10.105239522621	0
196.22197728039	-9.7588736801094	0
193.35945100193	-11.172300752593	0
195.69962932522	-14.415144123962	0
196.37505131432	-11.536908662373	0
196.41309571321	-10.862774507902	0
196.38060462944	-14.242504691917	0
196.07194066823	-15.010892394892	0
197.08846135977	-11.818640401505	0
195.97016031015	-16.038791738725	0
198.75711206693	-15.662954911351	0
198.82105738206	-16.479636295843	0
197.3188056469	-14.371865455535	0
197.76515846763	-12.028950447875	0
197.991118917	-12.700583656345	0
198.64057084295	-12.144353184645	0
195.00214536642	-15.77987464139	0
195.58134031256	-16.635134553178	0
197.97069375527	-14.633731132214	0
196.7644519182	-19.076201884414	0
197.4100628259	-18.97967491794	0
196.65850482307	-18.055876802354	0
196.92673549353	-17.426700743196	0
196.28112458583	-17.523227709671	0
198.81715905136	-14.902977501195	0
197.74434927511	-17.477348460534	0
198.06319463303	-18.210607512875	0
198.50342817737	-17.72860613753	0
202.81996353967	-12.151620887149	0
202.29256736078	-11.778927569469	0
202.19556450681	-12.417392513591	0
208.45630959351	-13.1860499681	0
207.34849458358	-12.955071760493	0
195.89253591013	-19.076201884414	0
196.64409391295	-20	0
203.42928510166	-12.393782741845	0
201.1801822411	-12.516269221163	0
200.68104347004	-14.061227103303	0
200.74943970662	-14.763600062258	0
201.8528572631	-14.380856479377	0
199.85147505564	-16.616597039207	0
200.5537410559	-16.637944376384	0
201.72631467722	-12.861591358166	0
201.2383285904	-13.333161383418	0
207.08387886737	-15.427677253511	0
206.65759212718	-16.347702305986	0
207.30264256087	-16.068814274826	0
201.39165872244	-15.544924809592	0
201.49394323849	-16.196839440298	0
202.02353801573	-15.735144069039	0
202.66066201565	-15.969161648639	0
202.55837749961	-15.317247017933	0
204.142462379	-17.296630539551	0
203.80554557018	-16.704015249658	0
203.60786631775	-17.719611471961	0
202.31154796542	-19.145037060776	0
201.43963195735	-19.145037060776	0
201.87558996138	-20	0
199.21500049303	-17.132307828552	0
208.43752325043	-14.323892781154	0
207.74549505658	-14.446226647433	0
200.63311548755	-19.367574791917	0
199.76119947948	-19.367574791917	0
200.13175794524	-20	0
201.18562034919	-16.828163635831	0
202.57326973515	-17.70853515181	0
202.91018654398	-18.301150441703	0
202.69838602035	-16.757027440907	0
203.23322550423	-16.339130389801	0
204.78468666842	-15.844693236224	0
204.21236660247	-15.479808376366	0
203.76782156548	-15.91614945739	0
203.08818948994	-14.859117653264	0
202.45106549001	-14.625100073663	0
206.98055208163	-14.344649637896	0
206.33550164794	-14.623537669056	0
204.86546010982	-13.162420028798	0
205.53992469809	-13.88145778271	0
205.55771027392	-12.821472299527	0
204.02158801676	-14.886835054757	0
203.91427600717	-14.194688110488	0
204.39463917184	-13.748407526322	0
204.41242474766	-12.688422043138	0
198.16914172816	-19.230932594936	0
195.62052966664	-17.345957975276	0
195.35229899618	-17.975134034433	0
195.23194099094	-18.898932150019	0
198.3879259291	-20	0
199.04105773623	-19.230932594936	0
203.34614454802	-19.156113380927	0
201.060504064	-17.779671346734	0
202.00070624658	-17.338566410649	0
201.06907349159	-18.512611852693	0
206.02650327192	-19.168644126649	0
205.15458726385	-19.168644126649	0
205.36325399367	-20	0
210.34987595636	-17.110035558775	0
210.38310452152	-16.111456398236	0
209.77556552895	-16.904653000542	0
192.89896171924	-19.321951392519	0
193.15642988067	-20	0
194.65251472291	-17.08704087794	0
192.4630037152	-18.785065356874	0
194.90026189681	-20	0
206.58355160864	-12.853494750955	0
206.99711783714	-13.642087062978	0
205.7307032838	-14.47443110432	0
205.0384531197	-14.81537883359	0
206.67196489826	-18.257516942774	0
206.88063162809	-19.088872816125	0
205.83403006955	-15.557458719936	0
205.39800323443	-16.02491903777	0
206.00280159857	-16.174025602506	0
207.20122453755	-17.583292479775	0
206.34709618139	-17.663063790299	0
212.78556019101	-16.28125	0
212.58192607809	-15.632149153892	0
212.15698820279	-16.163399153892	0
211.22173017514	-14.550987377615	0
211.36263224406	-15.26926919278	0
208.63421510911	-18.040488896666	0
208.12997766534	-18.511359753937	0
209.23809952002	-18.374103018352	0
209.22210066893	-16.07282301423	0
209.18887210377	-17.071402174769	0
212.33858205824	-20	0
212.3931108063	-19.15573891837	0
211.52119479823	-19.15573891837	0
210.8646626736	-15.670539517122	0
208.08075024909	-17.208658910353	0
213.21049806631	-18.9375	0
212.3931108063	-18.09323891837	0
211.4553845194	-15.915568632127	0
212.78556019101	-17.34375	0
213.21049806631	-16.8125	0
213.21049806631	-14.6875	0
211.65901863232	-16.564669478234	0
211.26656924761	-17.314158396604	0
210.65903025504	-18.107354998911	0
210.5947500421	-20	0
210.64927879016	-19.15573891837	0
211.968172931	-17.56198891837	0
207.75588153221	-16.614205757878	0
209.22834805514	-19.422486937812	0
209.73258549891	-18.951616080541	0
204.95345819744	-16.461260118794	0
203.61942197752	-20	0
204.21806055609	-19.156113380927	0
204.75577894502	-17.476856341098	0
205.69230565277	-17.48938708682	0
206.22156529206	-16.81516262382	0
204.88130983434	-18.324757507576	0
207.75254763616	-19.088872816125	0
208.35643204707	-19.422486937812	0
207.10708600981	-20	0
208.85091802595	-20	0
60.664041533591	0	0
134.14329766948	-10.368922753806	0
CELLS 15060 60240
3	159	2018	2020	
3	160	2019	2018	
3	197	2020	2019	
3	2018	2019	2020	
3	1853	2021	2023	
3	71	2022	2021	
3	1847	2023	2022	
3	2021	2022	2023	
3	1081	2024	2026	
3	1069	2025	2024	
3	1082	2026	2025	
3	2024	2025	2026	
3	6	2027	2029	
3	1213	2028	2027	
3	1212	2029	2028	
3	2027	2028	2029	
3	1042	2030	2032	
3	1069	2031	2030	
3	1067	2032	2031	
3	2030	2031	2032	
3	222	2033	2035	
3	221	2034	2033	
3	182	2035	2034	
3	2033	2034	2035	
3	839	2036	2038	
3	840	2037	2036	
3	841	2038	2037	
3	2036	2037	2038	
3	179	2039	2041	
3	33	2040	2039	
3	176	2041	2040	
3	2039	2040	2041	
3	18	2042	2044	
3	1755	2043	2042	
3	1737	2044	2043	
3	2042	2043	2044	
3	104	2045	2047	
3	28	2046	2045	
3	102	2047	2046	
3	2045	2046	2047	
3	1838	2048	2050	
3	1840	2049	2048	
3	1842	2050	2049	
3	2048	2049	2050	
3	10	2051	2053	
3	1520	2052	2051	
3	1452	2053	2052	
3	2051	2052	2053	
3	1351	2054	2056	
3	79	2055	2054	
3	1280	2056	2055	
3	2054	2055	2056	
3	1346	2057	2059	
3	1337	2058	2057	
3	1348	2059	2058	
3	2057	2058	2059	
3	809	2060	2062	
3	2010	2061	2060	
3	810	2062	2061	
3	2060	2061	2062	
3	870	2063	2065	
3	869	2064	2063	
3	866	2065	2064	
3	2063	2064	2065	
3	1334	2066	2068	
3	1326	2067	2066	
3	1325	2068	2067	
3	2066	2067	2068	
3	1073	2069	2071	
3	1255	2070	2069	
3	1081	2071	2070	
3	2069	2070	2071	
3	16	2072	2074	
3	223	2073	2072	
3	227	2074	2073	
3	2072	2073	2074	
3	1485	2075	2077	
3	1576	2076	2075	
3	1577	2077	2076	
3	2075	2076	2077	
3	1878	2078	2080	
3	72	2079	2078	
3	1876	2080	2079	
3	2078	2079	2080	
3	40	2081	2083	
3	1573	2082	2081	
3	1574	2083	2082	
3	2081	2082	2083	
3	1624	2084	2086	
3	1597	2085	2084	
3	1606	2086	2085	
3	2084	2085	2086	
3	1010	2087	2089	
3	1013	2088	2087	
3	50	2089	2088	
3	2087	2088	2089	
3	1434	2090	2092	
3	1430	2091	2090	
3	1435	2092	2091	
3	2090	2091	2092	
3	45	2093	2095	
3	1318	2094	2093	
3	1242	2095	2094	
3	2093	2094	2095	
3	1256	2096	2098	
3	1131	2097	2096	
3	1257	2098	2097	
3	2096	2097	2098	
3	955	2099	2101	
3	954	2100	2099	
3	49	2101	2100	
3	2099	2100	2101	
3	982	2102	2104	
3	24	2103	2102	
3	1003	2104	2103	
3	2102	2103	2104	
3	988	2105	2107	
3	980	2106	2105	
3	967	2107	2106	
3	2105	2106	2107	
3	417	2108	2110	
3	432	2109	2108	
3	414	2110	2109	
3	2108	2109	2110	
3	1209	2111	2113	
3	96	2112	2111	
3	1207	2113	2112	
3	2111	2112	2113	
3	421	2114	2116	
3	426	2115	2114	
3	52	2116	2115	
3	2114	2115	2116	
3	125	2117	2119	
3	173	2118	2117	
3	218	2119	2118	
3	2117	2118	2119	
3	118	2120	2122	
3	128	2121	2120	
3	27	2122	2121	
3	2120	2121	2122	
3	201	2123	2125	
3	35	2124	2123	
3	187	2125	2124	
3	2123	2124	2125	
3	98	2126	2128	
3	111	2127	2126	
3	57	2128	2127	
3	2126	2127	2128	
3	59	2129	2131	
3	131	2130	2129	
3	132	2131	2130	
3	2129	2130	2131	
3	105	2132	2133	
3	104	2047	2132	
3	102	2133	2047	
3	2132	2047	2133	
3	121	2134	2136	
3	114	2135	2134	
3	122	2136	2135	
3	2134	2135	2136	
3	97	2137	2139	
3	58	2138	2137	
3	34	2139	2138	
3	2137	2138	2139	
3	121	2140	2142	
3	127	2141	2140	
3	31	2142	2141	
3	2140	2141	2142	
3	209	2143	2145	
3	39	2144	2143	
3	183	2145	2144	
3	2143	2144	2145	
3	119	2146	2148	
3	118	2147	2146	
3	135	2148	2147	
3	2146	2147	2148	
3	345	2149	2151	
3	242	2150	2149	
3	320	2151	2150	
3	2149	2150	2151	
3	189	2152	2154	
3	61	2153	2152	
3	164	2154	2153	
3	2152	2153	2154	
3	156	2155	2157	
3	36	2156	2155	
3	134	2157	2156	
3	2155	2156	2157	
3	194	2158	2160	
3	166	2159	2158	
3	169	2160	2159	
3	2158	2159	2160	
3	176	2161	2041	
3	180	2162	2161	
3	179	2041	2162	
3	2161	2162	2041	
3	201	2163	2165	
3	164	2164	2163	
3	152	2165	2164	
3	2163	2164	2165	
3	212	2166	2168	
3	210	2167	2166	
3	211	2168	2167	
3	2166	2167	2168	
3	1438	2169	2171	
3	1391	2170	2169	
3	1437	2171	2170	
3	2169	2170	2171	
3	1732	2172	2174	
3	1722	2173	2172	
3	66	2174	2173	
3	2172	2173	2174	
3	1522	2175	2177	
3	1502	2176	2175	
3	68	2177	2176	
3	2175	2176	2177	
3	1675	2178	2180	
3	1686	2179	2178	
3	1688	2180	2179	
3	2178	2179	2180	
3	1854	2181	2183	
3	1856	2182	2181	
3	42	2183	2182	
3	2181	2182	2183	
3	1824	2184	2186	
3	69	2185	2184	
3	1823	2186	2185	
3	2184	2185	2186	
3	985	2187	2189	
3	1041	2188	2187	
3	1029	2189	2188	
3	2187	2188	2189	
3	1315	2190	2192	
3	1318	2191	2190	
3	1250	2192	2191	
3	2190	2191	2192	
3	1318	2193	2094	
3	44	2194	2193	
3	1242	2094	2194	
3	2193	2194	2094	
3	1280	2195	2056	
3	80	2196	2195	
3	1351	2056	2196	
3	2195	2196	2056	
3	1352	2197	2199	
3	1277	2198	2197	
3	1272	2199	2198	
3	2197	2198	2199	
3	46	2200	2202	
3	1476	2201	2200	
3	1349	2202	2201	
3	2200	2201	2202	
3	1210	2203	2205	
3	906	2204	2203	
3	928	2205	2204	
3	2203	2204	2205	
3	1002	2206	2208	
3	972	2207	2206	
3	88	2208	2207	
3	2206	2207	2208	
3	947	2209	2211	
3	949	2210	2209	
3	952	2211	2210	
3	2209	2210	2211	
3	1002	2208	2213	
3	88	2212	2208	
3	1021	2213	2212	
3	2208	2212	2213	
3	987	2214	2216	
3	989	2215	2214	
3	979	2216	2215	
3	2214	2215	2216	
3	50	2217	2219	
3	1028	2218	2217	
3	1020	2219	2218	
3	2217	2218	2219	
3	91	2220	2222	
3	250	2221	2220	
3	252	2222	2221	
3	2220	2221	2222	
3	814	2223	2225	
3	816	2224	2223	
3	90	2225	2224	
3	2223	2224	2225	
3	254	2226	2228	
3	423	2227	2226	
3	407	2228	2227	
3	2226	2227	2228	
3	606	2229	2231	
3	608	2230	2229	
3	602	2231	2230	
3	2229	2230	2231	
3	1192	2232	2234	
3	1194	2233	2232	
3	54	2234	2233	
3	2232	2233	2234	
3	823	2235	2237	
3	806	2236	2235	
3	94	2237	2236	
3	2235	2236	2237	
3	782	2238	2240	
3	783	2239	2238	
3	709	2240	2239	
3	2238	2239	2240	
3	98	2128	2242	
3	57	2241	2128	
3	97	2242	2241	
3	2128	2241	2242	
3	109	2243	2245	
3	108	2244	2243	
3	111	2245	2244	
3	2243	2244	2245	
3	58	2137	2247	
3	97	2246	2137	
3	119	2247	2246	
3	2137	2246	2247	
3	121	2142	2134	
3	31	2248	2142	
3	114	2134	2248	
3	2142	2248	2134	
3	147	2249	2251	
3	397	2250	2249	
3	158	2251	2250	
3	2249	2250	2251	
3	59	2252	2129	
3	130	2253	2252	
3	131	2129	2253	
3	2252	2253	2129	
3	189	2254	2256	
3	191	2255	2254	
3	190	2256	2255	
3	2254	2255	2256	
3	162	2257	2259	
3	214	2258	2257	
3	149	2259	2258	
3	2257	2258	2259	
3	189	2154	2261	
3	164	2260	2154	
3	188	2261	2260	
3	2154	2260	2261	
3	168	2262	2264	
3	469	2263	2262	
3	470	2264	2263	
3	2262	2263	2264	
3	182	2265	2267	
3	63	2266	2265	
3	199	2267	2266	
3	2265	2266	2267	
3	213	2268	2270	
3	210	2269	2268	
3	64	2270	2269	
3	2268	2269	2270	
3	1578	2271	2273	
3	1580	2272	2271	
3	1500	2273	2272	
3	2271	2272	2273	
3	1459	2274	2276	
3	1439	2275	2274	
3	1456	2276	2275	
3	2274	2275	2276	
3	66	2277	2279	
3	1723	2278	2277	
3	1727	2279	2278	
3	2277	2278	2279	
3	1516	2280	2282	
3	11	2281	2280	
3	1520	2282	2281	
3	2280	2281	2282	
3	1382	2283	2285	
3	1384	2284	2283	
3	1371	2285	2284	
3	2283	2284	2285	
3	1530	2286	2288	
3	1379	2287	2286	
3	1518	2288	2287	
3	2286	2287	2288	
3	1658	2289	2291	
3	1789	2290	2289	
3	1792	2291	2290	
3	2289	2290	2291	
3	70	2292	2294	
3	1823	2293	2292	
3	1762	2294	2293	
3	2292	2293	2294	
3	1755	2295	2297	
3	1751	2296	2295	
3	17	2297	2296	
3	2295	2296	2297	
3	1854	2298	2300	
3	1849	2299	2298	
3	43	2300	2299	
3	2298	2299	2300	
3	1826	2301	2303	
3	1827	2302	2301	
3	1829	2303	2302	
3	2301	2302	2303	
3	71	2304	2306	
3	1876	2305	2304	
3	1861	2306	2305	
3	2304	2305	2306	
3	79	2307	2055	
3	1279	2308	2307	
3	1280	2055	2308	
3	2307	2308	2055	
3	1050	2309	2311	
3	1048	2310	2309	
3	1051	2311	2310	
3	2309	2310	2311	
3	1273	2312	2314	
3	1315	2313	2312	
3	74	2314	2313	
3	2312	2313	2314	
3	985	2315	2317	
3	12	2316	2315	
3	1075	2317	2316	
3	2315	2316	2317	
3	1133	2318	2320	
3	1166	2319	2318	
3	1165	2320	2319	
3	2318	2319	2320	
3	75	2321	2323	
3	1244	2322	2321	
3	1077	2323	2322	
3	2321	2322	2323	
3	1468	2324	2326	
3	1461	2325	2324	
3	1439	2326	2325	
3	2324	2325	2326	
3	1326	2327	2067	
3	1271	2328	2327	
3	1325	2067	2328	
3	2327	2328	2067	
3	1570	2329	2331	
3	1568	2330	2329	
3	1575	2331	2330	
3	2329	2330	2331	
3	1476	2332	2201	
3	47	2333	2332	
3	1349	2201	2333	
3	2332	2333	2201	
3	1268	2334	2336	
3	1265	2335	2334	
3	1264	2336	2335	
3	2334	2335	2336	
3	1281	2337	2339	
3	1278	2338	2337	
3	21	2339	2338	
3	2337	2338	2339	
3	939	2340	2342	
3	941	2341	2340	
3	927	2342	2341	
3	2340	2341	2342	
3	976	2343	2345	
3	963	2344	2343	
3	49	2345	2344	
3	2343	2344	2345	
3	81	2346	2348	
3	983	2347	2346	
3	975	2348	2347	
3	2346	2347	2348	
3	847	2349	2351	
3	862	2350	2349	
3	864	2351	2350	
3	2349	2350	2351	
3	949	2352	2354	
3	1216	2353	2352	
3	1217	2354	2353	
3	2352	2353	2354	
3	952	2355	2357	
3	955	2356	2355	
3	950	2357	2356	
3	2355	2356	2357	
3	86	2358	2360	
3	1076	2359	2358	
3	1027	2360	2359	
3	2358	2359	2360	
3	88	2361	2363	
3	997	2362	2361	
3	998	2363	2362	
3	2361	2362	2363	
3	1036	2364	2366	
3	1068	2365	2364	
3	1057	2366	2365	
3	2364	2365	2366	
3	1016	2367	2369	
3	1026	2368	2367	
3	1031	2369	2368	
3	2367	2368	2369	
3	24	2370	2372	
3	968	2371	2370	
3	977	2372	2371	
3	2370	2371	2372	
3	1012	2373	2375	
3	1009	2374	2373	
3	1011	2375	2374	
3	2373	2374	2375	
3	53	2376	2378	
3	421	2377	2376	
3	419	2378	2377	
3	2376	2377	2378	
3	53	2378	2380	
3	419	2379	2378	
3	411	2380	2379	
3	2378	2379	2380	
3	90	2381	2225	
3	425	2382	2381	
3	814	2225	2382	
3	2381	2382	2225	
3	228	2383	2384	
3	227	2073	2383	
3	223	2384	2073	
3	2383	2073	2384	
3	231	2385	2387	
3	224	2386	2385	
3	226	2387	2386	
3	2385	2386	2387	
3	408	2388	2390	
3	404	2389	2388	
3	406	2390	2389	
3	2388	2389	2390	
3	435	2391	2393	
3	803	2392	2391	
3	820	2393	2392	
3	2391	2392	2393	
3	804	2394	2396	
3	808	2395	2394	
3	807	2396	2395	
3	2394	2395	2396	
3	808	2397	2399	
3	802	2398	2397	
3	806	2399	2398	
3	2397	2398	2399	
3	825	2400	2401	
3	1192	2234	2400	
3	54	2401	2234	
3	2400	2234	2401	
3	805	2402	2404	
3	850	2403	2402	
3	797	2404	2403	
3	2402	2403	2404	
3	96	2405	2112	
3	1195	2406	2405	
3	1207	2112	2406	
3	2405	2406	2112	
3	97	2407	2242	
3	99	2408	2407	
3	98	2242	2408	
3	2407	2408	2242	
3	119	2246	2409	
3	97	2241	2246	
3	57	2409	2241	
3	2246	2241	2409	
3	99	2407	2410	
3	97	2139	2407	
3	34	2410	2139	
3	2407	2139	2410	
3	109	2411	2413	
3	98	2412	2411	
3	28	2413	2412	
3	2411	2412	2413	
3	102	2414	2416	
3	101	2415	2414	
3	100	2416	2415	
3	2414	2415	2416	
3	28	2412	2417	
3	98	2408	2412	
3	99	2417	2408	
3	2412	2408	2417	
3	165	2418	2419	
3	104	2132	2418	
3	105	2419	2132	
3	2418	2132	2419	
3	102	2420	2414	
3	99	2421	2420	
3	101	2414	2421	
3	2420	2421	2414	
3	99	2410	2421	
3	34	2422	2410	
3	101	2421	2422	
3	2410	2422	2421	
3	99	2420	2417	
3	102	2046	2420	
3	28	2417	2046	
3	2420	2046	2417	
3	185	2423	2425	
3	186	2424	2423	
3	153	2425	2424	
3	2423	2424	2425	
3	109	2426	2428	
3	115	2427	2426	
3	315	2428	2427	
3	2426	2427	2428	
3	105	2133	2429	
3	102	2416	2133	
3	100	2429	2416	
3	2133	2416	2429	
3	137	2430	2432	
3	35	2431	2430	
3	148	2432	2431	
3	2430	2431	2432	
3	30	2433	2435	
3	165	2434	2433	
3	106	2435	2434	
3	2433	2434	2435	
3	165	2433	2437	
3	30	2436	2433	
3	163	2437	2436	
3	2433	2436	2437	
3	109	2413	2426	
3	28	2438	2413	
3	115	2426	2438	
3	2413	2438	2426	
3	105	2429	2440	
3	100	2439	2429	
3	106	2440	2439	
3	2429	2439	2440	
3	104	2441	2443	
3	103	2442	2441	
3	116	2443	2442	
3	2441	2442	2443	
3	146	2444	2446	
3	141	2445	2444	
3	144	2446	2445	
3	2444	2445	2446	
3	57	2127	2448	
3	111	2447	2127	
3	112	2448	2447	
3	2127	2447	2448	
3	115	2438	2449	
3	28	2045	2438	
3	104	2449	2045	
3	2438	2045	2449	
3	108	2243	2451	
3	109	2450	2243	
3	107	2451	2450	
3	2243	2450	2451	
3	148	2452	2454	
3	120	2453	2452	
3	139	2454	2453	
3	2452	2453	2454	
3	144	2455	2457	
3	439	2456	2455	
3	143	2457	2456	
3	2455	2456	2457	
3	109	2245	2411	
3	111	2126	2245	
3	98	2411	2126	
3	2245	2126	2411	
3	112	2447	2458	
3	111	2244	2447	
3	108	2458	2244	
3	2447	2244	2458	
3	108	2451	2460	
3	107	2459	2451	
3	305	2460	2459	
3	2451	2459	2460	
3	57	2448	2462	
3	112	2461	2448	
3	122	2462	2461	
3	2448	2461	2462	
3	195	2463	2465	
3	124	2464	2463	
3	113	2465	2464	
3	2463	2464	2465	
3	108	2466	2468	
3	113	2467	2466	
3	123	2468	2467	
3	2466	2467	2468	
3	123	2469	2471	
3	117	2470	2469	
3	122	2471	2470	
3	2469	2470	2471	
3	118	2472	2473	
3	114	2248	2472	
3	31	2473	2248	
3	2472	2248	2473	
3	116	2474	2443	
3	115	2449	2474	
3	104	2443	2449	
3	2474	2449	2443	
3	441	2475	2476	
3	115	2474	2475	
3	116	2476	2474	
3	2475	2474	2476	
3	148	2454	2432	
3	139	2477	2454	
3	137	2432	2477	
3	2454	2477	2432	
3	441	2478	2480	
3	136	2479	2478	
3	345	2480	2479	
3	2478	2479	2480	
3	117	2469	2482	
3	123	2481	2469	
3	124	2482	2481	
3	2469	2481	2482	
3	117	2483	2485	
3	140	2484	2483	
3	127	2485	2484	
3	2483	2484	2485	
3	128	2120	2486	
3	118	2473	2120	
3	31	2486	2473	
3	2120	2473	2486	
3	119	2148	2247	
3	135	2487	2148	
3	58	2247	2487	
3	2148	2487	2247	
3	57	2488	2409	
3	114	2489	2488	
3	119	2409	2489	
3	2488	2489	2409	
3	118	2146	2472	
3	119	2489	2146	
3	114	2472	2489	
3	2146	2489	2472	
3	148	2490	2452	
3	150	2491	2490	
3	120	2452	2491	
3	2490	2491	2452	
3	120	2492	2494	
3	366	2493	2492	
3	365	2494	2493	
3	2492	2493	2494	
3	114	2488	2135	
3	57	2462	2488	
3	122	2135	2462	
3	2488	2462	2135	
3	127	2140	2485	
3	121	2495	2140	
3	117	2485	2495	
3	2140	2495	2485	
3	123	2471	2496	
3	122	2461	2471	
3	112	2496	2461	
3	2471	2461	2496	
3	117	2495	2470	
3	121	2136	2495	
3	122	2470	2136	
3	2495	2136	2470	
3	108	2468	2458	
3	123	2496	2468	
3	112	2458	2496	
3	2468	2496	2458	
3	123	2467	2481	
3	113	2464	2467	
3	124	2481	2464	
3	2467	2464	2481	
3	238	2497	2499	
3	239	2498	2497	
3	237	2499	2498	
3	2497	2498	2499	
3	438	2500	2502	
3	140	2501	2500	
3	124	2502	2501	
3	2500	2501	2502	
3	125	2503	2117	
3	234	2504	2503	
3	173	2117	2504	
3	2503	2504	2117	
3	235	2505	2507	
3	234	2506	2505	
3	237	2507	2506	
3	2505	2506	2507	
3	270	2508	2510	
3	264	2509	2508	
3	283	2510	2509	
3	2508	2509	2510	
3	60	2511	2513	
3	166	2512	2511	
3	133	2513	2512	
3	2511	2512	2513	
3	140	2514	2484	
3	142	2515	2514	
3	127	2484	2515	
3	2514	2515	2484	
3	127	2516	2518	
3	141	2517	2516	
3	154	2518	2517	
3	2516	2517	2518	
3	132	2130	2520	
3	131	2519	2130	
3	129	2520	2519	
3	2130	2519	2520	
3	130	2521	2522	
3	27	2121	2521	
3	128	2522	2121	
3	2521	2121	2522	
3	128	2486	2524	
3	31	2523	2486	
3	129	2524	2523	
3	2486	2523	2524	
3	31	2141	2523	
3	127	2525	2141	
3	129	2523	2525	
3	2141	2525	2523	
3	128	2524	2526	
3	129	2519	2524	
3	131	2526	2519	
3	2524	2519	2526	
3	131	2253	2526	
3	130	2522	2253	
3	128	2526	2522	
3	2253	2522	2526	
3	132	2520	2528	
3	129	2527	2520	
3	60	2528	2527	
3	2520	2527	2528	
3	156	2529	2530	
3	60	2513	2529	
3	133	2530	2513	
3	2529	2513	2530	
3	134	2531	2532	
3	59	2131	2531	
3	132	2532	2131	
3	2531	2131	2532	
3	156	2530	2534	
3	133	2533	2530	
3	157	2534	2533	
3	2530	2533	2534	
3	60	2527	2536	
3	129	2535	2527	
3	154	2536	2535	
3	2527	2535	2536	
3	139	2537	2538	
3	116	2442	2537	
3	103	2538	2442	
3	2537	2442	2538	
3	156	2157	2539	
3	134	2532	2157	
3	132	2539	2532	
3	2157	2532	2539	
3	118	2122	2147	
3	27	2540	2122	
3	135	2147	2540	
3	2122	2540	2147	
3	366	2541	2543	
3	150	2542	2541	
3	367	2543	2542	
3	2541	2542	2543	
3	139	2453	2545	
3	120	2544	2453	
3	136	2545	2544	
3	2453	2544	2545	
3	163	2546	2437	
3	103	2547	2546	
3	165	2437	2547	
3	2546	2547	2437	
3	151	2548	2549	
3	150	2490	2548	
3	148	2549	2490	
3	2548	2490	2549	
3	241	2550	2552	
3	235	2551	2550	
3	239	2552	2551	
3	2550	2551	2552	
3	116	2537	2553	
3	139	2545	2537	
3	136	2553	2545	
3	2537	2545	2553	
3	103	2554	2538	
3	137	2477	2554	
3	139	2538	2477	
3	2554	2477	2538	
3	124	2501	2482	
3	140	2483	2501	
3	117	2482	2483	
3	2501	2483	2482	
3	142	2514	2556	
3	140	2555	2514	
3	126	2556	2555	
3	2514	2555	2556	
3	439	2455	2558	
3	144	2557	2455	
3	142	2558	2557	
3	2455	2557	2558	
3	141	2559	2445	
3	142	2557	2559	
3	144	2445	2557	
3	2559	2557	2445	
3	438	2560	2500	
3	126	2555	2560	
3	140	2500	2555	
3	2560	2555	2500	
3	127	2515	2516	
3	142	2559	2515	
3	141	2516	2559	
3	2515	2559	2516	
3	166	2561	2563	
3	192	2562	2561	
3	193	2563	2562	
3	2561	2562	2563	
3	439	2558	2564	
3	142	2556	2558	
3	126	2564	2556	
3	2558	2556	2564	
3	236	2565	2567	
3	143	2566	2565	
3	125	2567	2566	
3	2565	2566	2567	
3	236	2568	2569	
3	146	2446	2568	
3	144	2569	2446	
3	2568	2446	2569	
3	171	2570	2572	
3	145	2571	2570	
3	218	2572	2571	
3	2570	2571	2572	
3	460	2573	2575	
3	465	2574	2573	
3	172	2575	2574	
3	2573	2574	2575	
3	146	2576	2578	
3	145	2577	2576	
3	167	2578	2577	
3	2576	2577	2578	
3	166	2511	2579	
3	60	2536	2511	
3	154	2579	2536	
3	2511	2536	2579	
3	157	2580	2582	
3	29	2581	2580	
3	158	2582	2581	
3	2580	2581	2582	
3	36	2583	2585	
3	157	2584	2583	
3	397	2585	2584	
3	2583	2584	2585	
3	151	2586	2588	
3	152	2587	2586	
3	149	2588	2587	
3	2586	2587	2588	
3	35	2589	2431	
3	151	2549	2589	
3	148	2431	2549	
3	2589	2549	2431	
3	149	2587	2259	
3	152	2590	2587	
3	162	2259	2590	
3	2587	2590	2259	
3	149	2591	2593	
3	401	2592	2591	
3	150	2593	2592	
3	2591	2592	2593	
3	401	2594	2596	
3	214	2595	2594	
3	202	2596	2595	
3	2594	2595	2596	
3	303	2597	2599	
3	369	2598	2597	
3	362	2599	2598	
3	2597	2598	2599	
3	152	2600	2590	
3	61	2601	2600	
3	162	2590	2601	
3	2600	2601	2590	
3	150	2548	2593	
3	151	2588	2548	
3	149	2593	2588	
3	2548	2588	2593	
3	151	2589	2586	
3	35	2602	2589	
3	152	2586	2602	
3	2589	2602	2586	
3	163	2603	2605	
3	185	2604	2603	
3	137	2605	2604	
3	2603	2604	2605	
3	103	2546	2554	
3	163	2605	2546	
3	137	2554	2605	
3	2546	2605	2554	
3	187	2124	2607	
3	35	2606	2124	
3	185	2607	2606	
3	2124	2606	2607	
3	127	2518	2525	
3	154	2535	2518	
3	129	2525	2535	
3	2518	2535	2525	
3	192	2608	2609	
3	141	2444	2608	
3	146	2609	2444	
3	2608	2444	2609	
3	170	2610	2612	
3	155	2611	2610	
3	167	2612	2611	
3	2610	2611	2612	
3	290	2613	2615	
3	444	2614	2613	
3	248	2615	2614	
3	2613	2614	2615	
3	60	2529	2528	
3	156	2539	2529	
3	132	2528	2539	
3	2529	2539	2528	
3	157	2533	2580	
3	133	2616	2533	
3	29	2580	2616	
3	2533	2616	2580	
3	176	2617	2619	
3	161	2618	2617	
3	160	2619	2618	
3	2617	2618	2619	
3	36	2155	2583	
3	156	2534	2155	
3	157	2583	2534	
3	2155	2534	2583	
3	217	2620	2621	
3	197	2019	2620	
3	160	2621	2019	
3	2620	2019	2621	
3	217	2622	2624	
3	194	2623	2622	
3	203	2624	2623	
3	2622	2623	2624	
3	147	2251	2626	
3	158	2625	2251	
3	161	2626	2625	
3	2251	2625	2626	
3	158	2581	2628	
3	29	2627	2581	
3	160	2628	2627	
3	2581	2627	2628	
3	161	2629	2626	
3	33	2630	2629	
3	147	2626	2630	
3	2629	2630	2626	
3	176	2619	2631	
3	160	2018	2619	
3	159	2631	2018	
3	2619	2018	2631	
3	158	2628	2625	
3	160	2618	2628	
3	161	2625	2618	
3	2628	2618	2625	
3	347	2632	2634	
3	355	2633	2632	
3	353	2634	2633	
3	2632	2633	2634	
3	173	2635	2118	
3	174	2636	2635	
3	218	2118	2636	
3	2635	2636	2118	
3	163	2436	2638	
3	30	2637	2436	
3	186	2638	2637	
3	2436	2637	2638	
3	187	2607	2639	
3	185	2425	2607	
3	153	2639	2425	
3	2607	2425	2639	
3	189	2261	2641	
3	188	2640	2261	
3	62	2641	2640	
3	2261	2640	2641	
3	61	2600	2153	
3	152	2164	2600	
3	164	2153	2164	
3	2600	2164	2153	
3	104	2418	2441	
3	165	2547	2418	
3	103	2441	2547	
3	2418	2547	2441	
3	165	2419	2434	
3	105	2440	2419	
3	106	2434	2440	
3	2419	2440	2434	
3	192	2642	2608	
3	154	2517	2642	
3	141	2608	2517	
3	2642	2517	2608	
3	167	2643	2645	
3	169	2644	2643	
3	193	2645	2644	
3	2643	2644	2645	
3	171	2646	2647	
3	170	2612	2646	
3	167	2647	2612	
3	2646	2612	2647	
3	167	2611	2643	
3	155	2648	2611	
3	169	2643	2648	
3	2611	2648	2643	
3	168	2649	2650	
3	170	2646	2649	
3	171	2650	2646	
3	2649	2646	2650	
3	196	2651	2653	
3	295	2652	2651	
3	281	2653	2652	
3	2651	2652	2653	
3	473	2654	2656	
3	474	2655	2654	
3	399	2656	2655	
3	2654	2655	2656	
3	133	2657	2616	
3	194	2658	2657	
3	29	2616	2658	
3	2657	2658	2616	
3	171	2647	2570	
3	167	2577	2647	
3	145	2570	2577	
3	2647	2577	2570	
3	293	2659	2661	
3	272	2660	2659	
3	220	2661	2660	
3	2659	2660	2661	
3	125	2566	2503	
3	143	2662	2566	
3	234	2503	2662	
3	2566	2662	2503	
3	125	2119	2663	
3	218	2571	2119	
3	145	2663	2571	
3	2119	2571	2663	
3	219	2664	2666	
3	172	2665	2664	
3	174	2666	2665	
3	2664	2665	2666	
3	63	2667	2669	
3	247	2668	2667	
3	211	2669	2668	
3	2667	2668	2669	
3	439	2670	2456	
3	234	2662	2670	
3	143	2456	2662	
3	2670	2662	2456	
3	171	2671	2650	
3	174	2672	2671	
3	168	2650	2672	
3	2671	2672	2650	
3	204	2673	2674	
3	174	2635	2673	
3	173	2674	2635	
3	2673	2635	2674	
3	239	2551	2498	
3	235	2507	2551	
3	237	2498	2507	
3	2551	2507	2498	
3	208	2675	2677	
3	207	2676	2675	
3	222	2677	2676	
3	2675	2676	2677	
3	206	2678	2680	
3	177	2679	2678	
3	159	2680	2679	
3	2678	2679	2680	
3	181	2681	2683	
3	178	2682	2681	
3	180	2683	2682	
3	2681	2682	2683	
3	33	2629	2040	
3	161	2617	2629	
3	176	2040	2617	
3	2629	2617	2040	
3	176	2631	2684	
3	159	2679	2631	
3	177	2684	2679	
3	2631	2679	2684	
3	206	2680	2685	
3	159	2020	2680	
3	197	2685	2020	
3	2680	2020	2685	
3	37	2686	2688	
3	180	2687	2686	
3	177	2688	2687	
3	2686	2687	2688	
3	180	2686	2683	
3	37	2689	2686	
3	181	2683	2689	
3	2686	2689	2683	
3	180	2161	2687	
3	176	2684	2161	
3	177	2687	2684	
3	2161	2684	2687	
3	178	2690	2682	
3	179	2162	2690	
3	180	2682	2162	
3	2690	2162	2682	
3	209	2691	2693	
3	37	2692	2691	
3	182	2693	2692	
3	2691	2692	2693	
3	183	2694	2695	
3	178	2681	2694	
3	181	2695	2681	
3	2694	2681	2695	
3	199	2696	2697	
3	39	2143	2696	
3	209	2697	2143	
3	2696	2143	2697	
3	208	2698	2699	
3	37	2688	2698	
3	177	2699	2688	
3	2698	2688	2699	
3	153	2700	2639	
3	38	2701	2700	
3	187	2639	2701	
3	2700	2701	2639	
3	209	2145	2702	
3	183	2695	2145	
3	181	2702	2695	
3	2145	2695	2702	
3	61	2703	2601	
3	233	2704	2703	
3	162	2601	2704	
3	2703	2704	2601	
3	35	2430	2606	
3	137	2604	2430	
3	185	2606	2604	
3	2430	2604	2606	
3	163	2638	2603	
3	186	2423	2638	
3	185	2603	2423	
3	2638	2423	2603	
3	38	2705	2706	
3	164	2163	2705	
3	201	2706	2163	
3	2705	2163	2706	
3	190	2255	2708	
3	191	2707	2255	
3	1	2708	2707	
3	2255	2707	2708	
3	164	2705	2260	
3	38	2709	2705	
3	188	2260	2709	
3	2705	2709	2260	
3	443	2710	2712	
3	442	2711	2710	
3	200	2712	2711	
3	2710	2711	2712	
3	189	2641	2254	
3	62	2713	2641	
3	191	2254	2713	
3	2641	2713	2254	
3	61	2152	2714	
3	189	2256	2152	
3	190	2714	2256	
3	2152	2256	2714	
3	1	2707	2716	
3	191	2715	2707	
3	398	2716	2715	
3	2707	2715	2716	
3	62	2717	2713	
3	0	2718	2717	
3	191	2713	2718	
3	2717	2718	2713	
3	193	2562	2719	
3	192	2609	2562	
3	146	2719	2609	
3	2562	2609	2719	
3	154	2642	2579	
3	192	2561	2642	
3	166	2579	2561	
3	2642	2561	2579	
3	167	2645	2578	
3	193	2719	2645	
3	146	2578	2719	
3	2645	2719	2578	
3	166	2563	2159	
3	193	2644	2563	
3	169	2159	2644	
3	2563	2644	2159	
3	166	2158	2512	
3	194	2657	2158	
3	133	2512	2657	
3	2158	2657	2512	
3	203	2623	2720	
3	194	2160	2623	
3	169	2720	2160	
3	2623	2160	2720	
3	305	2459	2722	
3	107	2721	2459	
3	308	2722	2721	
3	2459	2721	2722	
3	234	2670	2506	
3	439	2723	2670	
3	237	2506	2723	
3	2670	2723	2506	
3	681	2724	2726	
3	677	2725	2724	
3	679	2726	2725	
3	2724	2725	2726	
3	110	2727	2729	
3	296	2728	2727	
3	297	2729	2728	
3	2727	2728	2729	
3	194	2622	2658	
3	217	2730	2622	
3	29	2658	2730	
3	2622	2730	2658	
3	471	2731	2733	
3	473	2732	2731	
3	155	2733	2732	
3	2731	2732	2733	
3	451	2734	2736	
3	453	2735	2734	
3	449	2736	2735	
3	2734	2735	2736	
3	37	2737	2692	
3	222	2035	2737	
3	182	2692	2035	
3	2737	2035	2692	
3	210	2738	2739	
3	199	2266	2738	
3	63	2739	2266	
3	2738	2266	2739	
3	213	2740	2741	
3	39	2696	2740	
3	199	2741	2696	
3	2740	2696	2741	
3	261	2742	2744	
3	262	2743	2742	
3	216	2744	2743	
3	2742	2743	2744	
3	305	2745	2460	
3	113	2466	2745	
3	108	2460	2466	
3	2745	2466	2460	
3	35	2123	2602	
3	201	2165	2123	
3	152	2602	2165	
3	2123	2165	2602	
3	38	2706	2701	
3	201	2125	2706	
3	187	2701	2125	
3	2706	2125	2701	
3	261	2746	2747	
3	190	2708	2746	
3	1	2747	2708	
3	2746	2708	2747	
3	442	2748	2750	
3	263	2749	2748	
3	377	2750	2749	
3	2748	2749	2750	
3	155	2751	2648	
3	399	2752	2751	
3	169	2648	2752	
3	2751	2752	2648	
3	217	2753	2620	
3	175	2754	2753	
3	197	2620	2754	
3	2753	2754	2620	
3	240	2755	2757	
3	309	2756	2755	
3	315	2757	2756	
3	2755	2756	2757	
3	468	2758	2760	
3	476	2759	2758	
3	483	2760	2759	
3	2758	2759	2760	
3	219	2666	2761	
3	174	2673	2666	
3	204	2761	2673	
3	2666	2673	2761	
3	329	2762	2764	
3	325	2763	2762	
3	327	2764	2763	
3	2762	2763	2764	
3	175	2765	2754	
3	206	2685	2765	
3	197	2754	2685	
3	2765	2685	2754	
3	208	2766	2768	
3	206	2767	2766	
3	198	2768	2767	
3	2766	2767	2768	
3	277	2769	2771	
3	249	2770	2769	
3	247	2771	2770	
3	2769	2770	2771	
3	221	2772	2773	
3	247	2667	2772	
3	63	2773	2667	
3	2772	2667	2773	
3	206	2766	2678	
3	208	2699	2766	
3	177	2678	2699	
3	2766	2699	2678	
3	207	2675	2774	
3	208	2768	2675	
3	198	2774	2768	
3	2675	2768	2774	
3	37	2691	2689	
3	209	2702	2691	
3	181	2689	2702	
3	2691	2702	2689	
3	182	2267	2693	
3	199	2697	2267	
3	209	2693	2697	
3	2267	2697	2693	
3	223	2775	2777	
3	212	2776	2775	
3	13	2777	2776	
3	2775	2776	2777	
3	212	2778	2166	
3	64	2269	2778	
3	210	2166	2269	
3	2778	2269	2166	
3	210	2739	2167	
3	63	2669	2739	
3	211	2167	2669	
3	2739	2669	2167	
3	221	2773	2034	
3	63	2265	2773	
3	182	2034	2265	
3	2773	2265	2034	
3	13	2776	2779	
3	212	2168	2776	
3	211	2779	2168	
3	2776	2168	2779	
3	16	2780	2781	
3	64	2778	2780	
3	212	2781	2778	
3	2780	2778	2781	
3	216	2782	2784	
3	233	2783	2782	
3	190	2784	2783	
3	2782	2783	2784	
3	210	2268	2738	
3	213	2741	2268	
3	199	2738	2741	
3	2268	2741	2738	
3	214	2785	2595	
3	200	2786	2785	
3	202	2595	2786	
3	2785	2786	2595	
3	297	2787	2789	
3	304	2788	2787	
3	363	2789	2788	
3	2787	2788	2789	
3	162	2704	2791	
3	233	2790	2704	
3	443	2791	2790	
3	2704	2790	2791	
3	29	2730	2627	
3	217	2621	2730	
3	160	2627	2621	
3	2730	2621	2627	
3	216	2743	2793	
3	262	2792	2743	
3	263	2793	2792	
3	2743	2792	2793	
3	175	2753	2794	
3	217	2624	2753	
3	203	2794	2624	
3	2753	2624	2794	
3	174	2671	2636	
3	171	2572	2671	
3	218	2636	2572	
3	2671	2572	2636	
3	146	2568	2576	
3	236	2795	2568	
3	145	2576	2795	
3	2568	2795	2576	
3	241	2796	2798	
3	264	2797	2796	
3	204	2798	2797	
3	2796	2797	2798	
3	449	2799	2801	
3	270	2800	2799	
3	276	2801	2800	
3	2799	2800	2801	
3	298	2802	2804	
3	528	2803	2802	
3	527	2804	2803	
3	2802	2803	2804	
3	486	2805	2807	
3	488	2806	2805	
3	481	2807	2806	
3	2805	2806	2807	
3	476	2808	2810	
3	400	2809	2808	
3	472	2810	2809	
3	2808	2809	2810	
3	13	2811	2813	
3	229	2812	2811	
3	226	2813	2812	
3	2811	2812	2813	
3	208	2677	2698	
3	222	2737	2677	
3	37	2698	2737	
3	2677	2737	2698	
3	221	2033	2814	
3	222	2676	2033	
3	207	2814	2676	
3	2033	2676	2814	
3	250	2815	2817	
3	402	2816	2815	
3	230	2817	2816	
3	2815	2816	2817	
3	16	2781	2072	
3	212	2775	2781	
3	223	2072	2775	
3	2781	2775	2072	
3	226	2386	2819	
3	224	2818	2386	
3	228	2819	2818	
3	2386	2818	2819	
3	231	2387	2820	
3	226	2812	2387	
3	229	2820	2812	
3	2387	2812	2820	
3	223	2777	2821	
3	13	2813	2777	
3	226	2821	2813	
3	2777	2813	2821	
3	230	2822	2824	
3	225	2823	2822	
3	228	2824	2823	
3	2822	2823	2824	
3	211	2825	2779	
3	249	2826	2825	
3	13	2779	2826	
3	2825	2826	2779	
3	225	2827	2823	
3	227	2383	2827	
3	228	2823	2383	
3	2827	2383	2823	
3	228	2384	2819	
3	223	2821	2384	
3	226	2819	2821	
3	2384	2821	2819	
3	230	2824	2828	
3	228	2818	2824	
3	224	2828	2818	
3	2824	2818	2828	
3	451	2829	2734	
3	447	2830	2829	
3	453	2734	2830	
3	2829	2830	2734	
3	250	2831	2221	
3	251	2832	2831	
3	252	2221	2832	
3	2831	2832	2221	
3	402	2815	2833	
3	250	2220	2815	
3	91	2833	2220	
3	2815	2220	2833	
3	260	2834	2835	
3	225	2822	2834	
3	230	2835	2822	
3	2834	2822	2835	
3	251	2836	2838	
3	269	2837	2836	
3	255	2838	2837	
3	2836	2837	2838	
3	224	2839	2840	
3	251	2831	2839	
3	250	2840	2831	
3	2839	2831	2840	
3	190	2783	2714	
3	233	2703	2783	
3	61	2714	2703	
3	2783	2703	2714	
3	190	2746	2784	
3	261	2744	2746	
3	216	2784	2744	
3	2746	2744	2784	
3	443	2841	2710	
3	216	2842	2841	
3	442	2710	2842	
3	2841	2842	2710	
3	235	2843	2844	
3	204	2674	2843	
3	173	2844	2674	
3	2843	2674	2844	
3	125	2663	2567	
3	145	2795	2663	
3	236	2567	2795	
3	2663	2795	2567	
3	173	2504	2844	
3	234	2505	2504	
3	235	2844	2505	
3	2504	2505	2844	
3	138	2845	2847	
3	439	2846	2845	
3	438	2847	2846	
3	2845	2846	2847	
3	195	2848	2850	
3	440	2849	2848	
3	138	2850	2849	
3	2848	2849	2850	
3	144	2457	2569	
3	143	2565	2457	
3	236	2569	2565	
3	2457	2565	2569	
3	237	2851	2499	
3	138	2852	2851	
3	238	2499	2852	
3	2851	2852	2499	
3	307	2853	2854	
3	195	2465	2853	
3	113	2854	2465	
3	2853	2465	2854	
3	239	2855	2857	
3	244	2856	2855	
3	243	2857	2856	
3	2855	2856	2857	
3	293	2858	2659	
3	290	2859	2858	
3	272	2659	2859	
3	2858	2859	2659	
3	204	2843	2798	
3	235	2550	2843	
3	241	2798	2550	
3	2843	2550	2798	
3	345	2479	2861	
3	136	2860	2479	
3	365	2861	2860	
3	2479	2860	2861	
3	265	2862	2864	
3	274	2863	2862	
3	244	2864	2863	
3	2862	2863	2864	
3	239	2497	2855	
3	238	2865	2497	
3	244	2855	2865	
3	2497	2865	2855	
3	204	2797	2761	
3	264	2866	2797	
3	219	2761	2866	
3	2797	2866	2761	
3	304	2867	2869	
3	298	2868	2867	
3	339	2869	2868	
3	2867	2868	2869	
3	296	2870	2871	
3	281	2652	2870	
3	295	2871	2652	
3	2870	2652	2871	
3	316	2872	2874	
3	317	2873	2872	
3	440	2874	2873	
3	2872	2873	2874	
3	241	2875	2796	
3	266	2876	2875	
3	264	2796	2876	
3	2875	2876	2796	
3	245	2877	2878	
3	244	2865	2877	
3	238	2878	2865	
3	2877	2865	2878	
3	246	2879	2881	
3	292	2880	2879	
3	293	2881	2880	
3	2879	2880	2881	
3	326	2882	2884	
3	314	2883	2882	
3	330	2884	2883	
3	2882	2883	2884	
3	245	2885	2887	
3	344	2886	2885	
3	279	2887	2886	
3	2885	2886	2887	
3	274	2888	2890	
3	266	2889	2888	
3	243	2890	2889	
3	2888	2889	2890	
3	243	2889	2891	
3	266	2875	2889	
3	241	2891	2875	
3	2889	2875	2891	
3	506	2892	2894	
3	505	2893	2892	
3	481	2894	2893	
3	2892	2893	2894	
3	13	2826	2811	
3	249	2895	2826	
3	229	2811	2895	
3	2826	2895	2811	
3	469	2896	2897	
3	172	2574	2896	
3	465	2897	2574	
3	2896	2574	2897	
3	2009	2898	2900	
3	575	2899	2898	
3	273	2900	2899	
3	2898	2899	2900	
3	211	2668	2825	
3	247	2770	2668	
3	249	2825	2770	
3	2668	2770	2825	
3	648	2901	2903	
3	649	2902	2901	
3	650	2903	2902	
3	2901	2902	2903	
3	230	2828	2817	
3	224	2840	2828	
3	250	2817	2840	
3	2828	2840	2817	
3	231	2904	2385	
3	251	2839	2904	
3	224	2385	2839	
3	2904	2839	2385	
3	269	2905	2906	
3	231	2820	2905	
3	229	2906	2820	
3	2905	2820	2906	
3	404	2907	2909	
3	252	2908	2907	
3	257	2909	2908	
3	2907	2908	2909	
3	231	2905	2904	
3	269	2836	2905	
3	251	2904	2836	
3	2905	2836	2904	
3	406	2389	2910	
3	404	2909	2389	
3	257	2910	2909	
3	2389	2909	2910	
3	253	2911	2913	
3	269	2912	2911	
3	271	2913	2912	
3	2911	2912	2913	
3	408	2914	2916	
3	410	2915	2914	
3	254	2916	2915	
3	2914	2915	2916	
3	251	2838	2832	
3	255	2917	2838	
3	252	2832	2917	
3	2838	2917	2832	
3	252	2907	2222	
3	404	2918	2907	
3	91	2222	2918	
3	2907	2918	2222	
3	258	2919	2921	
3	255	2920	2919	
3	253	2921	2920	
3	2919	2920	2921	
3	252	2917	2908	
3	255	2922	2917	
3	257	2908	2922	
3	2917	2922	2908	
3	689	2923	2925	
3	573	2924	2923	
3	258	2925	2924	
3	2923	2924	2925	
3	91	2926	2833	
3	405	2927	2926	
3	402	2833	2927	
3	2926	2927	2833	
3	258	2928	2919	
3	257	2922	2928	
3	255	2919	2922	
3	2928	2922	2919	
3	257	2928	2930	
3	258	2929	2928	
3	2009	2930	2929	
3	2928	2929	2930	
3	258	2921	2925	
3	253	2931	2921	
3	689	2925	2931	
3	2921	2931	2925	
3	258	2932	2929	
3	256	2933	2932	
3	2009	2929	2933	
3	2932	2933	2929	
3	548	2934	2935	
3	269	2906	2934	
3	229	2935	2906	
3	2934	2906	2935	
3	544	2936	2938	
3	676	2937	2936	
3	547	2938	2937	
3	2936	2937	2938	
3	262	2742	2940	
3	261	2939	2742	
3	232	2940	2939	
3	2742	2939	2940	
3	402	2941	2816	
3	260	2835	2941	
3	230	2816	2835	
3	2941	2835	2816	
3	1	2942	2747	
3	232	2939	2942	
3	261	2747	2939	
3	2942	2939	2747	
3	232	2943	2940	
3	215	2944	2943	
3	262	2940	2944	
3	2943	2944	2940	
3	263	2792	2945	
3	262	2944	2792	
3	215	2945	2944	
3	2792	2944	2945	
3	392	2946	2948	
3	184	2947	2946	
3	386	2948	2947	
3	2946	2947	2948	
3	200	2949	2951	
3	377	2950	2949	
3	374	2951	2950	
3	2949	2950	2951	
3	239	2857	2552	
3	243	2891	2857	
3	241	2552	2891	
3	2857	2891	2552	
3	270	2510	2800	
3	283	2952	2510	
3	276	2800	2952	
3	2510	2952	2800	
3	266	2953	2955	
3	286	2954	2953	
3	283	2955	2954	
3	2953	2954	2955	
3	284	2956	2958	
3	291	2957	2956	
3	288	2958	2957	
3	2956	2957	2958	
3	244	2877	2959	
3	245	2887	2877	
3	279	2959	2887	
3	2877	2887	2959	
3	676	2936	2961	
3	544	2960	2936	
3	673	2961	2960	
3	2936	2960	2961	
3	247	2772	2963	
3	221	2962	2772	
3	280	2963	2962	
3	2772	2962	2963	
3	276	2964	2801	
3	267	2965	2964	
3	449	2801	2965	
3	2964	2965	2801	
3	219	2966	2968	
3	455	2967	2966	
3	452	2968	2967	
3	2966	2967	2968	
3	548	2969	2971	
3	277	2970	2969	
3	545	2971	2970	
3	2969	2970	2971	
3	269	2911	2837	
3	253	2920	2911	
3	255	2837	2920	
3	2911	2920	2837	
3	277	2972	2769	
3	229	2895	2972	
3	249	2769	2895	
3	2972	2895	2769	
3	32	2973	2974	
3	449	2965	2973	
3	267	2974	2965	
3	2973	2965	2974	
3	287	2975	2976	
3	267	2964	2975	
3	276	2976	2964	
3	2975	2964	2976	
3	271	2977	2979	
3	676	2978	2977	
3	689	2979	2978	
3	2977	2978	2979	
3	450	2980	2981	
3	270	2799	2980	
3	449	2981	2799	
3	2980	2799	2981	
3	205	2982	2984	
3	272	2983	2982	
3	248	2984	2983	
3	2982	2983	2984	
3	573	2985	2987	
3	678	2986	2985	
3	680	2987	2986	
3	2985	2986	2987	
3	413	2988	2990	
3	412	2989	2988	
3	416	2990	2989	
3	2988	2989	2990	
3	244	2863	2856	
3	274	2890	2863	
3	243	2856	2890	
3	2863	2890	2856	
3	444	2991	2993	
3	445	2992	2991	
3	265	2993	2992	
3	2991	2992	2993	
3	287	2994	2975	
3	289	2995	2994	
3	267	2975	2995	
3	2994	2995	2975	
3	283	2954	2952	
3	286	2996	2954	
3	276	2952	2996	
3	2954	2996	2952	
3	264	2876	2509	
3	266	2955	2876	
3	283	2509	2955	
3	2876	2955	2509	
3	445	2997	2992	
3	274	2862	2997	
3	265	2992	2862	
3	2997	2862	2992	
3	248	2998	3000	
3	265	2999	2998	
3	279	3000	2999	
3	2998	2999	3000	
3	247	2963	2771	
3	280	3001	2963	
3	277	2771	3001	
3	2963	3001	2771	
3	475	3002	3004	
3	462	3003	3002	
3	478	3004	3003	
3	3002	3003	3004	
3	196	3005	3007	
3	282	3006	3005	
3	293	3007	3006	
3	3005	3006	3007	
3	220	3008	3010	
3	294	3009	3008	
3	295	3010	3009	
3	3008	3009	3010	
3	529	3011	3013	
3	334	3012	3011	
3	342	3013	3012	
3	3011	3012	3013	
3	476	2758	3015	
3	468	3014	2758	
3	175	3015	3014	
3	2758	3014	3015	
3	281	3016	2653	
3	282	3005	3016	
3	196	2653	3005	
3	3016	3005	2653	
3	168	2264	2649	
3	470	3017	2264	
3	170	2649	3017	
3	2264	3017	2649	
3	272	2982	3019	
3	205	3018	2982	
3	529	3019	3018	
3	2982	3018	3019	
3	196	3007	3020	
3	293	2661	3007	
3	220	3020	2661	
3	3007	2661	3020	
3	265	2864	2999	
3	244	2959	2864	
3	279	2999	2959	
3	2864	2959	2999	
3	275	3021	3023	
3	287	3022	3021	
3	286	3023	3022	
3	3021	3022	3023	
3	264	2508	3025	
3	270	3024	2508	
3	455	3025	3024	
3	2508	3024	3025	
3	292	3026	3027	
3	288	2957	3026	
3	291	3027	2957	
3	3026	2957	3027	
3	286	2953	3029	
3	266	3028	2953	
3	445	3029	3028	
3	2953	3028	3029	
3	168	2672	3030	
3	174	2665	2672	
3	172	3030	2665	
3	2672	2665	3030	
3	220	3010	3020	
3	295	2651	3010	
3	196	3020	2651	
3	3010	2651	3020	
3	267	2995	2974	
3	289	3031	2995	
3	32	2974	3031	
3	2995	3031	2974	
3	292	3027	3033	
3	291	3032	3027	
3	290	3033	3032	
3	3027	3032	3033	
3	276	2996	2976	
3	286	3022	2996	
3	287	2976	3022	
3	2996	3022	2976	
3	290	3034	2613	
3	275	3035	3034	
3	444	2613	3035	
3	3034	3035	2613	
3	291	2956	3037	
3	284	3036	2956	
3	287	3037	3036	
3	2956	3036	3037	
3	248	3000	3038	
3	279	2886	3000	
3	344	3038	2886	
3	3000	2886	3038	
3	287	3036	2994	
3	284	3039	3036	
3	289	2994	3039	
3	3036	3039	2994	
3	287	3021	3037	
3	275	3040	3021	
3	291	3037	3040	
3	3021	3040	3037	
3	290	3032	3034	
3	291	3040	3032	
3	275	3034	3040	
3	3032	3040	3034	
3	293	2880	2858	
3	292	3033	2880	
3	290	2858	3033	
3	2880	3033	2858	
3	246	3041	2879	
3	288	3026	3041	
3	292	2879	3026	
3	3041	3026	2879	
3	248	2983	2615	
3	272	2859	2983	
3	290	2615	2859	
3	2983	2859	2615	
3	282	3042	3006	
3	246	2881	3042	
3	293	3006	2881	
3	3042	2881	3006	
3	529	3043	3045	
3	343	3044	3043	
3	220	3045	3044	
3	3043	3044	3045	
3	297	2728	3046	
3	296	2871	2728	
3	295	3046	2871	
3	2728	2871	3046	
3	297	3046	3047	
3	295	3009	3046	
3	294	3047	3009	
3	3046	3009	3047	
3	301	3048	3050	
3	337	3049	3048	
3	354	3050	3049	
3	3048	3049	3050	
3	364	3051	3052	
3	363	2788	3051	
3	304	3052	2788	
3	3051	2788	3052	
3	297	3047	3054	
3	294	3053	3047	
3	300	3054	3053	
3	3047	3053	3054	
3	294	3055	3057	
3	343	3056	3055	
3	528	3057	3056	
3	3055	3056	3057	
3	308	2721	3059	
3	107	3058	2721	
3	309	3059	3058	
3	2721	3058	3059	
3	329	3060	3062	
3	333	3061	3060	
3	328	3062	3061	
3	3060	3061	3062	
3	337	3048	3064	
3	301	3063	3048	
3	338	3064	3063	
3	3048	3063	3064	
3	341	3065	3066	
3	363	3051	3065	
3	364	3066	3051	
3	3065	3051	3066	
3	331	3067	3069	
3	332	3068	3067	
3	330	3069	3068	
3	3067	3068	3069	
3	195	2853	3071	
3	307	3070	2853	
3	316	3071	3070	
3	2853	3070	3071	
3	304	2787	3072	
3	297	3054	2787	
3	300	3072	3054	
3	2787	3054	3072	
3	359	3073	3075	
3	340	3074	3073	
3	358	3075	3074	
3	3073	3074	3075	
3	300	3076	3072	
3	298	2867	3076	
3	304	3072	2867	
3	3076	2867	3072	
3	338	3077	3078	
3	339	2868	3077	
3	298	3078	2868	
3	3077	2868	3078	
3	113	2745	2854	
3	305	3079	2745	
3	307	2854	3079	
3	2745	3079	2854	
3	321	3080	3082	
3	322	3081	3080	
3	324	3082	3081	
3	3080	3081	3082	
3	312	3083	3085	
3	307	3084	3083	
3	310	3085	3084	
3	3083	3084	3085	
3	310	3086	3087	
3	305	2722	3086	
3	308	3087	2722	
3	3086	2722	3087	
3	305	3086	3079	
3	310	3084	3086	
3	307	3079	3084	
3	3086	3084	3079	
3	107	3088	3058	
3	315	2756	3088	
3	309	3058	2756	
3	3088	2756	3058	
3	308	3089	3087	
3	306	3090	3089	
3	310	3087	3090	
3	3089	3090	3087	
3	309	2755	3092	
3	240	3091	2755	
3	319	3092	3091	
3	2755	3091	3092	
3	306	3089	3093	
3	308	3059	3089	
3	309	3093	3059	
3	3089	3059	3093	
3	313	3094	3095	
3	310	3090	3094	
3	306	3095	3090	
3	3094	3090	3095	
3	313	3096	3094	
3	312	3085	3096	
3	310	3094	3085	
3	3096	3085	3094	
3	326	3097	3099	
3	313	3098	3097	
3	324	3099	3098	
3	3097	3098	3099	
3	311	3100	3101	
3	330	3068	3100	
3	332	3101	3068	
3	3100	3068	3101	
3	335	3102	3103	
3	311	3101	3102	
3	332	3103	3101	
3	3102	3101	3103	
3	440	2873	3105	
3	317	3104	2873	
3	238	3105	3104	
3	2873	3104	3105	
3	306	3106	3107	
3	321	3082	3106	
3	324	3107	3082	
3	3106	3082	3107	
3	312	3096	3109	
3	313	3108	3096	
3	311	3109	3108	
3	3096	3108	3109	
3	319	3110	3092	
3	321	3111	3110	
3	309	3092	3111	
3	3110	3111	3092	
3	325	3112	3114	
3	314	3113	3112	
3	322	3114	3113	
3	3112	3113	3114	
3	109	2428	2450	
3	315	3088	2428	
3	107	2450	3088	
3	2428	3088	2450	
3	315	2427	3115	
3	115	2475	2427	
3	441	3115	2475	
3	2427	2475	3115	
3	307	3083	3070	
3	312	3116	3083	
3	316	3070	3116	
3	3083	3116	3070	
3	316	3116	2872	
3	312	3117	3116	
3	317	2872	3117	
3	3116	3117	2872	
3	335	3118	3119	
3	317	3117	3118	
3	312	3119	3117	
3	3118	3117	3119	
3	245	2878	3120	
3	238	3104	2878	
3	317	3120	3104	
3	2878	3104	3120	
3	320	3121	3122	
3	319	3091	3121	
3	240	3122	3091	
3	3121	3091	3122	
3	336	3123	3124	
3	298	2804	3123	
3	527	3124	2804	
3	3123	2804	3124	
3	240	3125	3122	
3	345	2151	3125	
3	320	3122	2151	
3	3125	2151	3122	
3	321	3110	3127	
3	319	3126	3110	
3	318	3127	3126	
3	3110	3126	3127	
3	318	3128	3130	
3	346	3129	3128	
3	323	3130	3129	
3	3128	3129	3130	
3	318	3126	3131	
3	319	3121	3126	
3	320	3131	3121	
3	3126	3121	3131	
3	322	3080	3132	
3	321	3127	3080	
3	318	3132	3127	
3	3080	3127	3132	
3	309	3111	3093	
3	321	3106	3111	
3	306	3093	3106	
3	3111	3106	3093	
3	318	3130	3134	
3	323	3133	3130	
3	325	3134	3133	
3	3130	3133	3134	
3	322	3113	3081	
3	314	3135	3113	
3	324	3081	3135	
3	3113	3135	3081	
3	346	3128	3136	
3	318	3131	3128	
3	320	3136	3131	
3	3128	3131	3136	
3	323	3137	3139	
3	348	3138	3137	
3	350	3139	3138	
3	3137	3138	3139	
3	326	3099	2882	
3	324	3135	3099	
3	314	2882	3135	
3	3099	3135	2882	
3	313	3095	3098	
3	306	3107	3095	
3	324	3098	3107	
3	3095	3107	3098	
3	318	3134	3132	
3	325	3114	3134	
3	322	3132	3114	
3	3134	3114	3132	
3	327	2763	3140	
3	325	3133	2763	
3	323	3140	3133	
3	2763	3133	3140	
3	330	2883	3142	
3	314	3141	2883	
3	328	3142	3141	
3	2883	3141	3142	
3	313	3097	3108	
3	326	3143	3097	
3	311	3108	3143	
3	3097	3143	3108	
3	323	3139	3140	
3	350	3144	3139	
3	327	3140	3144	
3	3139	3144	3140	
3	336	3124	3146	
3	527	3145	3124	
3	333	3146	3145	
3	3124	3145	3146	
3	329	3147	2762	
3	314	3112	3147	
3	325	2762	3112	
3	3147	3112	2762	
3	326	2884	3143	
3	330	3100	2884	
3	311	3143	3100	
3	2884	3100	3143	
3	333	3060	3148	
3	329	2764	3060	
3	327	3148	2764	
3	3060	2764	3148	
3	328	3141	3062	
3	314	3147	3141	
3	329	3062	3147	
3	3141	3147	3062	
3	302	3149	3151	
3	331	3150	3149	
3	328	3151	3150	
3	3149	3150	3151	
3	330	3142	3069	
3	328	3150	3142	
3	331	3069	3150	
3	3142	3150	3069	
3	331	3152	3153	
3	342	3012	3152	
3	334	3153	3012	
3	3152	3012	3153	
3	332	3154	3103	
3	344	3155	3154	
3	335	3103	3155	
3	3154	3155	3103	
3	334	3156	3153	
3	332	3067	3156	
3	331	3153	3067	
3	3156	3067	3153	
3	311	3102	3109	
3	335	3119	3102	
3	312	3109	3119	
3	3102	3119	3109	
3	333	3148	3146	
3	327	3157	3148	
3	336	3146	3157	
3	3148	3157	3146	
3	302	3151	3158	
3	328	3061	3151	
3	333	3158	3061	
3	3151	3061	3158	
3	331	3149	3152	
3	302	3159	3149	
3	342	3152	3159	
3	3149	3159	3152	
3	248	3038	2984	
3	344	3160	3038	
3	205	2984	3160	
3	3038	3160	2984	
3	344	3154	3161	
3	332	3156	3154	
3	334	3161	3156	
3	3154	3156	3161	
3	317	3118	3120	
3	335	3162	3118	
3	245	3120	3162	
3	3118	3162	3120	
3	337	3163	3164	
3	336	3157	3163	
3	327	3164	3157	
3	3163	3157	3164	
3	338	3063	3077	
3	301	3165	3063	
3	339	3077	3165	
3	3063	3165	3077	
3	323	3129	3137	
3	346	3166	3129	
3	348	3137	3166	
3	3129	3166	3137	
3	350	3167	3169	
3	352	3168	3167	
3	337	3169	3168	
3	3167	3168	3169	
3	298	3123	3078	
3	336	3170	3123	
3	338	3078	3170	
3	3123	3170	3078	
3	337	3064	3163	
3	338	3170	3064	
3	336	3163	3170	
3	3064	3170	3163	
3	340	3171	3172	
3	339	3165	3171	
3	301	3172	3165	
3	3171	3165	3172	
3	369	3173	3174	
3	341	3066	3173	
3	364	3174	3066	
3	3173	3066	3174	
3	354	3049	3175	
3	337	3168	3049	
3	352	3175	3168	
3	3049	3168	3175	
3	362	3176	3178	
3	360	3177	3176	
3	361	3178	3177	
3	3176	3177	3178	
3	339	3171	3180	
3	340	3179	3171	
3	364	3180	3179	
3	3171	3179	3180	
3	110	3181	3182	
3	363	3065	3181	
3	341	3182	3065	
3	3181	3065	3182	
3	343	3183	3184	
3	342	3159	3183	
3	302	3184	3159	
3	3183	3159	3184	
3	529	3045	3019	
3	220	2660	3045	
3	272	3019	2660	
3	3045	2660	3019	
3	528	3185	2803	
3	302	3186	3185	
3	527	2803	3186	
3	3185	3186	2803	
3	220	3044	3008	
3	343	3055	3044	
3	294	3008	3055	
3	3044	3055	3008	
3	335	3155	3162	
3	344	2885	3155	
3	245	3162	2885	
3	3155	2885	3162	
3	205	3160	3187	
3	344	3161	3160	
3	334	3187	3161	
3	3160	3161	3187	
3	345	3125	2480	
3	240	3188	3125	
3	441	2480	3188	
3	3125	3188	2480	
3	136	2544	2860	
3	120	2494	2544	
3	365	2860	2494	
3	2544	2494	2860	
3	320	2150	3136	
3	242	3189	2150	
3	346	3136	3189	
3	2150	3189	3136	
3	367	3190	3192	
3	372	3191	3190	
3	371	3192	3191	
3	3190	3191	3192	
3	348	3166	3194	
3	346	3193	3166	
3	349	3194	3193	
3	3166	3193	3194	
3	353	2633	3196	
3	355	3195	2633	
3	356	3196	3195	
3	2633	3195	3196	
3	349	3193	3197	
3	346	3189	3193	
3	242	3197	3189	
3	3193	3189	3197	
3	350	3138	3199	
3	348	3198	3138	
3	347	3199	3198	
3	3138	3198	3199	
3	367	3192	2543	
3	371	3200	3192	
3	366	2543	3200	
3	3192	3200	2543	
3	347	3198	3201	
3	348	3194	3198	
3	349	3201	3194	
3	3198	3194	3201	
3	353	3202	3203	
3	352	3167	3202	
3	350	3203	3167	
3	3202	3167	3203	
3	350	3169	3144	
3	337	3164	3169	
3	327	3144	3164	
3	3169	3164	3144	
3	352	3202	3205	
3	353	3204	3202	
3	351	3205	3204	
3	3202	3204	3205	
3	358	3074	3206	
3	340	3172	3074	
3	301	3206	3172	
3	3074	3172	3206	
3	353	3203	2634	
3	350	3199	3203	
3	347	2634	3199	
3	3203	3199	2634	
3	352	3205	3175	
3	351	3207	3205	
3	354	3175	3207	
3	3205	3207	3175	
3	347	3201	3209	
3	349	3208	3201	
3	372	3209	3208	
3	3201	3208	3209	
3	355	3210	3212	
3	372	3211	3210	
3	370	3212	3211	
3	3210	3211	3212	
3	357	3213	3214	
3	354	3207	3213	
3	351	3214	3207	
3	3213	3207	3214	
3	301	3050	3206	
3	354	3215	3050	
3	358	3206	3215	
3	3050	3215	3206	
3	355	3212	3217	
3	370	3216	3212	
3	378	3217	3216	
3	3212	3216	3217	
3	353	3196	3204	
3	356	3218	3196	
3	351	3204	3218	
3	3196	3218	3204	
3	378	3216	3220	
3	370	3219	3216	
3	374	3220	3219	
3	3216	3219	3220	
3	651	3221	3223	
3	360	3222	3221	
3	373	3223	3222	
3	3221	3222	3223	
3	356	3224	3218	
3	375	3225	3224	
3	351	3218	3225	
3	3224	3225	3218	
3	373	3222	3227	
3	360	3226	3222	
3	357	3227	3226	
3	3222	3226	3227	
3	354	3213	3215	
3	357	3228	3213	
3	358	3215	3228	
3	3213	3228	3215	
3	359	3075	3229	
3	358	3228	3075	
3	357	3229	3228	
3	3075	3228	3229	
3	360	3230	3226	
3	359	3229	3230	
3	357	3226	3229	
3	3230	3229	3226	
3	340	3073	3232	
3	359	3231	3073	
3	362	3232	3231	
3	3073	3231	3232	
3	532	3233	3235	
3	373	3234	3233	
3	375	3235	3234	
3	3233	3234	3235	
3	651	3236	3221	
3	299	3237	3236	
3	360	3221	3237	
3	3236	3237	3221	
3	360	3237	3177	
3	299	3238	3237	
3	361	3177	3238	
3	3237	3238	3177	
3	360	3176	3230	
3	362	3231	3176	
3	359	3230	3231	
3	3176	3231	3230	
3	303	2599	3239	
3	362	3178	2599	
3	361	3239	3178	
3	2599	3178	3239	
3	297	2789	2729	
3	363	3181	2789	
3	110	2729	3181	
3	2789	3181	2729	
3	364	3052	3180	
3	304	2869	3052	
3	339	3180	2869	
3	3052	2869	3180	
3	366	2492	2541	
3	120	2491	2492	
3	150	2541	2491	
3	2492	2491	2541	
3	364	3179	3174	
3	340	3240	3179	
3	369	3174	3240	
3	3179	3240	3174	
3	242	2149	3241	
3	345	2861	2149	
3	365	3241	2861	
3	2149	2861	3241	
3	401	3242	2592	
3	367	2542	3242	
3	150	2592	2542	
3	3242	2542	2592	
3	242	3241	3243	
3	365	2493	3241	
3	366	3243	2493	
3	3241	2493	3243	
3	367	3244	3246	
3	202	3245	3244	
3	370	3246	3245	
3	3244	3245	3246	
3	242	3247	3197	
3	371	3248	3247	
3	349	3197	3248	
3	3247	3248	3197	
3	356	3195	3250	
3	355	3249	3195	
3	530	3250	3249	
3	3195	3249	3250	
3	533	3251	3253	
3	536	3252	3251	
3	368	3253	3252	
3	3251	3252	3253	
3	362	2598	3232	
3	369	3240	2598	
3	340	3232	3240	
3	2598	3240	3232	
3	341	3173	3254	
3	369	2597	3173	
3	303	3254	2597	
3	3173	2597	3254	
3	200	2951	2786	
3	374	3255	2951	
3	202	2786	3255	
3	2951	3255	2786	
3	370	3245	3219	
3	202	3255	3245	
3	374	3219	3255	
3	3245	3255	3219	
3	366	3200	3243	
3	371	3247	3200	
3	242	3243	3247	
3	3200	3247	3243	
3	367	3246	3190	
3	370	3211	3246	
3	372	3190	3211	
3	3246	3211	3190	
3	347	3209	2632	
3	372	3210	3209	
3	355	2632	3210	
3	3209	3210	2632	
3	349	3248	3208	
3	371	3191	3248	
3	372	3208	3191	
3	3248	3191	3208	
3	375	3234	3256	
3	373	3227	3234	
3	357	3256	3227	
3	3234	3227	3256	
3	538	3257	3259	
3	385	3258	3257	
3	368	3259	3258	
3	3257	3258	3259	
3	200	2711	2949	
3	442	2750	2711	
3	377	2949	2750	
3	2711	2750	2949	
3	533	3260	3262	
3	532	3261	3260	
3	379	3262	3261	
3	3260	3261	3262	
3	351	3225	3214	
3	375	3256	3225	
3	357	3214	3256	
3	3225	3256	3214	
3	534	3263	3264	
3	356	3250	3263	
3	530	3264	3250	
3	3263	3250	3264	
3	389	3265	3266	
3	377	2749	3265	
3	263	3266	2749	
3	3265	2749	3266	
3	387	3267	3269	
3	376	3268	3267	
3	380	3269	3268	
3	3267	3268	3269	
3	390	3270	3272	
3	388	3271	3270	
3	384	3272	3271	
3	3270	3271	3272	
3	377	3273	2950	
3	382	3274	3273	
3	374	2950	3274	
3	3273	3274	2950	
3	374	3274	3220	
3	382	3275	3274	
3	378	3220	3275	
3	3274	3275	3220	
3	534	3264	3277	
3	530	3276	3264	
3	531	3277	3276	
3	3264	3276	3277	
3	378	3275	3279	
3	382	3278	3275	
3	384	3279	3278	
3	3275	3278	3279	
3	385	3280	3281	
3	651	3223	3280	
3	373	3281	3223	
3	3280	3223	3281	
3	368	3258	3282	
3	385	3281	3258	
3	373	3282	3281	
3	3258	3281	3282	
3	383	3283	3285	
3	390	3284	3283	
3	377	3285	3284	
3	3283	3284	3285	
3	215	3286	3288	
3	381	3287	3286	
3	389	3288	3287	
3	3286	3287	3288	
3	379	3289	3291	
3	531	3290	3289	
3	384	3291	3290	
3	3289	3290	3291	
3	383	3285	3292	
3	377	3265	3285	
3	389	3292	3265	
3	3285	3265	3292	
3	388	3270	3293	
3	390	3283	3270	
3	383	3293	3283	
3	3270	3283	3293	
3	382	3294	3278	
3	390	3272	3294	
3	384	3278	3272	
3	3294	3272	3278	
3	388	3295	3297	
3	386	3296	3295	
3	394	3297	3296	
3	3295	3296	3297	
3	537	3298	3299	
3	536	3251	3298	
3	533	3299	3251	
3	3298	3251	3299	
3	651	3300	3301	
3	387	3269	3300	
3	380	3301	3269	
3	3300	3269	3301	
3	533	3262	3303	
3	379	3302	3262	
3	535	3303	3302	
3	3262	3302	3303	
3	396	3304	3306	
3	659	3305	3304	
3	536	3306	3305	
3	3304	3305	3306	
3	394	3307	3309	
3	395	3308	3307	
3	537	3309	3308	
3	3307	3308	3309	
3	2	3310	3312	
3	540	3311	3310	
3	654	3312	3311	
3	3310	3311	3312	
3	395	3307	3314	
3	394	3313	3307	
3	393	3314	3313	
3	3307	3313	3314	
3	656	3315	3317	
3	653	3316	3315	
3	654	3317	3316	
3	3315	3316	3317	
3	215	3288	2945	
3	389	3266	3288	
3	263	2945	3266	
3	3288	3266	2945	
3	389	3287	3319	
3	381	3318	3287	
3	392	3319	3318	
3	3287	3318	3319	
3	377	3284	3273	
3	390	3294	3284	
3	382	3273	3294	
3	3284	3294	3273	
3	386	3295	3320	
3	388	3293	3295	
3	383	3320	3293	
3	3295	3293	3320	
3	389	3319	3292	
3	392	3321	3319	
3	383	3292	3321	
3	3319	3321	3292	
3	392	2948	3321	
3	386	3320	2948	
3	383	3321	3320	
3	2948	3320	3321	
3	381	3322	3318	
3	184	2946	3322	
3	392	3318	2946	
3	3322	2946	3318	
3	184	3323	2947	
3	394	3296	3323	
3	386	2947	3296	
3	3323	3296	2947	
3	184	3324	3323	
3	393	3313	3324	
3	394	3323	3313	
3	3324	3313	3323	
3	395	3314	3326	
3	393	3325	3314	
3	391	3326	3325	
3	3314	3325	3326	
3	652	3327	3329	
3	655	3328	3327	
3	391	3329	3328	
3	3327	3328	3329	
3	533	3253	3260	
3	368	3330	3253	
3	532	3260	3330	
3	3253	3330	3260	
3	659	3331	3333	
3	658	3332	3331	
3	387	3333	3332	
3	3331	3332	3333	
3	653	3315	3335	
3	656	3334	3315	
3	396	3335	3334	
3	3315	3334	3335	
3	471	2733	3337	
3	155	3336	2733	
3	470	3337	3336	
3	2733	3336	3337	
3	158	2250	2582	
3	397	2584	2250	
3	157	2582	2584	
3	2250	2584	2582	
3	191	2718	2715	
3	0	3338	2718	
3	398	2715	3338	
3	2718	3338	2715	
3	203	2720	3339	
3	169	2752	2720	
3	399	3339	2752	
3	2720	2752	3339	
3	475	3340	3342	
3	268	3341	3340	
3	465	3342	3341	
3	3340	3341	3342	
3	474	3343	2655	
3	203	3339	3343	
3	399	2655	3339	
3	3343	3339	2655	
3	214	2594	2258	
3	401	2591	2594	
3	149	2258	2591	
3	2594	2591	2258	
3	367	3242	3244	
3	401	2596	3242	
3	202	3244	2596	
3	3242	2596	3244	
3	423	2226	3345	
3	254	3344	2226	
3	411	3345	3344	
3	2226	3344	3345	
3	260	2941	3347	
3	402	3346	2941	
3	92	3347	3346	
3	2941	3346	3347	
3	257	2930	2910	
3	2009	3348	2930	
3	406	2910	3348	
3	2930	3348	2910	
3	423	3345	3349	
3	411	2379	3345	
3	419	3349	2379	
3	3345	2379	3349	
3	405	2926	3350	
3	91	2918	2926	
3	404	3350	2918	
3	2926	2918	3350	
3	407	3351	3353	
3	403	3352	3351	
3	92	3353	3352	
3	3351	3352	3353	
3	407	3353	3354	
3	92	3346	3353	
3	402	3354	3346	
3	3353	3346	3354	
3	273	3355	3357	
3	427	3356	3355	
3	406	3357	3356	
3	3355	3356	3357	
3	404	2388	3350	
3	408	3358	2388	
3	405	3350	3358	
3	2388	3358	3350	
3	254	2228	3360	
3	407	3359	2228	
3	405	3360	3359	
3	2228	3359	3360	
3	402	2927	3354	
3	405	3359	2927	
3	407	3354	3359	
3	2927	3359	3354	
3	427	3361	3356	
3	410	3362	3361	
3	406	3356	3362	
3	3361	3362	3356	
3	254	3360	2916	
3	405	3358	3360	
3	408	2916	3358	
3	3360	3358	2916	
3	437	3363	3365	
3	542	3364	3363	
3	429	3365	3364	
3	3363	3364	3365	
3	413	3366	3368	
3	410	3367	3366	
3	409	3368	3367	
3	3366	3367	3368	
3	406	3362	2390	
3	410	2914	3362	
3	408	2390	2914	
3	3362	2914	2390	
3	411	3369	3370	
3	410	3366	3369	
3	413	3370	3366	
3	3369	3366	3370	
3	411	3370	2380	
3	413	3371	3370	
3	53	2380	3371	
3	3370	3371	2380	
3	254	2915	3344	
3	410	3369	2915	
3	411	3344	3369	
3	2915	3369	3344	
3	409	3367	3372	
3	410	3361	3367	
3	427	3372	3361	
3	3367	3361	3372	
3	605	3373	3375	
3	801	3374	3373	
3	434	3375	3374	
3	3373	3374	3375	
3	409	3376	3368	
3	412	2988	3376	
3	413	3368	2988	
3	3376	2988	3368	
3	89	3377	3378	
3	814	2382	3377	
3	425	3378	2382	
3	3377	2382	3378	
3	418	3379	3380	
3	417	2110	3379	
3	414	3380	2110	
3	3379	2110	3380	
3	53	3371	3381	
3	413	2990	3371	
3	416	3381	2990	
3	3371	2990	3381	
3	600	3382	3384	
3	602	3383	3382	
3	437	3384	3383	
3	3382	3383	3384	
3	427	3385	3372	
3	429	3386	3385	
3	409	3372	3386	
3	3385	3386	3372	
3	417	3387	3388	
3	416	2989	3387	
3	412	3388	2989	
3	3387	2989	3388	
3	418	3389	3390	
3	53	3381	3389	
3	416	3390	3381	
3	3389	3381	3390	
3	430	3391	3392	
3	417	3388	3391	
3	412	3392	3388	
3	3391	3388	3392	
3	432	3393	2109	
3	431	3394	3393	
3	414	2109	3394	
3	3393	3394	2109	
3	417	3379	3387	
3	418	3390	3379	
3	416	3387	3390	
3	3379	3390	3387	
3	418	3395	3397	
3	424	3396	3395	
3	421	3397	3396	
3	3395	3396	3397	
3	403	3398	3400	
3	423	3399	3398	
3	422	3400	3399	
3	3398	3399	3400	
3	421	2376	3397	
3	53	3389	2376	
3	418	3397	3389	
3	2376	3389	3397	
3	418	3380	3395	
3	414	3401	3380	
3	424	3395	3401	
3	3380	3401	3395	
3	425	3402	3404	
3	420	3403	3402	
3	424	3404	3403	
3	3402	3403	3404	
3	52	3405	2116	
3	419	2377	3405	
3	421	2116	2377	
3	3405	2377	2116	
3	422	3399	3406	
3	423	3349	3399	
3	419	3406	3349	
3	3399	3349	3406	
3	419	3405	3406	
3	52	3407	3405	
3	422	3406	3407	
3	3405	3407	3406	
3	407	2227	3351	
3	423	3398	2227	
3	403	3351	3398	
3	2227	3398	3351	
3	425	3404	3408	
3	424	3401	3404	
3	414	3408	3401	
3	3404	3401	3408	
3	426	3409	3410	
3	424	3403	3409	
3	420	3410	3403	
3	3409	3403	3410	
3	89	3378	3412	
3	425	3411	3378	
3	431	3412	3411	
3	3378	3411	3412	
3	436	3413	3414	
3	420	3402	3413	
3	425	3414	3402	
3	3413	3402	3414	
3	428	3415	3416	
3	427	3355	3415	
3	273	3416	3355	
3	3415	3355	3416	
3	424	3409	3396	
3	426	2114	3409	
3	421	3396	2114	
3	3409	2114	3396	
3	427	3415	3385	
3	428	3417	3415	
3	429	3385	3417	
3	3415	3417	3385	
3	256	3418	3420	
3	573	3419	3418	
3	570	3420	3419	
3	3418	3419	3420	
3	584	3421	3422	
3	600	3384	3421	
3	437	3422	3384	
3	3421	3384	3422	
3	415	3423	3425	
3	433	3424	3423	
3	430	3425	3424	
3	3423	3424	3425	
3	412	3376	3426	
3	409	3386	3376	
3	429	3426	3386	
3	3376	3386	3426	
3	428	3427	3417	
3	437	3365	3427	
3	429	3417	3365	
3	3427	3365	3417	
3	412	3428	3392	
3	542	3429	3428	
3	430	3392	3429	
3	3428	3429	3392	
3	432	3430	3393	
3	434	3431	3430	
3	431	3393	3431	
3	3430	3431	3393	
3	425	3408	3411	
3	414	3394	3408	
3	431	3411	3394	
3	3408	3394	3411	
3	431	3431	3412	
3	434	3432	3431	
3	89	3412	3432	
3	3431	3432	3412	
3	417	3433	2108	
3	433	3434	3433	
3	432	2108	3434	
3	3433	3434	2108	
3	430	3424	3391	
3	433	3433	3424	
3	417	3391	3433	
3	3424	3433	3391	
3	433	3423	3436	
3	415	3435	3423	
3	605	3436	3435	
3	3423	3435	3436	
3	433	3437	3434	
3	434	3430	3437	
3	432	3434	3430	
3	3437	3430	3434	
3	801	3438	3374	
3	89	3432	3438	
3	434	3374	3432	
3	3438	3432	3374	
3	605	3375	3436	
3	434	3437	3375	
3	433	3436	3437	
3	3375	3437	3436	
3	437	3383	3440	
3	602	3439	3383	
3	430	3440	3439	
3	3383	3439	3440	
3	578	3441	3442	
3	273	2899	3441	
3	575	3442	2899	
3	3441	2899	3442	
3	425	2381	3414	
3	90	3443	2381	
3	436	3414	3443	
3	2381	3443	3414	
3	583	3444	3446	
3	428	3445	3444	
3	578	3446	3445	
3	3444	3445	3446	
3	124	2463	2502	
3	195	3447	2463	
3	438	2502	3447	
3	2463	3447	2502	
3	138	2847	2850	
3	438	3447	2847	
3	195	2850	3447	
3	2847	3447	2850	
3	438	2846	2560	
3	439	2564	2846	
3	126	2560	2564	
3	2846	2564	2560	
3	237	2723	2851	
3	439	2845	2723	
3	138	2851	2845	
3	2723	2845	2851	
3	440	2848	2874	
3	195	3071	2848	
3	316	2874	3071	
3	2848	3071	2874	
3	238	2852	3105	
3	138	2849	2852	
3	440	3105	2849	
3	2852	2849	3105	
3	441	2476	2478	
3	116	2553	2476	
3	136	2478	2553	
3	2476	2553	2478	
3	315	3115	2757	
3	441	3188	3115	
3	240	2757	3188	
3	3115	3188	2757	
3	443	2712	3448	
3	200	2785	2712	
3	214	3448	2785	
3	2712	2785	3448	
3	216	2793	2842	
3	263	2748	2793	
3	442	2842	2748	
3	2793	2748	2842	
3	162	2791	2257	
3	443	3448	2791	
3	214	2257	3448	
3	2791	3448	2257	
3	233	2782	2790	
3	216	2841	2782	
3	443	2790	2841	
3	2782	2841	2790	
3	444	3035	2991	
3	275	3449	3035	
3	445	2991	3449	
3	3035	3449	2991	
3	248	2614	2998	
3	444	2993	2614	
3	265	2998	2993	
3	2614	2993	2998	
3	286	3029	3023	
3	445	3449	3029	
3	275	3023	3449	
3	3029	3449	3023	
3	266	2888	3028	
3	274	2997	2888	
3	445	3028	2997	
3	2888	2997	3028	
3	515	3450	3452	
3	661	3451	3450	
3	517	3452	3451	
3	3450	3451	3452	
3	557	3453	3455	
3	519	3454	3453	
3	556	3455	3454	
3	3453	3454	3455	
3	449	2973	2736	
3	32	3456	2973	
3	451	2736	3456	
3	2973	3456	2736	
3	458	3457	3459	
3	460	3458	3457	
3	452	3459	3458	
3	3457	3458	3459	
3	452	2967	3461	
3	455	3460	2967	
3	450	3461	3460	
3	2967	3460	3461	
3	447	3462	3464	
3	454	3463	3462	
3	457	3464	3463	
3	3462	3463	3464	
3	457	3465	3464	
3	453	2830	3465	
3	447	3464	2830	
3	3465	2830	3464	
3	453	3466	2735	
3	450	2981	3466	
3	449	2735	2981	
3	3466	2981	2735	
3	450	3467	3461	
3	448	3468	3467	
3	452	3461	3468	
3	3467	3468	3461	
3	450	3466	3467	
3	453	3469	3466	
3	448	3467	3469	
3	3466	3469	3467	
3	458	3459	3470	
3	452	3468	3459	
3	448	3470	3468	
3	3459	3468	3470	
3	172	2664	3471	
3	219	2968	2664	
3	452	3471	2968	
3	2664	2968	3471	
3	461	3472	3474	
3	454	3473	3472	
3	278	3474	3473	
3	3472	3473	3474	
3	457	3475	3477	
3	461	3476	3475	
3	459	3477	3476	
3	3475	3476	3477	
3	466	3478	3479	
3	465	2573	3478	
3	460	3479	2573	
3	3478	2573	3479	
3	264	3025	2866	
3	455	2966	3025	
3	219	2866	2966	
3	3025	2966	2866	
3	450	3460	2980	
3	455	3024	3460	
3	270	2980	3024	
3	3460	3024	2980	
3	448	3469	3480	
3	453	3465	3469	
3	457	3480	3465	
3	3469	3465	3480	
3	464	3481	3483	
3	456	3482	3481	
3	459	3483	3482	
3	3481	3482	3483	
3	448	3484	3470	
3	459	3485	3484	
3	458	3470	3485	
3	3484	3485	3470	
3	459	3484	3477	
3	448	3480	3484	
3	457	3477	3480	
3	3484	3480	3477	
3	460	3457	3487	
3	458	3486	3457	
3	456	3487	3486	
3	3457	3486	3487	
3	457	3463	3475	
3	454	3472	3463	
3	461	3475	3472	
3	3463	3472	3475	
3	456	3486	3482	
3	458	3485	3486	
3	459	3482	3485	
3	3486	3485	3482	
3	460	3487	3479	
3	456	3488	3487	
3	466	3479	3488	
3	3487	3488	3479	
3	452	3458	3471	
3	460	2575	3458	
3	172	3471	2575	
3	3458	2575	3471	
3	466	3489	3491	
3	467	3490	3489	
3	462	3491	3490	
3	3489	3490	3491	
3	459	3476	3483	
3	461	3492	3476	
3	464	3483	3492	
3	3476	3492	3483	
3	499	3493	3494	
3	456	3481	3493	
3	464	3494	3481	
3	3493	3481	3494	
3	472	2809	3496	
3	400	3495	2809	
3	471	3496	3495	
3	2809	3495	3496	
3	479	3497	3499	
3	484	3498	3497	
3	483	3499	3498	
3	3497	3498	3499	
3	463	3500	3502	
3	500	3501	3500	
3	497	3502	3501	
3	3500	3501	3502	
3	464	3492	3504	
3	461	3503	3492	
3	496	3504	3503	
3	3492	3503	3504	
3	475	3342	3002	
3	465	3505	3342	
3	462	3002	3505	
3	3342	3505	3002	
3	469	2897	3506	
3	465	3341	2897	
3	268	3506	3341	
3	2897	3341	3506	
3	467	3489	3507	
3	466	3488	3489	
3	456	3507	3488	
3	3489	3488	3507	
3	465	3478	3505	
3	466	3491	3478	
3	462	3505	3491	
3	3478	3491	3505	
3	461	3508	3503	
3	508	3509	3508	
3	496	3503	3509	
3	3508	3509	3503	
3	486	2807	3511	
3	481	3510	2807	
3	484	3511	3510	
3	2807	3510	3511	
3	491	3512	3514	
3	467	3513	3512	
3	499	3514	3513	
3	3512	3513	3514	
3	497	3515	3517	
3	508	3516	3515	
3	480	3517	3516	
3	3515	3516	3517	
3	469	3506	2263	
3	268	3518	3506	
3	470	2263	3518	
3	3506	3518	2263	
3	172	2896	3030	
3	469	2262	2896	
3	168	3030	2262	
3	2896	2262	3030	
3	471	3337	3519	
3	470	3518	3337	
3	268	3519	3518	
3	3337	3518	3519	
3	155	2610	3336	
3	170	3017	2610	
3	470	3336	3017	
3	2610	3017	3336	
3	472	3496	3520	
3	471	3519	3496	
3	268	3520	3519	
3	3496	3519	3520	
3	471	3495	2731	
3	400	3521	3495	
3	473	2731	3521	
3	3495	3521	2731	
3	472	3520	3522	
3	268	3340	3520	
3	475	3522	3340	
3	3520	3340	3522	
3	477	3523	3525	
3	175	3524	3523	
3	474	3525	3524	
3	3523	3524	3525	
3	473	3521	2654	
3	400	3526	3521	
3	474	2654	3526	
3	3521	3526	2654	
3	399	2751	2656	
3	155	2732	2751	
3	473	2656	2732	
3	2751	2732	2656	
3	477	3525	3527	
3	474	3526	3525	
3	400	3527	3526	
3	3525	3526	3527	
3	175	2794	3524	
3	203	3343	2794	
3	474	3524	3343	
3	2794	3343	3524	
3	489	3528	3529	
3	462	3490	3528	
3	467	3529	3490	
3	3528	3490	3529	
3	472	3522	3531	
3	475	3530	3522	
3	479	3531	3530	
3	3522	3530	3531	
3	479	3530	3532	
3	475	3004	3530	
3	478	3532	3004	
3	3530	3004	3532	
3	175	3014	2765	
3	468	3533	3014	
3	206	2765	3533	
3	3014	3533	2765	
3	400	2808	3527	
3	476	3534	2808	
3	477	3527	3534	
3	2808	3534	3527	
3	476	3015	3534	
3	175	3523	3015	
3	477	3534	3523	
3	3015	3523	3534	
3	489	3535	3537	
3	490	3536	3535	
3	487	3537	3536	
3	3535	3536	3537	
3	505	3538	3539	
3	468	2760	3538	
3	483	3539	2760	
3	3538	2760	3539	
3	479	3532	3497	
3	478	3540	3532	
3	484	3497	3540	
3	3532	3540	3497	
3	476	2810	3541	
3	472	3531	2810	
3	479	3541	3531	
3	2810	3531	3541	
3	486	3542	3544	
3	487	3543	3542	
3	485	3544	3543	
3	3542	3543	3544	
3	198	2767	3545	
3	206	3533	2767	
3	468	3545	3533	
3	2767	3533	3545	
3	494	3546	3548	
3	647	3547	3546	
3	502	3548	3547	
3	3546	3547	3548	
3	505	2892	3550	
3	506	3549	2892	
3	648	3550	3549	
3	2892	3549	3550	
3	488	3551	3553	
3	485	3552	3551	
3	495	3553	3552	
3	3551	3552	3553	
3	479	3499	3541	
3	483	2759	3499	
3	476	3541	2759	
3	3499	2759	3541	
3	505	3539	2893	
3	483	3554	3539	
3	481	2893	3554	
3	3539	3554	2893	
3	487	3542	3555	
3	486	3511	3542	
3	484	3555	3511	
3	3542	3511	3555	
3	483	3498	3554	
3	484	3510	3498	
3	481	3554	3510	
3	3498	3510	3554	
3	493	3556	3558	
3	490	3557	3556	
3	646	3558	3557	
3	3556	3557	3558	
3	221	2814	3560	
3	207	3559	2814	
3	650	3560	3559	
3	2814	3559	3560	
3	487	3555	3561	
3	484	3540	3555	
3	478	3561	3540	
3	3555	3540	3561	
3	488	2805	3551	
3	486	3544	2805	
3	485	3551	3544	
3	2805	3544	3551	
3	489	3562	3528	
3	478	3003	3562	
3	462	3528	3003	
3	3562	3003	3528	
3	487	3561	3537	
3	478	3562	3561	
3	489	3537	3562	
3	3561	3562	3537	
3	493	3563	3556	
3	485	3564	3563	
3	490	3556	3564	
3	3563	3564	3556	
3	516	3565	3567	
3	495	3566	3565	
3	514	3567	3566	
3	3565	3566	3567	
3	490	3535	3569	
3	489	3568	3535	
3	491	3569	3568	
3	3535	3568	3569	
3	487	3536	3543	
3	490	3564	3536	
3	485	3543	3564	
3	3536	3564	3543	
3	491	3568	3512	
3	489	3529	3568	
3	467	3512	3529	
3	3568	3529	3512	
3	509	3570	3572	
3	493	3571	3570	
3	494	3572	3571	
3	3570	3571	3572	
3	491	3514	3574	
3	499	3573	3514	
3	498	3574	3573	
3	3514	3573	3574	
3	647	3575	3577	
3	646	3576	3575	
3	491	3577	3576	
3	3575	3576	3577	
3	506	3578	3580	
3	488	3579	3578	
3	517	3580	3579	
3	3578	3579	3580	
3	493	3581	3563	
3	495	3552	3581	
3	485	3563	3552	
3	3581	3552	3563	
3	646	3557	3576	
3	490	3569	3557	
3	491	3576	3569	
3	3557	3569	3576	
3	493	3582	3581	
3	492	3583	3582	
3	495	3581	3583	
3	3582	3583	3581	
3	500	3584	3501	
3	482	3585	3584	
3	497	3501	3585	
3	3584	3585	3501	
3	502	3586	3548	
3	504	3587	3586	
3	494	3548	3587	
3	3586	3587	3548	
3	492	3588	3590	
3	512	3589	3588	
3	514	3590	3589	
3	3588	3589	3590	
3	514	3591	3593	
3	507	3592	3591	
3	554	3593	3592	
3	3591	3592	3593	
3	461	3474	3508	
3	278	3594	3474	
3	508	3508	3594	
3	3474	3594	3508	
3	482	3595	3597	
3	647	3596	3595	
3	498	3597	3596	
3	3595	3596	3597	
3	463	3502	3598	
3	497	3517	3502	
3	480	3598	3517	
3	3502	3517	3598	
3	482	3599	3585	
3	496	3600	3599	
3	497	3585	3600	
3	3599	3600	3585	
3	464	3504	3602	
3	496	3601	3504	
3	498	3602	3601	
3	3504	3601	3602	
3	482	3597	3599	
3	498	3601	3597	
3	496	3599	3601	
3	3597	3601	3599	
3	456	3493	3507	
3	499	3513	3493	
3	467	3507	3513	
3	3493	3513	3507	
3	464	3602	3494	
3	498	3573	3602	
3	499	3494	3573	
3	3602	3573	3494	
3	504	3586	3604	
3	502	3603	3586	
3	503	3604	3603	
3	3586	3603	3604	
3	482	3584	3606	
3	500	3605	3584	
3	502	3606	3605	
3	3584	3605	3606	
3	501	3607	3609	
3	503	3608	3607	
3	500	3609	3608	
3	3607	3608	3609	
3	500	3500	3609	
3	463	3610	3500	
3	501	3609	3610	
3	3500	3610	3609	
3	502	3605	3603	
3	500	3608	3605	
3	503	3603	3608	
3	3605	3608	3603	
3	501	3611	3607	
3	285	3612	3611	
3	503	3607	3612	
3	3611	3612	3607	
3	492	3582	3613	
3	493	3570	3582	
3	509	3613	3570	
3	3582	3570	3613	
3	285	3614	3612	
3	518	3615	3614	
3	503	3612	3615	
3	3614	3615	3612	
3	556	3616	3455	
3	507	3617	3616	
3	557	3455	3617	
3	3616	3617	3455	
3	506	2894	3578	
3	481	2806	2894	
3	488	3578	2806	
3	2894	2806	3578	
3	468	3538	3545	
3	505	3618	3538	
3	198	3545	3618	
3	3538	3618	3545	
3	516	3619	3620	
3	517	3579	3619	
3	488	3620	3579	
3	3619	3579	3620	
3	198	3621	2774	
3	648	3622	3621	
3	207	2774	3622	
3	3621	3622	2774	
3	511	3623	3624	
3	492	3613	3623	
3	509	3624	3613	
3	3623	3613	3624	
3	512	3588	3625	
3	492	3623	3588	
3	511	3625	3623	
3	3588	3623	3625	
3	480	3516	3626	
3	508	3594	3516	
3	278	3626	3594	
3	3516	3594	3626	
3	496	3509	3600	
3	508	3515	3509	
3	497	3600	3515	
3	3509	3515	3600	
3	494	3587	3572	
3	504	3627	3587	
3	509	3572	3627	
3	3587	3627	3572	
3	520	3628	3630	
3	511	3629	3628	
3	504	3630	3629	
3	3628	3629	3630	
3	503	3615	3604	
3	518	3631	3615	
3	504	3604	3631	
3	3615	3631	3604	
3	667	3632	3634	
3	664	3633	3632	
3	665	3634	3633	
3	3632	3633	3634	
3	504	3629	3627	
3	511	3624	3629	
3	509	3627	3624	
3	3629	3624	3627	
3	512	3625	3636	
3	511	3635	3625	
3	510	3636	3635	
3	3625	3635	3636	
3	557	3637	3453	
3	558	3638	3637	
3	519	3453	3638	
3	3637	3638	3453	
3	512	3639	3589	
3	507	3591	3639	
3	514	3589	3591	
3	3639	3591	3589	
3	526	3640	3642	
3	522	3641	3640	
3	523	3642	3641	
3	3640	3641	3642	
3	669	3643	3645	
3	551	3644	3643	
3	553	3645	3644	
3	3643	3644	3645	
3	514	3593	3567	
3	554	3646	3593	
3	516	3567	3646	
3	3593	3646	3567	
3	492	3590	3583	
3	514	3566	3590	
3	495	3583	3566	
3	3590	3566	3583	
3	552	3647	3648	
3	553	3644	3647	
3	551	3648	3644	
3	3647	3644	3648	
3	550	3649	3651	
3	551	3650	3649	
3	549	3651	3650	
3	3649	3650	3651	
3	517	3619	3452	
3	516	3652	3619	
3	515	3452	3652	
3	3619	3652	3452	
3	488	3553	3620	
3	495	3565	3553	
3	516	3620	3565	
3	3553	3565	3620	
3	661	3450	3654	
3	515	3653	3450	
3	550	3654	3653	
3	3450	3653	3654	
3	506	3655	3549	
3	649	2901	3655	
3	648	3549	2901	
3	3655	2901	3549	
3	520	3656	3658	
3	522	3657	3656	
3	558	3658	3657	
3	3656	3657	3658	
3	511	3628	3635	
3	520	3659	3628	
3	510	3635	3659	
3	3628	3659	3635	
3	504	3631	3630	
3	518	3660	3631	
3	520	3630	3660	
3	3631	3660	3630	
3	564	3661	3663	
3	565	3662	3661	
3	563	3663	3662	
3	3661	3662	3663	
3	523	3641	3664	
3	522	3656	3641	
3	520	3664	3656	
3	3641	3656	3664	
3	523	3664	3665	
3	520	3660	3664	
3	518	3665	3660	
3	3664	3660	3665	
3	526	3666	3668	
3	524	3667	3666	
3	521	3668	3667	
3	3666	3667	3668	
3	513	3669	3671	
3	703	3670	3669	
3	662	3671	3670	
3	3669	3670	3671	
3	524	3672	3673	
3	518	3614	3672	
3	285	3673	3614	
3	3672	3614	3673	
3	526	3674	3640	
3	525	3675	3674	
3	522	3640	3675	
3	3674	3675	3640	
3	518	3672	3665	
3	524	3676	3672	
3	523	3665	3676	
3	3672	3676	3665	
3	524	3666	3676	
3	526	3642	3666	
3	523	3676	3642	
3	3666	3642	3676	
3	585	3677	3679	
3	569	3678	3677	
3	586	3679	3678	
3	3677	3678	3679	
3	558	3680	3638	
3	560	3681	3680	
3	519	3638	3681	
3	3680	3681	3638	
3	528	2802	3682	
3	298	3076	2802	
3	300	3682	3076	
3	2802	3076	3682	
3	525	3674	3683	
3	526	3668	3674	
3	521	3683	3668	
3	3674	3668	3683	
3	302	3158	3186	
3	333	3145	3158	
3	527	3186	3145	
3	3158	3145	3186	
3	294	3057	3053	
3	528	3682	3057	
3	300	3053	3682	
3	3057	3682	3053	
3	343	3184	3056	
3	302	3185	3184	
3	528	3056	3185	
3	3184	3185	3056	
3	334	3011	3187	
3	529	3018	3011	
3	205	3187	3018	
3	3011	3018	3187	
3	343	3043	3183	
3	529	3013	3043	
3	342	3183	3013	
3	3043	3013	3183	
3	355	3217	3249	
3	378	3684	3217	
3	530	3249	3684	
3	3217	3684	3249	
3	531	3276	3685	
3	530	3684	3276	
3	378	3685	3684	
3	3276	3684	3685	
3	384	3290	3279	
3	531	3685	3290	
3	378	3279	3685	
3	3290	3685	3279	
3	531	3289	3277	
3	379	3686	3289	
3	534	3277	3686	
3	3289	3686	3277	
3	373	3233	3282	
3	532	3330	3233	
3	368	3282	3330	
3	3233	3330	3282	
3	534	3687	3263	
3	375	3224	3687	
3	356	3263	3224	
3	3687	3224	3263	
3	379	3291	3302	
3	384	3688	3291	
3	535	3302	3688	
3	3291	3688	3302	
3	538	3689	3690	
3	536	3305	3689	
3	659	3690	3305	
3	3689	3305	3690	
3	379	3261	3686	
3	532	3691	3261	
3	534	3686	3691	
3	3261	3691	3686	
3	375	3687	3235	
3	534	3691	3687	
3	532	3235	3691	
3	3687	3691	3235	
3	384	3271	3688	
3	388	3692	3271	
3	535	3688	3692	
3	3271	3692	3688	
3	537	3693	3694	
3	535	3692	3693	
3	388	3694	3692	
3	3693	3692	3694	
3	537	3299	3693	
3	533	3303	3299	
3	535	3693	3303	
3	3299	3303	3693	
3	396	3695	3697	
3	657	3696	3695	
3	655	3697	3696	
3	3695	3696	3697	
3	394	3309	3297	
3	537	3694	3309	
3	388	3297	3694	
3	3309	3694	3297	
3	537	3308	3699	
3	395	3698	3308	
3	657	3699	3698	
3	3308	3698	3699	
3	385	3257	3701	
3	538	3700	3257	
3	387	3701	3700	
3	3257	3700	3701	
3	368	3252	3259	
3	536	3689	3252	
3	538	3259	3689	
3	3252	3689	3259	
3	653	3702	3704	
3	652	3703	3702	
3	539	3704	3703	
3	3702	3703	3704	
3	544	3705	2960	
3	672	3706	3705	
3	673	2960	3706	
3	3705	3706	2960	
3	685	3707	3709	
3	579	3708	3707	
3	687	3709	3708	
3	3707	3708	3709	
3	429	3364	3426	
3	542	3428	3364	
3	412	3426	3428	
3	3364	3428	3426	
3	437	3440	3363	
3	430	3429	3440	
3	542	3363	3429	
3	3440	3429	3363	
3	703	3710	3712	
3	694	3711	3710	
3	563	3712	3711	
3	3710	3711	3712	
3	604	3713	3715	
3	618	3714	3713	
3	617	3715	3714	
3	3713	3714	3715	
3	548	3716	3718	
3	547	3717	3716	
3	271	3718	3717	
3	3716	3717	3718	
3	669	3719	3643	
3	446	3720	3719	
3	551	3643	3720	
3	3719	3720	3643	
3	661	3721	3451	
3	280	3722	3721	
3	517	3451	3722	
3	3721	3722	3451	
3	547	3723	2938	
3	549	3724	3723	
3	544	2938	3724	
3	3723	3724	2938	
3	671	3725	3726	
3	669	3645	3725	
3	553	3726	3645	
3	3725	3645	3726	
3	562	3727	3729	
3	565	3728	3727	
3	561	3729	3728	
3	3727	3728	3729	
3	271	2912	3718	
3	269	2934	2912	
3	548	3718	2934	
3	2912	2934	3718	
3	549	3723	3731	
3	547	3730	3723	
3	545	3731	3730	
3	3723	3730	3731	
3	277	2969	2972	
3	548	2935	2969	
3	229	2972	2935	
3	2969	2935	2972	
3	545	3730	2971	
3	547	3716	3730	
3	548	2971	3716	
3	3730	3716	2971	
3	550	3651	3732	
3	549	3731	3651	
3	545	3732	3731	
3	3651	3731	3732	
3	446	3733	3735	
3	668	3734	3733	
3	674	3735	3734	
3	3733	3734	3735	
3	660	3736	3737	
3	550	3732	3736	
3	545	3737	3732	
3	3736	3732	3737	
3	549	3650	3738	
3	551	3720	3650	
3	446	3738	3720	
3	3650	3720	3738	
3	515	3739	3653	
3	552	3740	3739	
3	550	3653	3740	
3	3739	3740	3653	
3	551	3649	3648	
3	550	3740	3649	
3	552	3648	3740	
3	3649	3740	3648	
3	515	3741	3739	
3	554	3742	3741	
3	552	3739	3742	
3	3741	3742	3739	
3	556	3743	3745	
3	559	3744	3743	
3	688	3745	3744	
3	3743	3744	3745	
3	552	3742	3747	
3	554	3746	3742	
3	555	3747	3746	
3	3742	3746	3747	
3	559	3748	3744	
3	671	3749	3748	
3	688	3744	3749	
3	3748	3749	3744	
3	516	3646	3652	
3	554	3741	3646	
3	515	3652	3741	
3	3646	3741	3652	
3	555	3746	3750	
3	554	3592	3746	
3	507	3750	3592	
3	3746	3592	3750	
3	556	3751	3616	
3	555	3750	3751	
3	507	3616	3750	
3	3751	3750	3616	
3	552	3747	3647	
3	555	3752	3747	
3	553	3647	3752	
3	3747	3752	3647	
3	557	3617	3753	
3	507	3639	3617	
3	512	3753	3639	
3	3617	3639	3753	
3	556	3454	3743	
3	519	3754	3454	
3	559	3743	3754	
3	3454	3754	3743	
3	512	3636	3753	
3	510	3755	3636	
3	557	3753	3755	
3	3636	3755	3753	
3	558	3657	3680	
3	522	3756	3657	
3	560	3680	3756	
3	3657	3756	3680	
3	557	3755	3637	
3	510	3757	3755	
3	558	3637	3757	
3	3755	3757	3637	
3	520	3658	3659	
3	558	3757	3658	
3	510	3659	3757	
3	3658	3757	3659	
3	519	3681	3759	
3	560	3758	3681	
3	561	3759	3758	
3	3681	3758	3759	
3	668	3733	3760	
3	446	3719	3733	
3	669	3760	3719	
3	3733	3719	3760	
3	522	3675	3756	
3	525	3761	3675	
3	560	3756	3761	
3	3675	3761	3756	
3	519	3759	3754	
3	561	3762	3759	
3	559	3754	3762	
3	3759	3762	3754	
3	525	3763	3761	
3	562	3764	3763	
3	560	3761	3764	
3	3763	3764	3761	
3	560	3764	3758	
3	562	3729	3764	
3	561	3758	3729	
3	3764	3729	3758	
3	525	3683	3766	
3	521	3765	3683	
3	662	3766	3765	
3	3683	3765	3766	
3	562	3763	3768	
3	525	3767	3763	
3	563	3768	3767	
3	3763	3767	3768	
3	415	3769	3435	
3	616	3770	3769	
3	605	3435	3770	
3	3769	3770	3435	
3	565	3771	3728	
3	559	3762	3771	
3	561	3728	3762	
3	3771	3762	3728	
3	682	3772	3774	
3	568	3773	3772	
3	681	3774	3773	
3	3772	3773	3774	
3	664	3775	3777	
3	663	3776	3775	
3	564	3777	3776	
3	3775	3776	3777	
3	563	3662	3768	
3	565	3727	3662	
3	562	3768	3727	
3	3662	3727	3768	
3	565	3661	3778	
3	564	3776	3661	
3	663	3778	3776	
3	3661	3776	3778	
3	672	3779	3781	
3	668	3780	3779	
3	670	3781	3780	
3	3779	3780	3781	
3	568	3782	3773	
3	677	2724	3782	
3	681	3773	2724	
3	3782	2724	3773	
3	567	3783	3785	
3	671	3784	3783	
3	663	3785	3784	
3	3783	3784	3785	
3	664	3632	3787	
3	667	3786	3632	
3	567	3787	3786	
3	3632	3786	3787	
3	570	3788	3790	
3	680	3789	3788	
3	684	3790	3789	
3	3788	3789	3790	
3	673	3791	3793	
3	675	3792	3791	
3	259	3793	3792	
3	3791	3792	3793	
3	546	3794	3796	
3	665	3795	3794	
3	666	3796	3795	
3	3794	3795	3796	
3	590	3797	3798	
3	585	3679	3797	
3	586	3798	3679	
3	3797	3679	3798	
3	576	3799	3801	
3	570	3800	3799	
3	686	3801	3800	
3	3799	3800	3801	
3	256	3420	3803	
3	570	3802	3420	
3	575	3803	3802	
3	3420	3802	3803	
3	694	3804	3711	
3	595	3805	3804	
3	563	3711	3805	
3	3804	3805	3711	
3	571	3806	3808	
3	592	3807	3806	
3	586	3808	3807	
3	3806	3807	3808	
3	437	3427	3422	
3	428	3809	3427	
3	584	3422	3809	
3	3427	3809	3422	
3	588	3810	3812	
3	690	3811	3810	
3	579	3812	3811	
3	3810	3811	3812	
3	258	2924	2932	
3	573	3418	2924	
3	256	2932	3418	
3	2924	3418	2932	
3	259	3792	3814	
3	675	3813	3792	
3	678	3814	3813	
3	3792	3813	3814	
3	541	3815	3816	
3	685	3709	3815	
3	687	3816	3709	
3	3815	3709	3816	
3	580	3817	3819	
3	574	3818	3817	
3	577	3819	3818	
3	3817	3818	3819	
3	570	3799	3802	
3	576	3820	3799	
3	575	3802	3820	
3	3799	3820	3802	
3	576	3821	3823	
3	574	3822	3821	
3	578	3823	3822	
3	3821	3822	3823	
3	570	3790	3800	
3	684	3824	3790	
3	686	3800	3824	
3	3790	3824	3800	
3	574	3825	3822	
3	583	3446	3825	
3	578	3822	3446	
3	3825	3446	3822	
3	683	3826	3828	
3	541	3827	3826	
3	682	3828	3827	
3	3826	3827	3828	
3	574	3821	3818	
3	576	3829	3821	
3	577	3818	3829	
3	3821	3829	3818	
3	273	3441	3416	
3	578	3445	3441	
3	428	3416	3445	
3	3441	3445	3416	
3	575	3820	3442	
3	576	3823	3820	
3	578	3442	3823	
3	3820	3823	3442	
3	572	3830	3831	
3	588	3812	3830	
3	579	3831	3812	
3	3830	3812	3831	
3	687	3832	3833	
3	580	3819	3832	
3	577	3833	3819	
3	3832	3819	3833	
3	574	3834	3836	
3	690	3835	3834	
3	582	3836	3835	
3	3834	3835	3836	
3	574	3817	3834	
3	580	3837	3817	
3	690	3834	3837	
3	3817	3837	3834	
3	543	3838	3840	
3	572	3839	3838	
3	591	3840	3839	
3	3838	3839	3840	
3	572	3838	3830	
3	543	3841	3838	
3	588	3830	3841	
3	3838	3841	3830	
3	585	3797	3843	
3	590	3842	3797	
3	572	3843	3842	
3	3797	3842	3843	
3	584	3809	3844	
3	428	3444	3809	
3	583	3844	3444	
3	3809	3444	3844	
3	574	3836	3825	
3	582	3845	3836	
3	583	3825	3845	
3	3836	3845	3825	
3	583	3845	3844	
3	582	3846	3845	
3	584	3844	3846	
3	3845	3846	3844	
3	601	3847	3849	
3	612	3848	3847	
3	600	3849	3848	
3	3847	3848	3849	
3	586	3850	3798	
3	594	3851	3850	
3	590	3798	3851	
3	3850	3851	3798	
3	569	3852	3678	
3	666	3853	3852	
3	586	3678	3853	
3	3852	3853	3678	
3	572	3831	3843	
3	579	3854	3831	
3	585	3843	3854	
3	3831	3854	3843	
3	593	3855	3856	
3	592	3806	3855	
3	571	3856	3806	
3	3855	3806	3856	
3	592	3857	3807	
3	594	3850	3857	
3	586	3807	3850	
3	3857	3850	3807	
3	599	3858	3860	
3	598	3859	3858	
3	595	3860	3859	
3	3858	3859	3860	
3	733	3861	3862	
3	782	2240	3861	
3	709	3862	2240	
3	3861	2240	3862	
3	603	3863	3864	
3	612	3847	3863	
3	601	3864	3847	
3	3863	3847	3864	
3	597	3865	3867	
3	614	3866	3865	
3	697	3867	3866	
3	3865	3866	3867	
3	622	3868	3870	
3	591	3869	3868	
3	692	3870	3869	
3	3868	3869	3870	
3	594	3871	3851	
3	591	3872	3871	
3	590	3851	3872	
3	3871	3872	3851	
3	599	3873	3875	
3	587	3874	3873	
3	692	3875	3874	
3	3873	3874	3875	
3	692	3869	3876	
3	591	3871	3869	
3	594	3876	3871	
3	3869	3871	3876	
3	594	3877	3878	
3	598	3858	3877	
3	599	3878	3858	
3	3877	3858	3878	
3	9	3879	3881	
3	638	3880	3879	
3	705	3881	3880	
3	3879	3880	3881	
3	571	3882	3856	
3	664	3883	3882	
3	593	3856	3883	
3	3882	3883	3856	
3	595	3884	3885	
3	592	3855	3884	
3	593	3885	3855	
3	3884	3855	3885	
3	563	3886	3663	
3	593	3887	3886	
3	564	3663	3887	
3	3886	3887	3663	
3	593	3886	3885	
3	563	3805	3886	
3	595	3885	3805	
3	3886	3805	3885	
3	594	3857	3877	
3	592	3888	3857	
3	598	3877	3888	
3	3857	3888	3877	
3	572	3842	3839	
3	590	3872	3842	
3	591	3839	3872	
3	3842	3872	3839	
3	604	3715	3890	
3	617	3889	3715	
3	608	3890	3889	
3	3715	3889	3890	
3	584	3891	3421	
3	601	3849	3891	
3	600	3421	3849	
3	3891	3849	3421	
3	633	3892	3894	
3	627	3893	3892	
3	632	3894	3893	
3	3892	3893	3894	
3	618	3713	3896	
3	604	3895	3713	
3	611	3896	3895	
3	3713	3895	3896	
3	592	3884	3888	
3	595	3859	3884	
3	598	3888	3859	
3	3884	3859	3888	
3	693	3897	3898	
3	599	3860	3897	
3	595	3898	3860	
3	3897	3860	3898	
3	599	3875	3878	
3	692	3876	3875	
3	594	3878	3876	
3	3875	3876	3878	
3	599	3899	3873	
3	589	3900	3899	
3	587	3873	3900	
3	3899	3900	3873	
3	601	3891	3901	
3	584	3846	3891	
3	582	3901	3846	
3	3891	3846	3901	
3	600	3902	3382	
3	596	3903	3902	
3	602	3382	3903	
3	3902	3903	3382	
3	582	3904	3901	
3	691	3905	3904	
3	601	3901	3905	
3	3904	3905	3901	
3	612	3906	3908	
3	615	3907	3906	
3	610	3908	3907	
3	3906	3907	3908	
3	606	2231	3909	
3	602	3903	2231	
3	596	3909	3903	
3	2231	3903	3909	
3	415	3425	3910	
3	430	3439	3425	
3	602	3910	3439	
3	3425	3439	3910	
3	617	3911	3913	
3	696	3912	3911	
3	614	3913	3912	
3	3911	3912	3913	
3	604	3914	3916	
3	606	3915	3914	
3	609	3916	3915	
3	3914	3915	3916	
3	610	3917	3919	
3	607	3918	3917	
3	609	3919	3918	
3	3917	3918	3919	
3	609	3920	3916	
3	611	3895	3920	
3	604	3916	3895	
3	3920	3895	3916	
3	597	3921	3922	
3	605	3770	3921	
3	616	3922	3770	
3	3921	3770	3922	
3	801	3373	3923	
3	605	3921	3373	
3	597	3923	3921	
3	3373	3921	3923	
3	610	3919	3924	
3	609	3915	3919	
3	606	3924	3915	
3	3919	3915	3924	
3	608	2229	3890	
3	606	3914	2229	
3	604	3890	3914	
3	2229	3914	3890	
3	610	3907	3917	
3	615	3925	3907	
3	607	3917	3925	
3	3907	3925	3917	
3	632	3926	3927	
3	607	3925	3926	
3	615	3927	3925	
3	3926	3925	3927	
3	617	3928	3889	
3	616	3929	3928	
3	608	3889	3929	
3	3928	3929	3889	
3	602	2230	3910	
3	608	3930	2230	
3	415	3910	3930	
3	2230	3930	3910	
3	610	3924	3931	
3	606	3909	3924	
3	596	3931	3909	
3	3924	3909	3931	
3	611	3920	3932	
3	609	3918	3920	
3	607	3932	3918	
3	3920	3918	3932	
3	612	3933	3848	
3	596	3902	3933	
3	600	3848	3902	
3	3933	3902	3848	
3	612	3908	3933	
3	610	3931	3908	
3	596	3933	3931	
3	3908	3931	3933	
3	788	3934	3936	
3	790	3935	3934	
3	698	3936	3935	
3	3934	3935	3936	
3	415	3930	3769	
3	608	3929	3930	
3	616	3769	3929	
3	3930	3929	3769	
3	603	3937	3939	
3	620	3938	3937	
3	695	3939	3938	
3	3937	3938	3939	
3	603	3940	3863	
3	615	3906	3940	
3	612	3863	3906	
3	3940	3906	3863	
3	622	3941	3868	
3	543	3840	3941	
3	591	3868	3840	
3	3941	3840	3868	
3	632	3942	3926	
3	635	3943	3942	
3	607	3926	3943	
3	3942	3943	3926	
3	617	3714	3911	
3	618	3944	3714	
3	696	3911	3944	
3	3714	3944	3911	
3	795	3945	3947	
3	2010	3946	3945	
3	817	3947	3946	
3	3945	3946	3947	
3	620	3937	3948	
3	603	3864	3937	
3	601	3948	3864	
3	3937	3864	3948	
3	614	3949	3913	
3	616	3928	3949	
3	617	3913	3928	
3	3949	3928	3913	
3	614	3865	3949	
3	597	3922	3865	
3	616	3949	3922	
3	3865	3922	3949	
3	597	3950	3923	
3	803	3951	3950	
3	801	3923	3951	
3	3950	3951	3923	
3	588	3952	3810	
3	691	3953	3952	
3	690	3810	3953	
3	3952	3953	3810	
3	543	3954	3956	
3	631	3955	3954	
3	624	3956	3955	
3	3954	3955	3956	
3	696	3957	3959	
3	628	3958	3957	
3	630	3959	3958	
3	3957	3958	3959	
3	619	3960	3962	
3	697	3961	3960	
3	698	3962	3961	
3	3960	3961	3962	
3	618	3896	3964	
3	611	3963	3896	
3	628	3964	3963	
3	3896	3963	3964	
3	543	3956	3841	
3	624	3965	3956	
3	588	3841	3965	
3	3956	3965	3841	
3	624	3966	3968	
3	620	3967	3966	
3	691	3968	3967	
3	3966	3967	3968	
3	714	3969	3971	
3	639	3970	3969	
3	713	3971	3970	
3	3969	3970	3971	
3	695	3972	3939	
3	633	3973	3972	
3	603	3939	3973	
3	3972	3973	3939	
3	642	3974	3976	
3	641	3975	3974	
3	626	3976	3975	
3	3974	3975	3976	
3	626	3977	3978	
3	620	3966	3977	
3	624	3978	3966	
3	3977	3966	3978	
3	607	3943	3932	
3	635	3979	3943	
3	611	3932	3979	
3	3943	3979	3932	
3	700	3980	3982	
3	706	3981	3980	
3	707	3982	3981	
3	3980	3981	3982	
3	640	3983	3985	
3	638	3984	3983	
3	625	3985	3984	
3	3983	3984	3985	
3	622	3986	3941	
3	631	3954	3986	
3	543	3941	3954	
3	3986	3954	3941	
3	9	3881	3988	
3	705	3987	3881	
3	704	3988	3987	
3	3881	3987	3988	
3	621	3989	3990	
3	633	3972	3989	
3	695	3990	3972	
3	3989	3972	3990	
3	622	3991	3993	
3	705	3992	3991	
3	640	3993	3992	
3	3991	3992	3993	
3	643	3994	3996	
3	645	3995	3994	
3	641	3996	3995	
3	3994	3995	3996	
3	627	3892	3998	
3	633	3997	3892	
3	634	3998	3997	
3	3892	3997	3998	
3	628	3999	4001	
3	769	4000	3999	
3	768	4001	4000	
3	3999	4000	4001	
3	768	4000	4003	
3	769	4002	4000	
3	629	4003	4002	
3	4000	4002	4003	
3	623	4004	4006	
3	706	4005	4004	
3	628	4006	4005	
3	4004	4005	4006	
3	629	4007	4009	
3	635	4008	4007	
3	639	4009	4008	
3	4007	4008	4009	
3	714	4010	3969	
3	716	4011	4010	
3	639	3969	4011	
3	4010	4011	3969	
3	787	4012	4014	
3	698	4013	4012	
3	630	4014	4013	
3	4012	4013	4014	
3	614	3912	3866	
3	696	4015	3912	
3	697	3866	4015	
3	3912	4015	3866	
3	633	3894	4016	
3	632	3927	3894	
3	615	4016	3927	
3	3894	3927	4016	
3	624	3955	4018	
3	631	4017	3955	
3	642	4018	4017	
3	3955	4017	4018	
3	632	3893	3942	
3	627	4019	3893	
3	635	3942	4019	
3	3893	4019	3942	
3	603	3973	3940	
3	633	4016	3973	
3	615	3940	4016	
3	3973	4016	3940	
3	633	3989	3997	
3	621	4020	3989	
3	634	3997	4020	
3	3989	4020	3997	
3	621	4021	4020	
3	636	4022	4021	
3	634	4020	4022	
3	4021	4022	4020	
3	747	4023	4025	
3	729	4024	4023	
3	725	4025	4024	
3	4023	4024	4025	
3	639	4008	4026	
3	635	4019	4008	
3	627	4026	4019	
3	4008	4019	4026	
3	769	4027	4002	
3	635	4007	4027	
3	629	4002	4007	
3	4027	4007	4002	
3	644	4028	4030	
3	621	4029	4028	
3	626	4030	4029	
3	4028	4029	4030	
3	702	4031	4033	
3	716	4032	4031	
3	717	4033	4032	
3	4031	4032	4033	
3	637	4034	4036	
3	712	4035	4034	
3	711	4036	4035	
3	4034	4035	4036	
3	770	4037	4039	
3	711	4038	4037	
3	701	4039	4038	
3	4037	4038	4039	
3	640	3985	4041	
3	625	4040	3985	
3	641	4041	4040	
3	3985	4040	4041	
3	642	4042	3974	
3	640	4041	4042	
3	641	3974	4041	
3	4042	4041	3974	
3	712	4043	4045	
3	713	4044	4043	
3	634	4045	4044	
3	4043	4044	4045	
3	627	4046	4026	
3	713	3970	4046	
3	639	4026	3970	
3	4046	3970	4026	
3	622	3993	3986	
3	640	4047	3993	
3	631	3986	4047	
3	3993	4047	3986	
3	644	4048	4050	
3	645	4049	4048	
3	636	4050	4049	
3	4048	4049	4050	
3	613	4051	4052	
3	645	3994	4051	
3	643	4052	3994	
3	4051	3994	4052	
3	624	4018	3978	
3	642	3976	4018	
3	626	3978	3976	
3	4018	3976	3978	
3	640	4042	4047	
3	642	4017	4042	
3	631	4047	4017	
3	4042	4017	4047	
3	621	4028	4021	
3	644	4050	4028	
3	636	4021	4050	
3	4028	4050	4021	
3	641	4040	3996	
3	625	4053	4040	
3	643	3996	4053	
3	4040	4053	3996	
3	626	3975	4030	
3	641	4054	3975	
3	644	4030	4054	
3	3975	4054	4030	
3	636	4049	4055	
3	645	4051	4049	
3	613	4055	4051	
3	4049	4051	4055	
3	641	3995	4054	
3	645	4048	3995	
3	644	4054	4048	
3	3995	4048	4054	
3	491	3574	3577	
3	498	3596	3574	
3	647	3577	3596	
3	3574	3596	3577	
3	493	3558	3571	
3	646	4056	3558	
3	494	3571	4056	
3	3558	4056	3571	
3	502	3547	3606	
3	647	3595	3547	
3	482	3606	3595	
3	3547	3595	3606	
3	494	4056	3546	
3	646	3575	4056	
3	647	3546	3575	
3	4056	3575	3546	
3	505	3550	3618	
3	648	3621	3550	
3	198	3618	3621	
3	3550	3621	3618	
3	506	3580	3655	
3	517	4057	3580	
3	649	3655	4057	
3	3580	4057	3655	
3	517	3722	4057	
3	280	4058	3722	
3	649	4057	4058	
3	3722	4058	4057	
3	650	4059	3560	
3	280	2962	4059	
3	221	3560	2962	
3	4059	2962	3560	
3	648	2903	3622	
3	650	3559	2903	
3	207	3622	3559	
3	2903	3559	3622	
3	280	4059	4058	
3	650	2902	4059	
3	649	4058	2902	
3	4059	2902	4058	
3	387	3300	3701	
3	651	3280	3300	
3	385	3701	3280	
3	3300	3280	3701	
3	299	3236	4060	
3	651	3301	3236	
3	380	4060	3301	
3	3236	3301	4060	
3	654	3316	4061	
3	653	3704	3316	
3	539	4061	3704	
3	3316	3704	4061	
3	652	3702	3327	
3	653	4062	3702	
3	655	3327	4062	
3	3702	4062	3327	
3	653	3335	4062	
3	396	3697	3335	
3	655	4062	3697	
3	3335	3697	4062	
3	2	3312	4063	
3	654	4061	3312	
3	539	4063	4061	
3	3312	4061	4063	
3	656	3317	4065	
3	654	4064	3317	
3	658	4065	4064	
3	3317	4064	4065	
3	657	3695	4066	
3	396	3306	3695	
3	536	4066	3306	
3	3695	3306	4066	
3	395	3326	4067	
3	391	3328	3326	
3	655	4067	3328	
3	3326	3328	4067	
3	658	4064	4068	
3	654	3311	4064	
3	540	4068	3311	
3	4064	3311	4068	
3	659	4069	3331	
3	656	4065	4069	
3	658	3331	4065	
3	4069	4065	3331	
3	537	3699	3298	
3	657	4066	3699	
3	536	3298	4066	
3	3699	4066	3298	
3	395	4067	3698	
3	655	3696	4067	
3	657	3698	3696	
3	4067	3696	3698	
3	540	4070	4068	
3	376	4071	4070	
3	658	4068	4071	
3	4070	4071	4068	
3	387	3332	3267	
3	658	4071	3332	
3	376	3267	4071	
3	3332	4071	3267	
3	538	3690	3700	
3	659	3333	3690	
3	387	3700	3333	
3	3690	3333	3700	
3	396	3334	3304	
3	656	4069	3334	
3	659	3304	4069	
3	3334	4069	3304	
3	545	2970	3737	
3	277	4072	2970	
3	660	3737	4072	
3	2970	4072	3737	
3	280	4073	3001	
3	660	4072	4073	
3	277	3001	4072	
3	4073	4072	3001	
3	550	3736	3654	
3	660	4074	3736	
3	661	3654	4074	
3	3736	4074	3654	
3	280	3721	4073	
3	661	4074	3721	
3	660	4073	4074	
3	3721	4074	4073	
3	565	3778	3771	
3	663	4075	3778	
3	559	3771	4075	
3	3778	4075	3771	
3	563	3767	3712	
3	525	4076	3767	
3	703	3712	4076	
3	3767	4076	3712	
3	665	3633	4077	
3	664	3882	3633	
3	571	4077	3882	
3	3633	3882	4077	
3	564	3887	3777	
3	593	3883	3887	
3	664	3777	3883	
3	3887	3883	3777	
3	567	3785	3787	
3	663	3775	3785	
3	664	3787	3775	
3	3785	3775	3787	
3	666	3795	4078	
3	665	4077	3795	
3	571	4078	4077	
3	3795	4077	4078	
3	665	3794	3634	
3	546	4079	3794	
3	667	3634	4079	
3	3794	4079	3634	
3	586	3853	3808	
3	666	4078	3853	
3	571	3808	4078	
3	3853	4078	3808	
3	666	3852	4081	
3	569	4080	3852	
3	681	4081	4080	
3	3852	4080	4081	
3	670	4082	4084	
3	546	4083	4082	
3	679	4084	4083	
3	4082	4083	4084	
3	674	3734	4085	
3	668	3779	3734	
3	672	4085	3779	
3	3734	3779	4085	
3	567	3786	4087	
3	667	4086	3786	
3	668	4087	4086	
3	3786	4086	4087	
3	670	3780	4088	
3	668	4086	3780	
3	667	4088	4086	
3	3780	4086	4088	
3	553	4089	3726	
3	688	3749	4089	
3	671	3726	3749	
3	4089	3749	3726	
3	567	4087	4090	
3	668	3760	4087	
3	669	4090	3760	
3	4087	3760	4090	
3	546	4082	4079	
3	670	4088	4082	
3	667	4079	4088	
3	4082	4088	4079	
3	672	3781	4092	
3	670	4091	3781	
3	566	4092	4091	
3	3781	4091	4092	
3	663	3784	4075	
3	671	3748	3784	
3	559	4075	3748	
3	3784	3748	4075	
3	567	4090	3783	
3	669	3725	4090	
3	671	3783	3725	
3	4090	3725	3783	
3	673	3706	4093	
3	672	4092	3706	
3	566	4093	4092	
3	3706	4092	4093	
3	672	3705	4085	
3	544	4094	3705	
3	674	4085	4094	
3	3705	4094	4085	
3	675	3791	4095	
3	673	4093	3791	
3	566	4095	4093	
3	3791	4093	4095	
3	676	2977	2937	
3	271	3717	2977	
3	547	2937	3717	
3	2977	3717	2937	
3	544	3724	4094	
3	549	4096	3724	
3	674	4094	4096	
3	3724	4096	4094	
3	549	3738	4096	
3	446	3735	3738	
3	674	4096	3735	
3	3738	3735	4096	
3	566	4097	4095	
3	677	4098	4097	
3	675	4095	4098	
3	4097	4098	4095	
3	678	2985	3814	
3	573	4099	2985	
3	259	3814	4099	
3	2985	4099	3814	
3	673	3793	2961	
3	259	4100	3793	
3	676	2961	4100	
3	3793	4100	2961	
3	689	2978	4101	
3	676	4100	2978	
3	259	4101	4100	
3	2978	4100	4101	
3	679	2725	4102	
3	677	4097	2725	
3	566	4102	4097	
3	2725	4097	4102	
3	680	2986	4104	
3	678	4103	2986	
3	677	4104	4103	
3	2986	4103	4104	
3	675	4098	3813	
3	677	4103	4098	
3	678	3813	4103	
3	4098	4103	3813	
3	680	4104	4105	
3	677	3782	4104	
3	568	4105	3782	
3	4104	3782	4105	
3	670	4084	4091	
3	679	4102	4084	
3	566	4091	4102	
3	4084	4102	4091	
3	679	4083	2726	
3	546	4106	4083	
3	681	2726	4106	
3	4083	4106	2726	
3	684	4107	4108	
3	568	3772	4107	
3	682	4108	3772	
3	4107	3772	4108	
3	570	3419	3788	
3	573	2987	3419	
3	680	3788	2987	
3	3419	2987	3788	
3	666	4081	3796	
3	681	4106	4081	
3	546	3796	4106	
3	4081	4106	3796	
3	682	3774	4109	
3	681	4080	3774	
3	569	4109	4080	
3	3774	4080	4109	
3	683	3828	4110	
3	682	4109	3828	
3	569	4110	4109	
3	3828	4109	4110	
3	684	4108	4111	
3	682	3827	4108	
3	541	4111	3827	
3	4108	3827	4111	
3	569	3677	4110	
3	585	4112	3677	
3	683	4110	4112	
3	3677	4112	4110	
3	685	4113	3707	
3	585	3854	4113	
3	579	3707	3854	
3	4113	3854	3707	
3	684	4111	3824	
3	541	4114	4111	
3	686	3824	4114	
3	4111	4114	3824	
3	680	4105	3789	
3	568	4107	4105	
3	684	3789	4107	
3	4105	4107	3789	
3	541	3826	3815	
3	683	4115	3826	
3	685	3815	4115	
3	3826	4115	3815	
3	585	4113	4112	
3	685	4115	4113	
3	683	4112	4115	
3	4113	4115	4112	
3	541	4116	4114	
3	577	4117	4116	
3	686	4114	4117	
3	4116	4117	4114	
3	576	3801	3829	
3	686	4117	3801	
3	577	3829	4117	
3	3801	4117	3829	
3	580	3832	4118	
3	687	3708	3832	
3	579	4118	3708	
3	3832	3708	4118	
3	541	3816	4116	
3	687	3833	3816	
3	577	4116	3833	
3	3816	3833	4116	
3	553	3752	4089	
3	555	4119	3752	
3	688	4089	4119	
3	3752	4119	4089	
3	556	3745	3751	
3	688	4119	3745	
3	555	3751	4119	
3	3745	4119	3751	
3	689	4101	2923	
3	259	4099	4101	
3	573	2923	4099	
3	4101	4099	2923	
3	271	2979	2913	
3	689	2931	2979	
3	253	2913	2931	
3	2979	2931	2913	
3	579	3811	4118	
3	690	3837	3811	
3	580	4118	3837	
3	3811	3837	4118	
3	588	3965	3952	
3	624	3968	3965	
3	691	3952	3968	
3	3965	3968	3952	
3	601	3905	3948	
3	691	3967	3905	
3	620	3948	3967	
3	3905	3967	3948	
3	582	3835	3904	
3	690	3953	3835	
3	691	3904	3953	
3	3835	3953	3904	
3	587	4120	4121	
3	9	3988	4120	
3	704	4121	3988	
3	4120	3988	4121	
3	513	4122	4124	
3	693	4123	4122	
3	694	4124	4123	
3	4122	4123	4124	
3	599	3897	3899	
3	693	4125	3897	
3	589	3899	4125	
3	3897	4125	3899	
3	595	3804	3898	
3	694	4123	3804	
3	693	3898	4123	
3	3804	4123	3898	
3	620	3977	3938	
3	626	4126	3977	
3	695	3938	4126	
3	3977	4126	3938	
3	626	4029	4126	
3	621	3990	4029	
3	695	4126	3990	
3	4029	3990	4126	
3	628	3957	3964	
3	696	3944	3957	
3	618	3964	3944	
3	3957	3944	3964	
3	697	4015	4127	
3	696	3959	4015	
3	630	4127	3959	
3	4015	3959	4127	
3	698	3961	4013	
3	697	4127	3961	
3	630	4013	4127	
3	3961	4127	4013	
3	597	3867	4128	
3	697	3960	3867	
3	619	4128	3960	
3	3867	3960	4128	
3	630	3958	4129	
3	628	4005	3958	
3	706	4129	4005	
3	3958	4005	4129	
3	811	4130	4132	
3	26	4131	4130	
3	820	4132	4131	
3	4130	4131	4132	
3	706	4133	4129	
3	787	4014	4133	
3	630	4129	4014	
3	4133	4014	4129	
3	789	4134	4136	
3	794	4135	4134	
3	699	4136	4135	
3	4134	4135	4136	
3	708	4137	4139	
3	707	4138	4137	
3	623	4139	4138	
3	4137	4138	4139	
3	785	4140	4141	
3	709	2239	4140	
3	783	4141	2239	
3	4140	2239	4141	
3	712	4142	4035	
3	636	4143	4142	
3	711	4035	4143	
3	4142	4143	4035	
3	771	4144	4146	
3	637	4145	4144	
3	770	4146	4145	
3	4144	4145	4146	
3	662	3670	3766	
3	703	4076	3670	
3	525	3766	4076	
3	3670	4076	3766	
3	720	4147	4149	
3	721	4148	4147	
3	722	4149	4148	
3	4147	4148	4149	
3	694	3710	4124	
3	703	3669	3710	
3	513	4124	3669	
3	3710	3669	4124	
3	622	3870	4151	
3	692	4150	3870	
3	704	4151	4150	
3	3870	4150	4151	
3	587	4121	3874	
3	704	4150	4121	
3	692	3874	4150	
3	4121	4150	3874	
3	640	3992	3983	
3	705	3880	3992	
3	638	3983	3880	
3	3992	3880	3983	
3	622	4151	3991	
3	704	3987	4151	
3	705	3991	3987	
3	4151	3987	3991	
3	707	3981	4138	
3	706	4004	3981	
3	623	4138	4004	
3	3981	4004	4138	
3	706	3980	4133	
3	700	4152	3980	
3	787	4133	4152	
3	3980	4152	4133	
3	708	4139	4154	
3	623	4153	4139	
3	768	4154	4153	
3	4139	4153	4154	
3	722	4155	4149	
3	708	4156	4155	
3	720	4149	4156	
3	4155	4156	4149	
3	718	4157	4159	
3	629	4158	4157	
3	716	4159	4158	
3	4157	4158	4159	
3	718	4160	4161	
3	720	4156	4160	
3	708	4161	4156	
3	4160	4156	4161	
3	709	4162	4164	
3	721	4163	4162	
3	727	4164	4163	
3	4162	4163	4164	
3	727	4165	4164	
3	733	3862	4165	
3	709	4164	3862	
3	4165	3862	4164	
3	636	4166	4143	
3	710	4167	4166	
3	711	4143	4167	
3	4166	4167	4143	
3	636	4055	4166	
3	613	4168	4055	
3	710	4166	4168	
3	4055	4168	4166	
3	701	4038	4169	
3	711	4167	4038	
3	710	4169	4167	
3	4038	4167	4169	
3	712	4034	4043	
3	637	4170	4034	
3	713	4043	4170	
3	4034	4170	4043	
3	636	4142	4022	
3	712	4045	4142	
3	634	4022	4045	
3	4142	4045	4022	
3	713	4046	4044	
3	627	3998	4046	
3	634	4044	3998	
3	4046	3998	4044	
3	714	3971	4171	
3	713	4170	3971	
3	637	4171	4170	
3	3971	4170	4171	
3	770	4145	4037	
3	637	4036	4145	
3	711	4037	4036	
3	4145	4036	4037	
3	714	4172	4010	
3	717	4032	4172	
3	716	4010	4032	
3	4172	4032	4010	
3	715	4173	4175	
3	581	4174	4173	
3	741	4175	4174	
3	4173	4174	4175	
3	743	4176	4178	
3	742	4177	4176	
3	726	4178	4177	
3	4176	4177	4178	
3	718	4159	4179	
3	716	4031	4159	
3	702	4179	4031	
3	4159	4031	4179	
3	629	4009	4158	
3	639	4011	4009	
3	716	4158	4011	
3	4009	4011	4158	
3	770	4039	4146	
3	701	4180	4039	
3	771	4146	4180	
3	4039	4180	4146	
3	739	4181	4183	
3	741	4182	4181	
3	743	4183	4182	
3	4181	4182	4183	
3	747	4184	4023	
3	744	4185	4184	
3	729	4023	4185	
3	4184	4185	4023	
3	629	4157	4186	
3	718	4161	4157	
3	708	4186	4161	
3	4157	4161	4186	
3	750	4187	4189	
3	734	4188	4187	
3	724	4189	4188	
3	4187	4188	4189	
3	721	4147	4191	
3	720	4190	4147	
3	728	4191	4190	
3	4147	4190	4191	
3	702	4192	4179	
3	720	4160	4192	
3	718	4179	4160	
3	4192	4160	4179	
3	731	4193	4195	
3	725	4194	4193	
3	728	4195	4194	
3	4193	4194	4195	
3	720	4196	4190	
3	731	4195	4196	
3	728	4190	4195	
3	4196	4195	4190	
3	785	4197	4198	
3	722	4148	4197	
3	721	4198	4148	
3	4197	4148	4198	
3	785	4198	4140	
3	721	4162	4198	
3	709	4140	4162	
3	4198	4162	4140	
3	707	4137	4199	
3	708	4155	4137	
3	722	4199	4155	
3	4137	4155	4199	
3	759	4200	4202	
3	730	4201	4200	
3	737	4202	4201	
3	4200	4201	4202	
3	738	4203	4205	
3	702	4204	4203	
3	739	4205	4204	
3	4203	4204	4205	
3	747	4206	4208	
3	748	4207	4206	
3	767	4208	4207	
3	4206	4207	4208	
3	729	4209	4210	
3	727	4163	4209	
3	721	4210	4163	
3	4209	4163	4210	
3	739	4183	4211	
3	743	4178	4183	
3	726	4211	4178	
3	4183	4178	4211	
3	731	4212	4193	
3	740	4213	4212	
3	725	4193	4213	
3	4212	4213	4193	
3	721	4191	4210	
3	728	4214	4191	
3	729	4210	4214	
3	4191	4214	4210	
3	734	4215	4216	
3	733	4165	4215	
3	727	4216	4165	
3	4215	4165	4216	
3	731	4196	4217	
3	720	4192	4196	
3	702	4217	4192	
3	4196	4192	4217	
3	728	4194	4214	
3	725	4024	4194	
3	729	4214	4024	
3	4194	4024	4214	
3	747	4025	4206	
3	725	4218	4025	
3	748	4206	4218	
3	4025	4218	4206	
3	724	4219	4220	
3	727	4209	4219	
3	729	4220	4209	
3	4219	4209	4220	
3	730	4221	4222	
3	733	4215	4221	
3	734	4222	4215	
3	4221	4215	4222	
3	789	4223	4225	
3	784	4224	4223	
3	791	4225	4224	
3	4223	4224	4225	
3	702	4203	4217	
3	738	4226	4203	
3	731	4217	4226	
3	4203	4226	4217	
3	731	4226	4212	
3	738	4227	4226	
3	740	4212	4227	
3	4226	4227	4212	
3	779	4228	4230	
3	749	4229	4228	
3	752	4230	4229	
3	4228	4229	4230	
3	751	4231	4233	
3	753	4232	4231	
3	750	4233	4232	
3	4231	4232	4233	
3	734	4216	4188	
3	727	4219	4216	
3	724	4188	4219	
3	4216	4219	4188	
3	730	4234	4236	
3	781	4235	4234	
3	782	4236	4235	
3	4234	4235	4236	
3	729	4185	4220	
3	744	4237	4185	
3	724	4220	4237	
3	4185	4237	4220	
3	734	4238	4240	
3	736	4239	4238	
3	737	4240	4239	
3	4238	4239	4240	
3	762	4241	4243	
3	781	4242	4241	
3	759	4243	4242	
3	4241	4242	4243	
3	700	4244	4246	
3	783	4245	4244	
3	784	4246	4245	
3	4244	4245	4246	
3	93	4247	4249	
3	823	4248	4247	
3	826	4249	4248	
3	4247	4248	4249	
3	734	4240	4222	
3	737	4201	4240	
3	730	4222	4201	
3	4240	4201	4222	
3	736	4250	4252	
3	755	4251	4250	
3	772	4252	4251	
3	4250	4251	4252	
3	762	4253	4241	
3	793	4254	4253	
3	781	4241	4254	
3	4253	4254	4241	
3	739	4204	4255	
3	702	4033	4204	
3	717	4255	4033	
3	4204	4033	4255	
3	740	4227	4257	
3	738	4256	4227	
3	726	4257	4256	
3	4227	4256	4257	
3	739	4255	4181	
3	717	4258	4255	
3	741	4181	4258	
3	4255	4258	4181	
3	726	4256	4211	
3	738	4205	4256	
3	739	4211	4205	
3	4256	4205	4211	
3	726	4259	4257	
3	723	4260	4259	
3	740	4257	4260	
3	4259	4260	4257	
3	760	4261	4263	
3	764	4262	4261	
3	763	4263	4262	
3	4261	4262	4263	
3	771	4264	4265	
3	717	4172	4264	
3	714	4265	4172	
3	4264	4172	4265	
3	715	4175	4267	
3	741	4266	4175	
3	771	4267	4266	
3	4175	4266	4267	
3	741	4174	4182	
3	581	4268	4174	
3	743	4182	4268	
3	4174	4268	4182	
3	723	4259	4269	
3	726	4177	4259	
3	742	4269	4177	
3	4259	4177	4269	
3	732	4270	4272	
3	752	4271	4270	
3	751	4272	4271	
3	4270	4271	4272	
3	742	4176	4273	
3	743	4268	4176	
3	581	4273	4268	
3	4176	4268	4273	
3	734	4187	4238	
3	750	4274	4187	
3	736	4238	4274	
3	4187	4274	4238	
3	736	4274	4275	
3	750	4232	4274	
3	753	4275	4232	
3	4274	4232	4275	
3	773	4276	4278	
3	775	4277	4276	
3	754	4278	4277	
3	4276	4277	4278	
3	759	4202	4280	
3	737	4279	4202	
3	761	4280	4279	
3	4202	4279	4280	
3	759	4280	4282	
3	761	4281	4280	
3	838	4282	4281	
3	4280	4281	4282	
3	748	4218	4283	
3	725	4213	4218	
3	740	4283	4213	
3	4218	4213	4283	
3	732	4284	4285	
3	744	4184	4284	
3	747	4285	4184	
3	4284	4184	4285	
3	763	4286	4287	
3	740	4260	4286	
3	723	4287	4260	
3	4286	4260	4287	
3	764	4288	4289	
3	767	4207	4288	
3	748	4289	4207	
3	4288	4207	4289	
3	752	4229	4271	
3	749	4290	4229	
3	751	4271	4290	
3	4229	4290	4271	
3	755	4250	4291	
3	736	4275	4250	
3	753	4291	4275	
3	4250	4275	4291	
3	724	4237	4189	
3	744	4292	4237	
3	750	4189	4292	
3	4237	4292	4189	
3	751	4233	4293	
3	750	4292	4233	
3	744	4293	4292	
3	4233	4292	4293	
3	732	4272	4284	
3	751	4293	4272	
3	744	4284	4293	
3	4272	4293	4284	
3	751	4290	4231	
3	749	4294	4290	
3	753	4231	4294	
3	4290	4294	4231	
3	758	4295	4297	
3	756	4296	4295	
3	778	4297	4296	
3	4295	4296	4297	
3	757	4298	4299	
3	749	4228	4298	
3	779	4299	4228	
3	4298	4228	4299	
3	754	4300	4301	
3	753	4294	4300	
3	749	4301	4294	
3	4300	4294	4301	
3	753	4300	4291	
3	754	4302	4300	
3	755	4291	4302	
3	4300	4302	4291	
3	773	4303	4304	
3	749	4298	4303	
3	757	4304	4298	
3	4303	4298	4304	
3	775	4276	4306	
3	773	4305	4276	
3	776	4306	4305	
3	4276	4305	4306	
3	754	4307	4309	
3	852	4308	4307	
3	851	4309	4308	
3	4307	4308	4309	
3	772	4251	4311	
3	755	4310	4251	
3	745	4311	4310	
3	4251	4310	4311	
3	757	4312	4314	
3	849	4313	4312	
3	848	4314	4313	
3	4312	4313	4314	
3	779	4315	4317	
3	732	4316	4315	
3	758	4317	4316	
3	4315	4316	4317	
3	749	4303	4301	
3	773	4278	4303	
3	754	4301	4278	
3	4303	4278	4301	
3	767	4288	4319	
3	764	4318	4288	
3	765	4319	4318	
3	4288	4318	4319	
3	758	4320	4322	
3	765	4321	4320	
3	766	4322	4321	
3	4320	4321	4322	
3	737	4323	4279	
3	772	4324	4323	
3	761	4279	4324	
3	4323	4324	4279	
3	759	4325	4243	
3	746	4326	4325	
3	762	4243	4326	
3	4325	4326	4243	
3	761	4327	4329	
3	837	4328	4327	
3	832	4329	4328	
3	4327	4328	4329	
3	719	4330	4331	
3	764	4261	4330	
3	760	4331	4261	
3	4330	4261	4331	
3	829	4332	4334	
3	827	4333	4332	
3	828	4334	4333	
3	4332	4333	4334	
3	796	4335	4337	
3	762	4336	4335	
3	797	4337	4336	
3	4335	4336	4337	
3	789	4338	4223	
3	788	4339	4338	
3	784	4223	4339	
3	4338	4339	4223	
3	760	4263	4340	
3	763	4287	4263	
3	723	4340	4287	
3	4263	4287	4340	
3	748	4283	4341	
3	740	4286	4283	
3	763	4341	4286	
3	4283	4286	4341	
3	765	4318	4342	
3	764	4330	4318	
3	719	4342	4330	
3	4318	4330	4342	
3	763	4262	4341	
3	764	4289	4262	
3	748	4341	4289	
3	4262	4289	4341	
3	758	4322	4295	
3	766	4343	4322	
3	756	4295	4343	
3	4322	4343	4295	
3	767	4344	4345	
3	758	4316	4344	
3	732	4345	4316	
3	4344	4316	4345	
3	758	4344	4320	
3	767	4319	4344	
3	765	4320	4319	
3	4344	4319	4320	
3	765	4342	4321	
3	719	4346	4342	
3	766	4321	4346	
3	4342	4346	4321	
3	747	4208	4285	
3	767	4345	4208	
3	732	4285	4345	
3	4208	4345	4285	
3	628	4001	4006	
3	768	4153	4001	
3	623	4006	4153	
3	4001	4153	4006	
3	629	4186	4003	
3	708	4154	4186	
3	768	4003	4154	
3	4186	4154	4003	
3	628	3963	3999	
3	611	4347	3963	
3	769	3999	4347	
3	3963	4347	3999	
3	635	4027	3979	
3	769	4347	4027	
3	611	3979	4347	
3	4027	4347	3979	
3	717	4264	4258	
3	771	4266	4264	
3	741	4258	4266	
3	4264	4266	4258	
3	701	4348	4180	
3	715	4267	4348	
3	771	4180	4267	
3	4348	4267	4180	
3	637	4144	4171	
3	771	4265	4144	
3	714	4171	4265	
3	4144	4265	4171	
3	761	4324	4349	
3	772	4311	4324	
3	745	4349	4311	
3	4324	4311	4349	
3	736	4252	4239	
3	772	4323	4252	
3	737	4239	4323	
3	4252	4323	4239	
3	757	4350	4312	
3	778	4351	4350	
3	849	4312	4351	
3	4350	4351	4312	
3	773	4304	4305	
3	757	4352	4304	
3	776	4305	4352	
3	4304	4352	4305	
3	777	4353	4354	
3	848	4313	4353	
3	849	4354	4313	
3	4353	4313	4354	
3	847	4355	4357	
3	1184	4356	4355	
3	843	4357	4356	
3	4355	4356	4357	
3	843	4358	4360	
3	831	4359	4358	
3	842	4360	4359	
3	4358	4359	4360	
3	839	4361	4363	
3	845	4362	4361	
3	843	4363	4362	
3	4361	4362	4363	
3	849	4351	4364	
3	778	4296	4351	
3	756	4364	4296	
3	4351	4296	4364	
3	776	4365	4367	
3	774	4366	4365	
3	856	4367	4366	
3	4365	4366	4367	
3	756	4368	4364	
3	777	4354	4368	
3	849	4364	4354	
3	4368	4354	4364	
3	863	4369	4371	
3	845	4370	4369	
3	846	4371	4370	
3	4369	4370	4371	
3	757	4314	4352	
3	848	4372	4314	
3	776	4352	4372	
3	4314	4372	4352	
3	779	4373	4299	
3	778	4350	4373	
3	757	4299	4350	
3	4373	4350	4299	
3	732	4315	4270	
3	779	4230	4315	
3	752	4270	4230	
3	4315	4230	4270	
3	778	4373	4297	
3	779	4317	4373	
3	758	4297	4317	
3	4373	4317	4297	
3	842	4359	4375	
3	831	4374	4359	
3	780	4375	4374	
3	4359	4374	4375	
3	1189	4376	4378	
3	1193	4377	4376	
3	1192	4378	4377	
3	4376	4377	4378	
3	782	4235	4380	
3	781	4379	4235	
3	735	4380	4379	
3	4235	4379	4380	
3	759	4242	4200	
3	781	4234	4242	
3	730	4200	4234	
3	4242	4234	4200	
3	782	4380	2238	
3	735	4381	4380	
3	783	2238	4381	
3	4380	4381	2238	
3	730	4236	4221	
3	782	3861	4236	
3	733	4221	3861	
3	4236	3861	4221	
3	784	4245	4382	
3	783	4381	4245	
3	735	4382	4381	
3	4245	4381	4382	
3	785	4141	4383	
3	783	4244	4141	
3	700	4383	4244	
3	4141	4244	4383	
3	793	4384	4386	
3	786	4385	4384	
3	791	4386	4385	
3	4384	4385	4386	
3	788	3936	4387	
3	698	4012	3936	
3	787	4387	4012	
3	3936	4012	4387	
3	700	3982	4383	
3	707	4388	3982	
3	785	4383	4388	
3	3982	4388	4383	
3	722	4197	4199	
3	785	4388	4197	
3	707	4199	4388	
3	4197	4388	4199	
3	796	4389	4390	
3	786	4384	4389	
3	793	4390	4384	
3	4389	4384	4390	
3	810	4391	4393	
3	811	4392	4391	
3	794	4393	4392	
3	4391	4392	4393	
3	700	4246	4152	
3	784	4394	4246	
3	787	4152	4394	
3	4246	4394	4152	
3	788	4387	4339	
3	787	4394	4387	
3	784	4339	4394	
3	4387	4394	4339	
3	735	4395	4382	
3	791	4224	4395	
3	784	4382	4224	
3	4395	4224	4382	
3	788	4396	3934	
3	699	4397	4396	
3	790	3934	4397	
3	4396	4397	3934	
3	794	4134	4399	
3	789	4398	4134	
3	786	4399	4398	
3	4134	4398	4399	
3	699	4396	4136	
3	788	4338	4396	
3	789	4136	4338	
3	4396	4338	4136	
3	820	4131	4401	
3	26	4400	4131	
3	795	4401	4400	
3	4131	4400	4401	
3	698	3935	3962	
3	790	4402	3935	
3	619	3962	4402	
3	3935	4402	3962	
3	793	4386	4403	
3	791	4395	4386	
3	735	4403	4395	
3	4386	4395	4403	
3	786	4398	4385	
3	789	4225	4398	
3	791	4385	4225	
3	4398	4225	4385	
3	792	4404	4406	
3	794	4405	4404	
3	798	4406	4405	
3	4404	4405	4406	
3	802	2397	4408	
3	808	4407	2397	
3	792	4408	4407	
3	2397	4407	4408	
3	793	4253	4390	
3	762	4335	4253	
3	796	4390	4335	
3	4253	4335	4390	
3	781	4254	4379	
3	793	4403	4254	
3	735	4379	4403	
3	4254	4403	4379	
3	798	4405	4409	
3	794	4399	4405	
3	786	4409	4399	
3	4405	4399	4409	
3	811	4391	4130	
3	810	4410	4391	
3	26	4130	4410	
3	4391	4410	4130	
3	811	4132	4412	
3	820	4411	4132	
3	699	4412	4411	
3	4132	4411	4412	
3	619	4413	4414	
3	820	2392	4413	
3	803	4414	2392	
3	4413	2392	4414	
3	797	4336	4415	
3	762	4326	4336	
3	746	4415	4326	
3	4336	4326	4415	
3	798	4416	4406	
3	802	4408	4416	
3	792	4406	4408	
3	4416	4408	4406	
3	94	4417	4419	
3	802	4418	4417	
3	850	4419	4418	
3	4417	4418	4419	
3	796	4420	4422	
3	800	4421	4420	
3	798	4422	4421	
3	4420	4421	4422	
3	786	4389	4409	
3	796	4422	4389	
3	798	4409	4422	
3	4389	4422	4409	
3	796	4337	4420	
3	797	4423	4337	
3	800	4420	4423	
3	4337	4423	4420	
3	837	4424	4328	
3	830	4425	4424	
3	832	4328	4425	
3	4424	4425	4328	
3	799	4426	4428	
3	2011	4427	4426	
3	827	4428	4427	
3	4426	4427	4428	
3	746	4429	4415	
3	805	2404	4429	
3	797	4415	2404	
3	4429	2404	4415	
3	800	4430	4431	
3	850	4418	4430	
3	802	4431	4418	
3	4430	4418	4431	
3	803	3950	4414	
3	597	4128	3950	
3	619	4414	4128	
3	3950	4128	4414	
3	812	4432	4433	
3	89	3438	4432	
3	801	4433	3438	
3	4432	3438	4433	
3	800	4431	4421	
3	802	4416	4431	
3	798	4421	4416	
3	4431	4416	4421	
3	806	2398	2236	
3	802	4417	2398	
3	94	2236	4417	
3	2398	4417	2236	
3	790	4434	4402	
3	820	4413	4434	
3	619	4402	4413	
3	4434	4413	4402	
3	812	4435	4436	
3	803	2391	4435	
3	435	4436	2391	
3	4435	2391	4436	
3	792	4407	4438	
3	808	4437	4407	
3	809	4438	4437	
3	4407	4437	4438	
3	94	4439	2237	
3	822	4440	4439	
3	823	2237	4440	
3	4439	4440	2237	
3	1192	2400	4442	
3	825	4441	2400	
3	55	4442	4441	
3	2400	4441	4442	
3	836	4443	4445	
3	838	4444	4443	
3	832	4445	4444	
3	4443	4444	4445	
3	822	4446	4448	
3	805	4447	4446	
3	2011	4448	4447	
3	4446	4447	4448	
3	807	2395	4449	
3	808	2399	2395	
3	806	4449	2399	
3	2395	2399	4449	
3	806	4450	4449	
3	93	4451	4450	
3	807	4449	4451	
3	4450	4451	4449	
3	809	4437	4452	
3	808	2394	4437	
3	804	4452	2394	
3	4437	2394	4452	
3	25	4453	4455	
3	2010	4454	4453	
3	819	4455	4454	
3	4453	4454	4455	
3	809	4456	2060	
3	819	4454	4456	
3	2010	2060	4454	
3	4456	4454	2060	
3	794	4404	4393	
3	792	4457	4404	
3	810	4393	4457	
3	4404	4457	4393	
3	792	4438	4457	
3	809	2062	4438	
3	810	4457	2062	
3	4438	2062	4457	
3	817	4458	3947	
3	435	4459	4458	
3	795	3947	4459	
3	4458	4459	3947	
3	699	4135	4412	
3	794	4392	4135	
3	811	4412	4392	
3	4135	4392	4412	
3	803	4435	3951	
3	812	4433	4435	
3	801	3951	4433	
3	4435	4433	3951	
3	812	4460	4462	
3	815	4461	4460	
3	814	4462	4461	
3	4460	4461	4462	
3	815	4460	4463	
3	812	4436	4460	
3	435	4463	4436	
3	4460	4436	4463	
3	817	4464	4466	
3	813	4465	4464	
3	815	4466	4465	
3	4464	4465	4466	
3	89	4432	3377	
3	812	4462	4432	
3	814	3377	4462	
3	4432	4462	3377	
3	817	4466	4458	
3	815	4463	4466	
3	435	4458	4463	
3	4466	4463	4458	
3	816	4467	4468	
3	815	4465	4467	
3	813	4468	4465	
3	4467	4465	4468	
3	2010	3945	4469	
3	795	4400	3945	
3	26	4469	4400	
3	3945	4400	4469	
3	815	4467	4461	
3	816	2223	4467	
3	814	4461	2223	
3	4467	2223	4461	
3	821	4470	4471	
3	813	4464	4470	
3	817	4471	4464	
3	4470	4464	4471	
3	825	4472	4474	
3	818	4473	4472	
3	824	4474	4473	
3	4472	4473	4474	
3	822	4475	4477	
3	799	4476	4475	
3	824	4477	4476	
3	4475	4476	4477	
3	820	4401	2393	
3	795	4459	4401	
3	435	2393	4459	
3	4401	4459	2393	
3	809	4452	4456	
3	804	4478	4452	
3	819	4456	4478	
3	4452	4478	4456	
3	699	4411	4397	
3	820	4434	4411	
3	790	4397	4434	
3	4411	4434	4397	
3	822	4477	4440	
3	824	4479	4477	
3	823	4440	4479	
3	4477	4479	4440	
3	2010	4480	3946	
3	821	4471	4480	
3	817	3946	4471	
3	4480	4471	3946	
3	850	4481	4419	
3	822	4439	4481	
3	94	4419	4439	
3	4481	4439	4419	
3	93	4450	4247	
3	806	2235	4450	
3	823	4247	2235	
3	4450	2235	4247	
3	825	4474	4482	
3	824	4476	4474	
3	799	4482	4476	
3	4474	4476	4482	
3	826	4483	4484	
3	824	4473	4483	
3	818	4484	4473	
3	4483	4473	4484	
3	55	4441	4486	
3	825	4485	4441	
3	827	4486	4485	
3	4441	4485	4486	
3	835	4487	4488	
3	818	4472	4487	
3	825	4488	4472	
3	4487	4472	4488	
3	825	4482	4485	
3	799	4428	4482	
3	827	4485	4428	
3	4482	4428	4485	
3	824	4483	4479	
3	826	4248	4483	
3	823	4479	4248	
3	4483	4248	4479	
3	827	4427	4333	
3	2011	4489	4427	
3	828	4333	4489	
3	4427	4489	4333	
3	836	4445	4491	
3	832	4490	4445	
3	828	4491	4490	
3	4445	4490	4491	
3	827	4332	4486	
3	829	4492	4332	
3	55	4486	4492	
3	4332	4492	4486	
3	828	4493	4334	
3	830	4494	4493	
3	829	4334	4494	
3	4493	4494	4334	
3	834	4495	4497	
3	830	4496	4495	
3	780	4497	4496	
3	4495	4496	4497	
3	832	4425	4490	
3	830	4493	4425	
3	828	4490	4493	
3	4425	4493	4490	
3	1187	4498	4499	
3	780	4374	4498	
3	831	4499	4374	
3	4498	4374	4499	
3	1185	4500	4502	
3	831	4501	4500	
3	1184	4502	4501	
3	4500	4501	4502	
3	1189	4503	4505	
3	1190	4504	4503	
3	1188	4505	4504	
3	4503	4504	4505	
3	2011	4506	4489	
3	836	4491	4506	
3	828	4489	4491	
3	4506	4491	4489	
3	761	4349	4327	
3	745	4507	4349	
3	837	4327	4507	
3	4349	4507	4327	
3	834	4508	4495	
3	829	4494	4508	
3	830	4495	4494	
3	4508	4494	4495	
3	840	4509	4511	
3	842	4510	4509	
3	837	4511	4510	
3	4509	4510	4511	
3	1187	4499	4512	
3	831	4500	4499	
3	1185	4512	4500	
3	4499	4500	4512	
3	95	4513	4514	
3	1207	2406	4513	
3	1195	4514	2406	
3	4513	2406	4514	
3	805	4429	4516	
3	746	4515	4429	
3	836	4516	4515	
3	4429	4515	4516	
3	825	2401	4488	
3	54	4517	2401	
3	835	4488	4517	
3	2401	4517	4488	
3	838	4443	4518	
3	836	4515	4443	
3	746	4518	4515	
3	4443	4515	4518	
3	840	4511	4519	
3	837	4507	4511	
3	745	4519	4507	
3	4511	4507	4519	
3	830	4424	4496	
3	837	4520	4424	
3	780	4496	4520	
3	4424	4520	4496	
3	759	4282	4325	
3	838	4518	4282	
3	746	4325	4518	
3	4282	4518	4325	
3	832	4444	4329	
3	838	4281	4444	
3	761	4329	4281	
3	4444	4281	4329	
3	745	4521	4519	
3	841	2037	4521	
3	840	4519	2037	
3	4521	2037	4519	
3	56	4522	4524	
3	875	4523	4522	
3	848	4524	4523	
3	4522	4523	4524	
3	745	4310	4526	
3	755	4525	4310	
3	851	4526	4525	
3	4310	4525	4526	
3	842	4509	4527	
3	840	2036	4509	
3	839	4527	2036	
3	4509	2036	4527	
3	852	4528	4308	
3	841	4529	4528	
3	851	4308	4529	
3	4528	4529	4308	
3	775	4530	4532	
3	859	4531	4530	
3	853	4532	4531	
3	4530	4531	4532	
3	842	4527	4360	
3	839	4363	4527	
3	843	4360	4363	
3	4527	4363	4360	
3	837	4510	4520	
3	842	4375	4510	
3	780	4520	4375	
3	4510	4375	4520	
3	839	4533	4361	
3	846	4370	4533	
3	845	4361	4370	
3	4533	4370	4361	
3	862	4534	4535	
3	843	4362	4534	
3	845	4535	4362	
3	4534	4362	4535	
3	776	4372	4365	
3	848	4536	4372	
3	774	4365	4536	
3	4372	4536	4365	
3	870	4537	4539	
3	871	4538	4537	
3	1184	4539	4538	
3	4537	4538	4539	
3	846	4533	4540	
3	839	2038	4533	
3	841	4540	2038	
3	4533	2038	4540	
3	863	4541	4543	
3	855	4542	4541	
3	1183	4543	4542	
3	4541	4542	4543	
3	853	4544	4545	
3	841	4528	4544	
3	852	4545	4528	
3	4544	4528	4545	
3	841	4544	4540	
3	853	4546	4544	
3	846	4540	4546	
3	4544	4546	4540	
3	855	4547	4548	
3	846	4546	4547	
3	853	4548	4546	
3	4547	4546	4548	
3	847	2351	4550	
3	864	4549	2351	
3	870	4550	4549	
3	2351	4549	4550	
3	83	4551	4553	
3	941	4552	4551	
3	942	4553	4552	
3	4551	4552	4553	
3	56	4524	4554	
3	848	4353	4524	
3	777	4554	4353	
3	4524	4353	4554	
3	822	4481	4446	
3	850	2402	4481	
3	805	4446	2402	
3	4481	2402	4446	
3	797	2403	4423	
3	850	4430	2403	
3	800	4423	4430	
3	2403	4430	4423	
3	754	4309	4302	
3	851	4525	4309	
3	755	4302	4525	
3	4309	4525	4302	
3	841	4521	4529	
3	745	4526	4521	
3	851	4529	4526	
3	4521	4526	4529	
3	754	4277	4307	
3	775	4555	4277	
3	852	4307	4555	
3	4277	4555	4307	
3	852	4555	4545	
3	775	4532	4555	
3	853	4545	4532	
3	4555	4532	4545	
3	872	4556	4558	
3	873	4557	4556	
3	875	4558	4557	
3	4556	4557	4558	
3	856	4559	4560	
3	859	4530	4559	
3	775	4560	4530	
3	4559	4530	4560	
3	884	4561	4563	
3	867	4562	4561	
3	868	4563	4562	
3	4561	4562	4563	
3	862	4535	4564	
3	845	4369	4535	
3	863	4564	4369	
3	4535	4369	4564	
3	853	4531	4548	
3	859	4565	4531	
3	855	4548	4565	
3	4531	4565	4548	
3	843	4534	4357	
3	862	2349	4534	
3	847	4357	2349	
3	4534	2349	4357	
3	776	4367	4306	
3	856	4560	4367	
3	775	4306	4560	
3	4367	4560	4306	
3	874	4566	4568	
3	876	4567	4566	
3	877	4568	4567	
3	4566	4567	4568	
3	883	4569	4571	
3	884	4570	4569	
3	882	4571	4570	
3	4569	4570	4571	
3	859	4572	4565	
3	860	4573	4572	
3	855	4565	4573	
3	4572	4573	4565	
3	856	4366	4575	
3	774	4574	4366	
3	861	4575	4574	
3	4366	4574	4575	
3	867	4576	4578	
3	864	4577	4576	
3	858	4578	4577	
3	4576	4577	4578	
3	856	4575	4559	
3	861	4579	4575	
3	859	4559	4579	
3	4575	4579	4559	
3	860	4572	4580	
3	859	4579	4572	
3	861	4580	4579	
3	4572	4579	4580	
3	880	4581	4583	
3	868	4582	4581	
3	1183	4583	4582	
3	4581	4582	4583	
3	876	4584	4586	
3	873	4585	4584	
3	857	4586	4585	
3	4584	4585	4586	
3	876	4587	4584	
3	878	4588	4587	
3	873	4584	4588	
3	4587	4588	4584	
3	864	2350	4577	
3	862	4589	2350	
3	858	4577	4589	
3	2350	4589	4577	
3	855	4541	4547	
3	863	4371	4541	
3	846	4547	4371	
3	4541	4371	4547	
3	858	4589	4590	
3	862	4564	4589	
3	863	4590	4564	
3	4589	4564	4590	
3	867	4578	4592	
3	858	4591	4578	
3	1183	4592	4591	
3	4578	4591	4592	
3	1185	4502	4593	
3	1184	4538	4502	
3	871	4593	4538	
3	4502	4538	4593	
3	883	4594	4596	
3	888	4595	4594	
3	890	4596	4595	
3	4594	4595	4596	
3	894	4597	4599	
3	869	4598	4597	
3	892	4599	4598	
3	4597	4598	4599	
3	864	4576	4601	
3	867	4600	4576	
3	869	4601	4600	
3	4576	4600	4601	
3	905	4602	4604	
3	902	4603	4602	
3	866	4604	4603	
3	4602	4603	4604	
3	867	4592	4562	
3	1183	4582	4592	
3	868	4562	4582	
3	4592	4582	4562	
3	867	4605	4600	
3	865	4606	4605	
3	869	4600	4606	
3	4605	4606	4600	
3	860	4607	4573	
3	880	4608	4607	
3	855	4573	4608	
3	4607	4608	4573	
3	878	4609	4611	
3	879	4610	4609	
3	860	4611	4610	
3	4609	4610	4611	
3	883	4612	4614	
3	891	4613	4612	
3	865	4614	4613	
3	4612	4613	4614	
3	916	4615	4616	
3	894	4599	4615	
3	892	4616	4599	
3	4615	4599	4616	
3	869	2063	4601	
3	870	4549	2063	
3	864	4601	4549	
3	2063	4549	4601	
3	870	2065	4618	
3	866	4617	2065	
3	1200	4618	4617	
3	2065	4617	4618	
3	902	4619	4621	
3	923	4620	4619	
3	1202	4621	4620	
3	4619	4620	4621	
3	871	4622	4593	
3	1186	4623	4622	
3	1185	4593	4623	
3	4622	4623	4593	
3	872	4624	4556	
3	857	4585	4624	
3	873	4556	4585	
3	4624	4585	4556	
3	875	4522	4558	
3	56	4625	4522	
3	872	4558	4625	
3	4522	4625	4558	
3	875	4626	4627	
3	861	4574	4626	
3	774	4627	4574	
3	4626	4574	4627	
3	888	4628	4630	
3	889	4629	4628	
3	886	4630	4629	
3	4628	4629	4630	
3	874	4631	4566	
3	878	4587	4631	
3	876	4566	4587	
3	4631	4587	4566	
3	861	4626	4632	
3	875	4557	4626	
3	873	4632	4557	
3	4626	4557	4632	
3	848	4523	4536	
3	875	4627	4523	
3	774	4536	4627	
3	4523	4627	4536	
3	877	4633	4635	
3	854	4634	4633	
3	1198	4635	4634	
3	4633	4634	4635	
3	879	4609	4636	
3	878	4631	4609	
3	874	4636	4631	
3	4609	4631	4636	
3	860	4580	4611	
3	861	4637	4580	
3	878	4611	4637	
3	4580	4637	4611	
3	876	4586	4567	
3	857	4638	4586	
3	877	4567	4638	
3	4586	4638	4567	
3	873	4588	4632	
3	878	4637	4588	
3	861	4632	4637	
3	4588	4637	4632	
3	879	4639	4641	
3	885	4640	4639	
3	881	4641	4640	
3	4639	4640	4641	
3	880	4642	4581	
3	882	4643	4642	
3	868	4581	4643	
3	4642	4643	4581	
3	860	4610	4607	
3	879	4644	4610	
3	880	4607	4644	
3	4610	4644	4607	
3	879	4641	4646	
3	881	4645	4641	
3	882	4646	4645	
3	4641	4645	4646	
3	879	4636	4639	
3	874	4647	4636	
3	885	4639	4647	
3	4636	4647	4639	
3	882	4570	4643	
3	884	4563	4570	
3	868	4643	4563	
3	4570	4563	4643	
3	879	4646	4644	
3	882	4642	4646	
3	880	4644	4642	
3	4646	4642	4644	
3	882	4645	4571	
3	881	4648	4645	
3	883	4571	4648	
3	4645	4648	4571	
3	889	4628	4650	
3	888	4649	4628	
3	881	4650	4649	
3	4628	4649	4650	
3	881	4649	4648	
3	888	4594	4649	
3	883	4648	4594	
3	4649	4594	4648	
3	883	4614	4569	
3	865	4651	4614	
3	884	4569	4651	
3	4614	4651	4569	
3	867	4561	4605	
3	884	4651	4561	
3	865	4605	4651	
3	4561	4651	4605	
3	874	4652	4647	
3	1198	4653	4652	
3	885	4647	4653	
3	4652	4653	4647	
3	912	4654	4656	
3	909	4655	4654	
3	911	4656	4655	
3	4654	4655	4656	
3	913	4657	4659	
3	887	4658	4657	
3	890	4659	4658	
3	4657	4658	4659	
3	865	4613	4661	
3	891	4660	4613	
3	892	4661	4660	
3	4613	4660	4661	
3	899	4662	4664	
3	890	4663	4662	
3	886	4664	4663	
3	4662	4663	4664	
3	900	4665	4667	
3	894	4666	4665	
3	893	4667	4666	
3	4665	4666	4667	
3	889	4650	4668	
3	881	4640	4650	
3	885	4668	4640	
3	4650	4640	4668	
3	890	4595	4663	
3	888	4630	4595	
3	886	4663	4630	
3	4595	4630	4663	
3	903	4669	4670	
3	909	4654	4669	
3	912	4670	4654	
3	4669	4654	4670	
3	912	4671	4673	
3	895	4672	4671	
3	929	4673	4672	
3	4671	4672	4673	
3	899	4674	4676	
3	908	4675	4674	
3	896	4676	4675	
3	4674	4675	4676	
3	890	4658	4678	
3	887	4677	4658	
3	891	4678	4677	
3	4658	4677	4678	
3	890	4678	4596	
3	891	4612	4678	
3	883	4596	4612	
3	4678	4612	4596	
3	892	4660	4679	
3	891	4677	4660	
3	887	4679	4677	
3	4660	4677	4679	
3	887	4680	4679	
3	916	4616	4680	
3	892	4679	4616	
3	4680	4616	4679	
3	865	4661	4606	
3	892	4598	4661	
3	869	4606	4598	
3	4661	4598	4606	
3	904	4681	4683	
3	913	4682	4681	
3	899	4683	4682	
3	4681	4682	4683	
3	928	4684	4686	
3	1211	4685	4684	
3	7	4686	4685	
3	4684	4685	4686	
3	897	4687	4689	
3	900	4688	4687	
3	901	4689	4688	
3	4687	4688	4689	
3	869	4597	4691	
3	894	4690	4597	
3	905	4691	4690	
3	4597	4690	4691	
3	908	4692	4675	
3	910	4693	4692	
3	896	4675	4693	
3	4692	4693	4675	
3	1199	4694	4695	
3	1198	4634	4694	
3	854	4695	4634	
3	4694	4634	4695	
3	920	4696	4698	
3	918	4697	4696	
3	921	4698	4697	
3	4696	4697	4698	
3	1204	4699	4701	
3	1208	4700	4699	
3	1207	4701	4700	
3	4699	4700	4701	
3	902	4602	4703	
3	905	4702	4602	
3	900	4703	4702	
3	4602	4702	4703	
3	854	4704	4695	
3	898	4705	4704	
3	1199	4695	4705	
3	4704	4705	4695	
3	895	4706	4708	
3	924	4707	4706	
3	1305	4708	4707	
3	4706	4707	4708	
3	909	4709	4710	
3	908	4674	4709	
3	899	4710	4674	
3	4709	4674	4710	
3	899	4676	4683	
3	896	4711	4676	
3	904	4683	4711	
3	4676	4711	4683	
3	901	4688	4712	
3	900	4667	4688	
3	893	4712	4667	
3	4688	4667	4712	
3	900	4687	4703	
3	897	4713	4687	
3	902	4703	4713	
3	4687	4713	4703	
3	914	4714	4716	
3	917	4715	4714	
3	916	4716	4715	
3	4714	4715	4716	
3	893	4717	4719	
3	917	4718	4717	
3	918	4719	4718	
3	4717	4718	4719	
3	923	4619	4720	
3	902	4713	4619	
3	897	4720	4713	
3	4619	4713	4720	
3	907	4721	4723	
3	1201	4722	4721	
3	1200	4723	4722	
3	4721	4722	4723	
3	908	4709	4724	
3	909	4669	4709	
3	903	4724	4669	
3	4709	4669	4724	
3	925	4725	4727	
3	931	4726	4725	
3	903	4727	4726	
3	4725	4726	4727	
3	1303	4728	4729	
3	896	4693	4728	
3	910	4729	4693	
3	4728	4693	4729	
3	887	4657	4731	
3	913	4730	4657	
3	914	4731	4730	
3	4657	4730	4731	
3	869	4691	2064	
3	905	4604	4691	
3	866	2064	4604	
3	4691	4604	2064	
3	900	4702	4665	
3	905	4690	4702	
3	894	4665	4690	
3	4702	4690	4665	
3	906	4732	2204	
3	923	4733	4732	
3	928	2204	4733	
3	4732	4733	2204	
3	1212	4734	4736	
3	7	4735	4734	
3	962	4736	4735	
3	4734	4735	4736	
3	1202	4620	4738	
3	923	4737	4620	
3	907	4738	4737	
3	4620	4737	4738	
3	1203	4739	4741	
3	1186	4740	4739	
3	1201	4741	4740	
3	4739	4740	4741	
3	909	4710	4742	
3	899	4664	4710	
3	886	4742	4664	
3	4710	4664	4742	
3	910	4692	4743	
3	908	4724	4692	
3	903	4743	4724	
3	4692	4724	4743	
3	889	4744	4629	
3	911	4745	4744	
3	886	4629	4745	
3	4744	4745	4629	
3	886	4745	4742	
3	911	4655	4745	
3	909	4742	4655	
3	4745	4655	4742	
3	955	2101	2356	
3	49	4746	2101	
3	950	2356	4746	
3	2101	4746	2356	
3	49	4747	4746	
3	943	4748	4747	
3	950	4746	4748	
3	4747	4748	4746	
3	885	4653	4749	
3	1198	4694	4653	
3	1199	4749	4694	
3	4653	4694	4749	
3	911	4750	4656	
3	924	4751	4750	
3	912	4656	4751	
3	4750	4751	4656	
3	889	4752	4744	
3	1304	4753	4752	
3	911	4744	4753	
3	4752	4753	4744	
3	925	4754	4756	
3	929	4755	4754	
3	844	4756	4755	
3	4754	4755	4756	
3	899	4682	4662	
3	913	4659	4682	
3	890	4662	4659	
3	4682	4659	4662	
3	914	4730	4757	
3	913	4681	4730	
3	904	4757	4681	
3	4730	4681	4757	
3	914	4757	4759	
3	904	4758	4757	
3	915	4759	4758	
3	4757	4758	4759	
3	914	4759	4714	
3	915	4760	4759	
3	917	4714	4760	
3	4759	4760	4714	
3	915	4761	4763	
3	1214	4762	4761	
3	922	4763	4762	
3	4761	4762	4763	
3	901	4764	4765	
3	918	4696	4764	
3	920	4765	4696	
3	4764	4696	4765	
3	916	4766	4615	
3	893	4666	4766	
3	894	4615	4666	
3	4766	4666	4615	
3	887	4731	4680	
3	914	4716	4731	
3	916	4680	4716	
3	4731	4716	4680	
3	918	4718	4767	
3	917	4760	4718	
3	915	4767	4760	
3	4718	4760	4767	
3	893	4766	4717	
3	916	4715	4766	
3	917	4717	4715	
3	4766	4715	4717	
3	915	4768	4767	
3	921	4697	4768	
3	918	4767	4697	
3	4768	4697	4767	
3	893	4719	4712	
3	918	4764	4719	
3	901	4712	4764	
3	4719	4764	4712	
3	904	4769	4758	
3	1214	4761	4769	
3	915	4758	4761	
3	4769	4761	4758	
3	919	4770	4772	
3	921	4771	4770	
3	922	4772	4771	
3	4770	4771	4772	
3	932	4773	4775	
3	920	4774	4773	
3	919	4775	4774	
3	4773	4774	4775	
3	939	4776	4778	
3	932	4777	4776	
3	926	4778	4777	
3	4776	4777	4778	
3	922	4771	4763	
3	921	4768	4771	
3	915	4763	4768	
3	4771	4768	4763	
3	920	4698	4774	
3	921	4770	4698	
3	919	4774	4770	
3	4698	4770	4774	
3	925	4779	4725	
3	974	4780	4779	
3	931	4725	4780	
3	4779	4780	4725	
3	1218	4781	4783	
3	970	4782	4781	
3	949	4783	4782	
3	4781	4782	4783	
3	940	4784	4786	
3	1211	4785	4784	
3	934	4786	4785	
3	4784	4785	4786	
3	1205	4787	4789	
3	1204	4788	4787	
3	1203	4789	4788	
3	4787	4788	4789	
3	898	4790	4705	
3	1305	4791	4790	
3	1199	4705	4791	
3	4790	4791	4705	
3	895	4671	4706	
3	912	4751	4671	
3	924	4706	4751	
3	4671	4751	4706	
3	903	4726	4743	
3	931	4792	4726	
3	910	4743	4792	
3	4726	4792	4743	
3	903	4670	4727	
3	912	4793	4670	
3	925	4727	4793	
3	4670	4793	4727	
3	932	4794	4777	
3	933	4795	4794	
3	926	4777	4795	
3	4794	4795	4777	
3	963	4796	2344	
3	942	4797	4796	
3	49	2344	4797	
3	4796	4797	2344	
3	1211	4784	4685	
3	940	4798	4784	
3	7	4685	4798	
3	4784	4798	4685	
3	937	4799	4801	
3	936	4800	4799	
3	901	4801	4800	
3	4799	4800	4801	
3	934	4802	4803	
3	897	4689	4802	
3	901	4803	4689	
3	4802	4689	4803	
3	1211	4804	4805	
3	923	4720	4804	
3	897	4805	4720	
3	4804	4720	4805	
3	931	4806	4808	
3	969	4807	4806	
3	958	4808	4807	
3	4806	4807	4808	
3	912	4673	4793	
3	929	4754	4673	
3	925	4793	4754	
3	4673	4754	4793	
3	1174	4809	4811	
3	1182	4810	4809	
3	1161	4811	4810	
3	4809	4810	4811	
3	958	4812	4808	
3	910	4792	4812	
3	931	4808	4792	
3	4812	4792	4808	
3	932	4775	4814	
3	919	4813	4775	
3	1312	4814	4813	
3	4775	4813	4814	
3	932	4776	4816	
3	939	4815	4776	
3	937	4816	4815	
3	4776	4815	4816	
3	1310	4817	4819	
3	1364	4818	4817	
3	1309	4819	4818	
3	4817	4818	4819	
3	947	4820	2209	
3	935	4821	4820	
3	949	2209	4821	
3	4820	4821	2209	
3	901	4800	4803	
3	936	4822	4800	
3	934	4803	4822	
3	4800	4822	4803	
3	936	4823	4822	
3	940	4786	4823	
3	934	4822	4786	
3	4823	4786	4822	
3	910	4812	4825	
3	958	4824	4812	
3	960	4825	4824	
3	4812	4824	4825	
3	958	4807	4827	
3	969	4826	4807	
3	951	4827	4826	
3	4807	4826	4827	
3	937	4801	4828	
3	901	4765	4801	
3	920	4828	4765	
3	4801	4765	4828	
3	927	4829	4831	
3	938	4830	4829	
3	940	4831	4830	
3	4829	4830	4831	
3	932	4816	4773	
3	937	4828	4816	
3	920	4773	4828	
3	4816	4828	4773	
3	927	4832	4833	
3	936	4799	4832	
3	937	4833	4799	
3	4832	4799	4833	
3	927	4834	4829	
3	83	4835	4834	
3	938	4829	4835	
3	4834	4835	4829	
3	938	4835	4837	
3	83	4836	4835	
3	961	4837	4836	
3	4835	4836	4837	
3	941	2340	4838	
3	939	4778	2340	
3	926	4838	4778	
3	2340	4778	4838	
3	927	4833	2342	
3	937	4815	4833	
3	939	2342	4815	
3	4833	4815	2342	
3	927	4831	4832	
3	940	4823	4831	
3	936	4832	4823	
3	4831	4823	4832	
3	7	4798	4839	
3	940	4830	4798	
3	938	4839	4830	
3	4798	4830	4839	
3	942	4552	4841	
3	941	4840	4552	
3	943	4841	4840	
3	4552	4840	4841	
3	927	2341	4834	
3	941	4551	2341	
3	83	4834	4551	
3	2341	4551	4834	
3	943	4842	4844	
3	926	4843	4842	
3	944	4844	4843	
3	4842	4843	4844	
3	943	4840	4842	
3	941	4838	4840	
3	926	4842	4838	
3	4840	4838	4842	
3	49	4797	4747	
3	942	4841	4797	
3	943	4747	4841	
3	4797	4841	4747	
3	944	4843	4845	
3	926	4795	4843	
3	933	4845	4795	
3	4843	4795	4845	
3	944	4845	4847	
3	933	4846	4845	
3	947	4847	4846	
3	4845	4846	4847	
3	943	4844	4748	
3	944	4848	4844	
3	950	4748	4848	
3	4844	4848	4748	
3	946	4849	4851	
3	6	4850	4849	
3	962	4851	4850	
3	4849	4850	4851	
3	964	4852	4854	
3	84	4853	4852	
3	961	4854	4853	
3	4852	4853	4854	
3	948	4855	4856	
3	84	4852	4855	
3	964	4856	4852	
3	4855	4852	4856	
3	961	4857	4858	
3	946	4851	4857	
3	962	4858	4851	
3	4857	4851	4858	
3	1215	4859	4861	
3	1363	4860	4859	
3	1214	4861	4860	
3	4859	4860	4861	
3	947	4846	4863	
3	933	4862	4846	
3	1310	4863	4862	
3	4846	4862	4863	
3	963	4864	4865	
3	948	4856	4864	
3	964	4865	4856	
3	4864	4856	4865	
3	1312	4866	4867	
3	1310	4862	4866	
3	933	4867	4862	
3	4866	4862	4867	
3	953	4868	4870	
3	965	4869	4868	
3	957	4870	4869	
3	4868	4869	4870	
3	952	4871	2211	
3	944	4847	4871	
3	947	2211	4847	
3	4871	4847	2211	
3	944	4871	4848	
3	952	2357	4871	
3	950	4848	2357	
3	4871	2357	4848	
3	1179	4872	4874	
3	930	4873	4872	
3	1174	4874	4873	
3	4872	4873	4874	
3	1148	4875	4877	
3	1150	4876	4875	
3	8	4877	4876	
3	4875	4876	4877	
3	970	4878	4880	
3	967	4879	4878	
3	965	4880	4879	
3	4878	4879	4880	
3	81	4881	4883	
3	956	4882	4881	
3	957	4883	4882	
3	4881	4882	4883	
3	956	4884	4885	
3	954	2099	4884	
3	955	4885	2099	
3	4884	2099	4885	
3	954	4886	4887	
3	81	2348	4886	
3	975	4887	2348	
3	4886	2348	4887	
3	953	4888	4889	
3	1217	2353	4888	
3	1216	4889	2353	
3	4888	2353	4889	
3	955	4890	4885	
3	1217	4891	4890	
3	956	4885	4891	
3	4890	4891	4885	
3	957	4882	4870	
3	956	4892	4882	
3	953	4870	4892	
3	4882	4892	4870	
3	81	4886	4881	
3	954	4884	4886	
3	956	4881	4884	
3	4886	4884	4881	
3	953	4893	4868	
3	970	4880	4893	
3	965	4868	4880	
3	4893	4880	4868	
3	81	4883	4895	
3	957	4894	4883	
3	978	4895	4894	
3	4883	4894	4895	
3	974	4779	4896	
3	925	4756	4779	
3	844	4896	4756	
3	4779	4756	4896	
3	960	4824	4897	
3	958	4827	4824	
3	951	4897	4827	
3	4824	4827	4897	
3	974	4898	4900	
3	959	4899	4898	
3	969	4900	4899	
3	4898	4899	4900	
3	1181	4901	4903	
3	1178	4902	4901	
3	951	4903	4902	
3	4901	4902	4903	
3	1182	4904	4906	
3	1158	4905	4904	
3	1172	4906	4905	
3	4904	4905	4906	
3	1302	4907	4909	
3	1311	4908	4907	
3	1363	4909	4908	
3	4907	4908	4909	
3	84	4910	4853	
3	946	4857	4910	
3	961	4853	4857	
3	4910	4857	4853	
3	964	4854	4911	
3	961	4836	4854	
3	83	4911	4836	
3	4854	4836	4911	
3	961	4858	4837	
3	962	4912	4858	
3	938	4837	4912	
3	4858	4912	4837	
3	7	4839	4735	
3	938	4912	4839	
3	962	4735	4912	
3	4839	4912	4735	
3	48	4913	4914	
3	948	4864	4913	
3	963	4914	4864	
3	4913	4864	4914	
3	976	4915	2343	
3	48	4914	4915	
3	963	2343	4914	
3	4915	4914	2343	
3	963	4865	4796	
3	964	4916	4865	
3	942	4796	4916	
3	4865	4916	4796	
3	83	4553	4911	
3	942	4916	4553	
3	964	4911	4916	
3	4553	4916	4911	
3	966	4917	4918	
3	48	4915	4917	
3	976	4918	4915	
3	4917	4915	4918	
3	935	4919	4821	
3	1218	4783	4919	
3	949	4821	4783	
3	4919	4783	4821	
3	970	4893	4920	
3	953	4889	4893	
3	1216	4920	4889	
3	4893	4889	4920	
3	975	4921	4922	
3	966	4918	4921	
3	976	4922	4918	
3	4921	4918	4922	
3	979	4923	2216	
3	971	4924	4923	
3	987	2216	4924	
3	4923	4924	2216	
3	971	4925	4927	
3	977	4926	4925	
3	978	4927	4926	
3	4925	4926	4927	
3	957	4928	4894	
3	980	4929	4928	
3	978	4894	4929	
3	4928	4929	4894	
3	982	4930	2102	
3	968	2370	4930	
3	24	2102	2370	
3	4930	2370	2102	
3	945	4931	4932	
3	969	4899	4931	
3	959	4932	4899	
3	4931	4899	4932	
3	1161	4933	4935	
3	1299	4934	4933	
3	1178	4935	4934	
3	4933	4934	4935	
3	972	4936	4938	
3	24	4937	4936	
3	979	4938	4937	
3	4936	4937	4938	
3	977	4939	2372	
3	979	4937	4939	
3	24	2372	4937	
3	4939	4937	2372	
3	973	4940	4942	
3	82	4941	4940	
3	983	4942	4941	
3	4940	4941	4942	
3	50	4943	2089	
3	998	4944	4943	
3	1010	2089	4944	
3	4943	4944	2089	
3	972	4945	4947	
3	996	4946	4945	
3	995	4947	4946	
3	4945	4946	4947	
3	982	4948	4949	
3	973	4942	4948	
3	983	4949	4942	
3	4948	4942	4949	
3	959	4898	4950	
3	974	4896	4898	
3	844	4950	4896	
3	4898	4896	4950	
3	931	4780	4806	
3	974	4900	4780	
3	969	4806	4900	
3	4780	4900	4806	
3	82	4951	4952	
3	966	4921	4951	
3	975	4952	4921	
3	4951	4921	4952	
3	983	4941	2347	
3	82	4952	4941	
3	975	2347	4952	
3	4941	4952	2347	
3	975	4922	4887	
3	976	4953	4922	
3	954	4887	4953	
3	4922	4953	4887	
3	49	2100	2345	
3	954	4953	2100	
3	976	2345	4953	
3	2100	4953	2345	
3	978	4926	4954	
3	977	2371	4926	
3	968	4954	2371	
3	4926	2371	4954	
3	979	4939	4923	
3	977	4925	4939	
3	971	4923	4925	
3	4939	4925	4923	
3	81	4895	4955	
3	978	4954	4895	
3	968	4955	4954	
3	4895	4954	4955	
3	957	4869	4928	
3	965	4956	4869	
3	980	4928	4956	
3	4869	4956	4928	
3	987	4924	4958	
3	971	4957	4924	
3	988	4958	4957	
3	4924	4957	4958	
3	988	4959	4961	
3	1227	4960	4959	
3	981	4961	4960	
3	4959	4960	4961	
3	967	2106	4879	
3	980	4956	2106	
3	965	4879	4956	
3	2106	4956	4879	
3	971	4927	4962	
3	978	4929	4927	
3	980	4962	4929	
3	4927	4929	4962	
3	995	4963	4947	
3	88	2207	4963	
3	972	4947	2207	
3	4963	2207	4947	
3	23	4964	4965	
3	973	4948	4964	
3	982	4965	4948	
3	4964	4948	4965	
3	1003	4966	2104	
3	23	4965	4966	
3	982	2104	4965	
3	4966	4965	2104	
3	982	4949	4930	
3	983	4967	4949	
3	968	4930	4967	
3	4949	4967	4930	
3	81	4955	2346	
3	968	4967	4955	
3	983	2346	4967	
3	4955	4967	2346	
3	992	4968	4970	
3	984	4969	4968	
3	989	4970	4969	
3	4968	4969	4970	
3	995	4971	4963	
3	997	2361	4971	
3	88	4963	2361	
3	4971	2361	4963	
3	986	4972	4973	
3	23	4966	4972	
3	1003	4973	4966	
3	4972	4966	4973	
3	1001	4974	4976	
3	997	4975	4974	
3	999	4976	4975	
3	4974	4975	4976	
3	1023	4977	4979	
3	12	4978	4977	
3	1018	4979	4978	
3	4977	4978	4979	
3	1002	4980	4981	
3	986	4973	4980	
3	1003	4981	4973	
3	4980	4973	4981	
3	971	4962	4957	
3	980	2105	4962	
3	988	4957	2105	
3	4962	2105	4957	
3	989	2214	4983	
3	987	4982	2214	
3	981	4983	4982	
3	2214	4982	4983	
3	1231	4984	4985	
3	1227	4959	4984	
3	988	4985	4959	
3	4984	4959	4985	
3	981	4982	4961	
3	987	4958	4982	
3	988	4961	4958	
3	4982	4958	4961	
3	989	4983	4970	
3	981	4986	4983	
3	992	4970	4986	
3	4983	4986	4970	
3	989	4969	4988	
3	984	4987	4969	
3	996	4988	4987	
3	4969	4987	4988	
3	970	4989	4991	
3	1225	4990	4989	
3	1226	4991	4990	
3	4989	4990	4991	
3	993	4992	4994	
3	994	4993	4992	
3	992	4994	4993	
3	4992	4993	4994	
3	992	4995	4997	
3	991	4996	4995	
3	999	4997	4996	
3	4995	4996	4997	
3	1011	4998	4999	
3	1013	2087	4998	
3	1010	4999	2087	
3	4998	2087	4999	
3	993	5000	5001	
3	981	4960	5000	
3	1227	5001	4960	
3	5000	4960	5001	
3	992	4986	4994	
3	981	5000	4986	
3	993	4994	5000	
3	4986	5000	4994	
3	1082	5002	5004	
3	1093	5003	5002	
3	1090	5004	5003	
3	5002	5003	5004	
3	991	4995	5005	
3	992	4993	4995	
3	994	5005	4993	
3	4995	4993	5005	
3	993	5006	5008	
3	990	5007	5006	
3	1228	5008	5007	
3	5006	5007	5008	
3	994	4992	5010	
3	993	5009	4992	
3	1004	5010	5009	
3	4992	5009	5010	
3	996	4945	5011	
3	972	4938	4945	
3	979	5011	4938	
3	4945	4938	5011	
3	997	4971	5013	
3	995	5012	4971	
3	984	5013	5012	
3	4971	5012	5013	
3	989	4988	2215	
3	996	5011	4988	
3	979	2215	5011	
3	4988	5011	2215	
3	984	5012	4987	
3	995	4946	5012	
3	996	4987	4946	
3	5012	4946	4987	
3	999	5014	4997	
3	984	4968	5014	
3	992	4997	4968	
3	5014	4968	4997	
3	999	4975	5014	
3	997	5013	4975	
3	984	5014	5013	
3	4975	5013	5014	
3	998	4943	5015	
3	50	2219	4943	
3	1020	5015	2219	
3	4943	2219	5015	
3	1000	5016	5017	
3	999	4996	5016	
3	991	5017	4996	
3	5016	4996	5017	
3	999	5016	4976	
3	1000	5018	5016	
3	1001	4976	5018	
3	5016	5018	4976	
3	1004	5019	5010	
3	1168	5020	5019	
3	994	5010	5020	
3	5019	5020	5010	
3	1015	5021	5022	
3	991	5005	5021	
3	994	5022	5005	
3	5021	5005	5022	
3	1012	2375	5024	
3	1011	5023	2375	
3	1000	5024	5023	
3	2375	5023	5024	
3	997	4974	5026	
3	1001	5025	4974	
3	1010	5026	5025	
3	4974	5025	5026	
3	87	5027	5028	
3	986	4980	5027	
3	1002	5028	4980	
3	5027	4980	5028	
3	1021	5029	2213	
3	87	5028	5029	
3	1002	2213	5028	
3	5029	5028	2213	
3	1002	4981	2206	
3	1003	5030	4981	
3	972	2206	5030	
3	4981	5030	2206	
3	24	4936	2103	
3	972	5030	4936	
3	1003	2103	5030	
3	4936	5030	2103	
3	1005	5031	5032	
3	1004	5009	5031	
3	993	5032	5009	
3	5031	5009	5032	
3	1031	5033	5035	
3	1060	5034	5033	
3	1059	5035	5034	
3	5033	5034	5035	
3	1225	5036	5038	
3	1218	5037	5036	
3	1223	5038	5037	
3	5036	5037	5038	
3	1031	5035	5040	
3	1059	5039	5035	
3	1033	5040	5039	
3	5035	5039	5040	
3	1039	5041	5043	
3	1046	5042	5041	
3	1032	5043	5042	
3	5041	5042	5043	
3	86	5044	5045	
3	1041	2187	5044	
3	985	5045	2187	
3	5044	2187	5045	
3	1008	5046	5047	
3	87	5029	5046	
3	1021	5047	5029	
3	5046	5029	5047	
3	1055	5048	5049	
3	1012	5024	5048	
3	1000	5049	5024	
3	5048	5024	5049	
3	1038	5050	5052	
3	1252	5051	5050	
3	1025	5052	5051	
3	5050	5051	5052	
3	1020	5053	5054	
3	1008	5047	5053	
3	1021	5054	5047	
3	5053	5047	5054	
3	1252	5055	5057	
3	1016	5056	5055	
3	1033	5057	5056	
3	5055	5056	5057	
3	1009	5058	5060	
3	1017	5059	5058	
3	1240	5060	5059	
3	5058	5059	5060	
3	997	5026	2362	
3	1010	4944	5026	
3	998	2362	4944	
3	5026	4944	2362	
3	1011	4999	5061	
3	1010	5025	4999	
3	1001	5061	5025	
3	4999	5025	5061	
3	1000	5023	5018	
3	1011	5061	5023	
3	1001	5018	5061	
3	5023	5061	5018	
3	1027	5062	2360	
3	1014	5063	5062	
3	86	2360	5063	
3	5062	5063	2360	
3	985	2189	2315	
3	1029	5064	2189	
3	12	2315	5064	
3	2189	5064	2315	
3	1059	5034	5066	
3	1060	5065	5034	
3	1036	5066	5065	
3	5034	5065	5066	
3	1011	2374	4998	
3	1009	5067	2374	
3	1013	4998	5067	
3	2374	5067	4998	
3	50	2088	5069	
3	1013	5068	2088	
3	1014	5069	5068	
3	2088	5068	5069	
3	1014	5070	5063	
3	1017	5071	5070	
3	86	5063	5071	
3	5070	5071	5063	
3	1014	5072	5070	
3	1240	5059	5072	
3	1017	5070	5059	
3	5072	5059	5070	
3	1026	5073	2368	
3	1041	5074	5073	
3	1031	2368	5074	
3	5073	5074	2368	
3	1000	5017	5075	
3	991	5021	5017	
3	1015	5075	5021	
3	5017	5021	5075	
3	1040	5076	5078	
3	1034	5077	5076	
3	1035	5078	5077	
3	5076	5077	5078	
3	1055	5049	5080	
3	1000	5079	5049	
3	1056	5080	5079	
3	5049	5079	5080	
3	1068	5081	5082	
3	1009	2373	5081	
3	1012	5082	2373	
3	5081	2373	5082	
3	1019	5083	5085	
3	51	5084	5083	
3	1028	5085	5084	
3	5083	5084	5085	
3	1115	5086	5088	
3	1108	5087	5086	
3	1116	5088	5087	
3	5086	5087	5088	
3	1053	5089	5091	
3	1039	5090	5089	
3	1025	5091	5090	
3	5089	5090	5091	
3	1027	5092	5093	
3	1019	5085	5092	
3	1028	5093	5085	
3	5092	5085	5093	
3	51	5094	5095	
3	1008	5053	5094	
3	1020	5095	5053	
3	5094	5053	5095	
3	1028	5084	2218	
3	51	5095	5084	
3	1020	2218	5095	
3	5084	5095	2218	
3	1020	5054	5015	
3	1021	5096	5054	
3	998	5015	5096	
3	5054	5096	5015	
3	88	2363	2212	
3	998	5096	2363	
3	1021	2212	5096	
3	2363	5096	2212	
3	1026	5097	5099	
3	1038	5098	5097	
3	1029	5099	5098	
3	5097	5098	5099	
3	1059	5100	5039	
3	1061	5101	5100	
3	1033	5039	5101	
3	5100	5101	5039	
3	1022	5102	5104	
3	1039	5103	5102	
3	1040	5104	5103	
3	5102	5103	5104	
3	1034	5105	5077	
3	75	5106	5105	
3	1035	5077	5106	
3	5105	5106	5077	
3	1033	5056	5040	
3	1016	2369	5056	
3	1031	5040	2369	
3	5056	2369	5040	
3	1017	5107	5108	
3	1031	5074	5107	
3	1041	5108	5074	
3	5107	5074	5108	
3	1040	5078	5104	
3	1035	5109	5078	
3	1022	5104	5109	
3	5078	5109	5104	
3	1033	5110	5057	
3	1251	5111	5110	
3	1252	5057	5111	
3	5110	5111	5057	
3	1046	5112	5114	
3	1047	5113	5112	
3	1048	5114	5113	
3	5112	5113	5114	
3	85	5115	5116	
3	1019	5092	5115	
3	1027	5116	5092	
3	5115	5092	5116	
3	1076	5117	2359	
3	85	5116	5117	
3	1027	2359	5116	
3	5117	5116	2359	
3	1027	5093	5062	
3	1028	5118	5093	
3	1014	5062	5118	
3	5093	5118	5062	
3	50	5069	2217	
3	1014	5118	5069	
3	1028	2217	5118	
3	5069	5118	2217	
3	1023	4979	5120	
3	1018	5119	4979	
3	1035	5120	5119	
3	4979	5119	5120	
3	1035	5119	5109	
3	1018	5121	5119	
3	1022	5109	5121	
3	5119	5121	5109	
3	1004	5122	5019	
3	1167	5123	5122	
3	1168	5019	5123	
3	5122	5123	5019	
3	1023	5124	5125	
3	75	2323	5124	
3	1077	5125	2323	
3	5124	2323	5125	
3	1007	5126	5127	
3	1029	5098	5126	
3	1038	5127	5098	
3	5126	5098	5127	
3	1007	5127	5128	
3	1038	5052	5127	
3	1025	5128	5052	
3	5127	5052	5128	
3	1029	5129	5064	
3	1018	4978	5129	
3	12	5064	4978	
3	5129	4978	5064	
3	1040	5130	5132	
3	1032	5131	5130	
3	1245	5132	5131	
3	5130	5131	5132	
3	1241	5133	5134	
3	75	5105	5133	
3	1034	5134	5105	
3	5133	5105	5134	
3	1007	5135	5136	
3	1022	5121	5135	
3	1018	5136	5121	
3	5135	5121	5136	
3	1040	5132	5076	
3	1245	5137	5132	
3	1034	5076	5137	
3	5132	5137	5076	
3	1032	5042	5138	
3	1046	5114	5042	
3	1048	5138	5114	
3	5042	5114	5138	
3	1169	5139	5141	
3	1056	5140	5139	
3	1015	5141	5140	
3	5139	5140	5141	
3	1057	5142	5143	
3	1012	5048	5142	
3	1055	5143	5048	
3	5142	5048	5143	
3	1017	5108	5071	
3	1041	5044	5108	
3	86	5071	5044	
3	5108	5044	5071	
3	1022	5135	5144	
3	1007	5128	5135	
3	1025	5144	5128	
3	5135	5128	5144	
3	1072	5145	5147	
3	1006	5146	5145	
3	1251	5147	5146	
3	5145	5146	5147	
3	75	5124	5106	
3	1023	5120	5124	
3	1035	5106	5120	
3	5124	5120	5106	
3	1038	5097	5148	
3	1026	2367	5097	
3	1016	5148	2367	
3	5097	2367	5148	
3	1007	5136	5126	
3	1018	5129	5136	
3	1029	5126	5129	
3	5136	5129	5126	
3	1039	5102	5090	
3	1022	5144	5102	
3	1025	5090	5144	
3	5102	5144	5090	
3	1032	5130	5043	
3	1040	5103	5130	
3	1039	5043	5103	
3	5130	5103	5043	
3	1053	5091	5150	
3	1025	5149	5091	
3	1006	5150	5149	
3	5091	5149	5150	
3	1054	5151	5153	
3	1037	5152	5151	
3	1053	5153	5152	
3	5151	5152	5153	
3	1043	5154	5155	
3	85	5117	5154	
3	1076	5155	5117	
3	5154	5117	5155	
3	1029	2188	5099	
3	1041	5073	2188	
3	1026	5099	5073	
3	2188	5073	5099	
3	1078	5156	5158	
3	15	5157	5156	
3	1075	5158	5157	
3	5156	5157	5158	
3	1070	5159	5160	
3	1042	2032	5159	
3	1067	5160	2032	
3	5159	2032	5160	
3	1075	5161	5162	
3	1043	5155	5161	
3	1076	5162	5155	
3	5161	5155	5162	
3	1045	5163	5164	
3	15	5156	5163	
3	1078	5164	5156	
3	5163	5156	5164	
3	1069	2030	5166	
3	1042	5165	2030	
3	1066	5166	5165	
3	2030	5165	5166	
3	1136	5167	5169	
3	1137	5168	5167	
3	1058	5169	5168	
3	5167	5168	5169	
3	1077	5170	5171	
3	1045	5164	5170	
3	1078	5171	5164	
3	5170	5164	5171	
3	1053	5172	5089	
3	1046	5041	5172	
3	1039	5089	5041	
3	5172	5041	5089	
3	1054	5173	5175	
3	1071	5174	5173	
3	1254	5175	5174	
3	5173	5174	5175	
3	1248	5176	5178	
3	1246	5177	5176	
3	1249	5178	5177	
3	5176	5177	5178	
3	1046	5179	5112	
3	1037	5180	5179	
3	1047	5112	5180	
3	5179	5180	5112	
3	1047	5181	5113	
3	1051	2310	5181	
3	1048	5113	2310	
3	5181	2310	5113	
3	1048	2309	5183	
3	1050	5182	2309	
3	1245	5183	5182	
3	2309	5182	5183	
3	1256	5184	5186	
3	1051	5185	5184	
3	1052	5186	5185	
3	5184	5185	5186	
3	1317	5187	5189	
3	1249	5188	5187	
3	1313	5189	5188	
3	5187	5188	5189	
3	1249	5190	5188	
3	1247	5191	5190	
3	1313	5188	5191	
3	5190	5191	5188	
3	1034	5137	5193	
3	1245	5192	5137	
3	1246	5193	5192	
3	5137	5192	5193	
3	1052	5185	5194	
3	1051	5181	5185	
3	1047	5194	5181	
3	5185	5181	5194	
3	1050	2311	5196	
3	1051	5195	2311	
3	1049	5196	5195	
3	2311	5195	5196	
3	1054	5175	5198	
3	1254	5197	5175	
3	1122	5198	5197	
3	5175	5197	5198	
3	1129	5199	5201	
3	1052	5200	5199	
3	1128	5201	5200	
3	5199	5200	5201	
3	1054	5153	5202	
3	1053	5150	5153	
3	1006	5202	5150	
3	5153	5150	5202	
3	1053	5152	5172	
3	1037	5179	5152	
3	1046	5172	5179	
3	5152	5179	5172	
3	1061	5203	5205	
3	1063	5204	5203	
3	1251	5205	5204	
3	5203	5204	5205	
3	1073	5206	5208	
3	1253	5207	5206	
3	1254	5208	5207	
3	5206	5207	5208	
3	1056	5079	5140	
3	1000	5075	5079	
3	1015	5140	5075	
3	5079	5075	5140	
3	1055	5209	5143	
3	1030	5210	5209	
3	1057	5143	5210	
3	5209	5210	5143	
3	1015	5211	5141	
3	1168	5212	5211	
3	1169	5141	5212	
3	5211	5212	5141	
3	1030	5209	5213	
3	1055	5080	5209	
3	1056	5213	5080	
3	5209	5080	5213	
3	1057	5214	5216	
3	1064	5215	5214	
3	1062	5216	5215	
3	5214	5215	5216	
3	1062	5217	5219	
3	1061	5218	5217	
3	1036	5219	5218	
3	5217	5218	5219	
3	1164	5220	5222	
3	1142	5221	5220	
3	1165	5222	5221	
3	5220	5221	5222	
3	1083	5223	5225	
3	1082	5224	5223	
3	1089	5225	5224	
3	5223	5224	5225	
3	1031	5107	5033	
3	1017	5226	5107	
3	1060	5033	5226	
3	5107	5226	5033	
3	1061	5100	5218	
3	1059	5066	5100	
3	1036	5218	5066	
3	5100	5066	5218	
3	1017	5058	5226	
3	1009	5227	5058	
3	1060	5226	5227	
3	5058	5227	5226	
3	1060	5227	5228	
3	1009	5081	5227	
3	1068	5228	5081	
3	5227	5081	5228	
3	1062	5219	5216	
3	1036	2366	5219	
3	1057	5216	2366	
3	5219	2366	5216	
3	1072	5147	5229	
3	1251	5204	5147	
3	1063	5229	5204	
3	5147	5204	5229	
3	1064	5214	5230	
3	1057	5210	5214	
3	1030	5230	5210	
3	5214	5210	5230	
3	1066	5165	5232	
3	1042	5231	5165	
3	1065	5232	5231	
3	5165	5231	5232	
3	1062	5233	5217	
3	1065	5234	5233	
3	1061	5217	5234	
3	5233	5234	5217	
3	1061	5234	5203	
3	1065	5235	5234	
3	1063	5203	5235	
3	5234	5235	5203	
3	1141	5236	5238	
3	1145	5237	5236	
3	1143	5238	5237	
3	5236	5237	5238	
3	1065	5231	5239	
3	1042	5159	5231	
3	1070	5239	5159	
3	5231	5159	5239	
3	1064	5240	5215	
3	1066	5241	5240	
3	1062	5215	5241	
3	5240	5241	5215	
3	1065	5233	5232	
3	1062	5241	5233	
3	1066	5232	5241	
3	5233	5241	5232	
3	1079	5242	5243	
3	1066	5240	5242	
3	1064	5243	5240	
3	5242	5240	5243	
3	1072	5244	5246	
3	1070	5245	5244	
3	1071	5246	5245	
3	5244	5245	5246	
3	1066	5242	5166	
3	1079	5247	5242	
3	1069	5166	5247	
3	5242	5247	5166	
3	1070	5244	5248	
3	1072	5229	5244	
3	1063	5248	5229	
3	5244	5229	5248	
3	1057	2365	5142	
3	1068	5082	2365	
3	1012	5142	5082	
3	2365	5082	5142	
3	1060	5228	5065	
3	1068	2364	5228	
3	1036	5065	2364	
3	5228	2364	5065	
3	1070	5160	5245	
3	1067	5249	5160	
3	1071	5245	5249	
3	5160	5249	5245	
3	1065	5239	5235	
3	1070	5248	5239	
3	1063	5235	5248	
3	5239	5248	5235	
3	1067	2031	5250	
3	1069	2024	2031	
3	1081	5250	2024	
3	2031	2024	5250	
3	1255	2069	5251	
3	1073	5208	2069	
3	1254	5251	5208	
3	2069	5208	5251	
3	1071	5173	5246	
3	1054	5252	5173	
3	1072	5246	5252	
3	5173	5252	5246	
3	1006	5145	5202	
3	1072	5252	5145	
3	1054	5202	5252	
3	5145	5252	5202	
3	1088	5253	5255	
3	1092	5254	5253	
3	1253	5255	5254	
3	5253	5254	5255	
3	1074	5256	5258	
3	1118	5257	5256	
3	1120	5258	5257	
3	5256	5257	5258	
3	1073	5259	5261	
3	1083	5260	5259	
3	1088	5261	5260	
3	5259	5260	5261	
3	1119	5262	5263	
3	1120	5257	5262	
3	1118	5263	5257	
3	5262	5257	5263	
3	15	5264	5157	
3	1043	5161	5264	
3	1075	5157	5161	
3	5264	5161	5157	
3	1078	5158	5265	
3	1075	2316	5158	
3	12	5265	2316	
3	5158	2316	5265	
3	1075	5162	2317	
3	1076	5266	5162	
3	985	2317	5266	
3	5162	5266	2317	
3	86	5045	2358	
3	985	5266	5045	
3	1076	2358	5266	
3	5045	5266	2358	
3	76	5267	5268	
3	1045	5170	5267	
3	1077	5268	5170	
3	5267	5170	5268	
3	1244	5269	2322	
3	76	5268	5269	
3	1077	2322	5268	
3	5269	5268	2322	
3	1077	5171	5125	
3	1078	5270	5171	
3	1023	5125	5270	
3	5171	5270	5125	
3	12	4977	5265	
3	1023	5270	4977	
3	1078	5265	5270	
3	4977	5270	5265	
3	1137	5271	5272	
3	1064	5230	5271	
3	1030	5272	5230	
3	5271	5230	5272	
3	1091	5273	5274	
3	1083	5225	5273	
3	1089	5274	5225	
3	5273	5225	5274	
3	1090	5275	5277	
3	1105	5276	5275	
3	1094	5277	5276	
3	5275	5276	5277	
3	1111	5278	5280	
3	1101	5279	5278	
3	1112	5280	5279	
3	5278	5279	5280	
3	1102	5281	5283	
3	1064	5282	5281	
3	1044	5283	5282	
3	5281	5282	5283	
3	1069	5247	5285	
3	1079	5284	5247	
3	1093	5285	5284	
3	5247	5284	5285	
3	1087	5286	5288	
3	1089	5287	5286	
3	1090	5288	5287	
3	5286	5287	5288	
3	1081	5289	2071	
3	1083	5259	5289	
3	1073	2071	5259	
3	5289	5259	2071	
3	1083	5289	5223	
3	1081	2026	5289	
3	1082	5223	2026	
3	5289	2026	5223	
3	1088	5260	5291	
3	1083	5290	5260	
3	1096	5291	5290	
3	5260	5290	5291	
3	1087	5288	5292	
3	1090	5277	5288	
3	1094	5292	5277	
3	5288	5277	5292	
3	1253	5254	5294	
3	1092	5293	5254	
3	1118	5294	5293	
3	5254	5293	5294	
3	1111	5295	5278	
3	1092	5296	5295	
3	1101	5278	5296	
3	5295	5296	5278	
3	1082	2025	5002	
3	1069	5285	2025	
3	1093	5002	5285	
3	2025	5285	5002	
3	1098	5297	5299	
3	1024	5298	5297	
3	1086	5299	5298	
3	5297	5298	5299	
3	1083	5273	5290	
3	1091	5300	5273	
3	1096	5290	5300	
3	5273	5300	5290	
3	1101	5301	5302	
3	1088	5291	5301	
3	1096	5302	5291	
3	5301	5291	5302	
3	1090	5287	5004	
3	1089	5224	5287	
3	1082	5004	5224	
3	5287	5224	5004	
3	1091	5274	5303	
3	1089	5286	5274	
3	1087	5303	5286	
3	5274	5286	5303	
3	1090	5304	5275	
3	1104	5305	5304	
3	1105	5275	5305	
3	5304	5305	5275	
3	1094	5306	5308	
3	1085	5307	5306	
3	1107	5308	5307	
3	5306	5307	5308	
3	1087	5309	5311	
3	1107	5310	5309	
3	1098	5311	5310	
3	5309	5310	5311	
3	1100	5312	5314	
3	1086	5313	5312	
3	1099	5314	5313	
3	5312	5313	5314	
3	1101	5302	5316	
3	1096	5315	5302	
3	1100	5316	5315	
3	5302	5315	5316	
3	1111	5317	5295	
3	1114	5318	5317	
3	1092	5295	5318	
3	5317	5318	5295	
3	1079	5319	5284	
3	1102	5320	5319	
3	1093	5284	5320	
3	5319	5320	5284	
3	1102	5321	5323	
3	1103	5322	5321	
3	1104	5323	5322	
3	5321	5322	5323	
3	1102	5323	5320	
3	1104	5324	5323	
3	1093	5320	5324	
3	5323	5324	5320	
3	1106	5325	5326	
3	1085	5306	5325	
3	1094	5326	5306	
3	5325	5306	5326	
3	1086	5327	5299	
3	1091	5328	5327	
3	1098	5299	5328	
3	5327	5328	5299	
3	1107	5329	5310	
3	1095	5330	5329	
3	1098	5310	5330	
3	5329	5330	5310	
3	1086	5312	5331	
3	1100	5315	5312	
3	1096	5331	5315	
3	5312	5315	5331	
3	1091	5327	5300	
3	1086	5331	5327	
3	1096	5300	5331	
3	5327	5331	5300	
3	1097	5332	5334	
3	1125	5333	5332	
3	1099	5334	5333	
3	5332	5333	5334	
3	1087	5311	5303	
3	1098	5328	5311	
3	1091	5303	5328	
3	5311	5328	5303	
3	1024	5297	5335	
3	1098	5330	5297	
3	1095	5335	5330	
3	5297	5330	5335	
3	1086	5298	5313	
3	1024	5336	5298	
3	1099	5313	5336	
3	5298	5336	5313	
3	1101	5296	5301	
3	1092	5253	5296	
3	1088	5301	5253	
3	5296	5253	5301	
3	1125	5337	5333	
3	1100	5314	5337	
3	1099	5333	5314	
3	5337	5314	5333	
3	1126	5338	5340	
3	1135	5339	5338	
3	1112	5340	5339	
3	5338	5339	5340	
3	1064	5281	5243	
3	1102	5319	5281	
3	1079	5243	5319	
3	5281	5319	5243	
3	1103	5321	5341	
3	1102	5283	5321	
3	1044	5341	5283	
3	5321	5283	5341	
3	1133	5342	5344	
3	1124	5343	5342	
3	1103	5344	5343	
3	5342	5343	5344	
3	1139	5345	5347	
3	1110	5346	5345	
3	1123	5347	5346	
3	5345	5346	5347	
3	1104	5322	5305	
3	1103	5348	5322	
3	1105	5305	5348	
3	5322	5348	5305	
3	1090	5003	5304	
3	1093	5324	5003	
3	1104	5304	5324	
3	5003	5324	5304	
3	1123	5349	5350	
3	1105	5348	5349	
3	1103	5350	5348	
3	5349	5348	5350	
3	1094	5351	5326	
3	1110	5352	5351	
3	1106	5326	5352	
3	5351	5352	5326	
3	1094	5308	5292	
3	1107	5309	5308	
3	1087	5292	5309	
3	5308	5309	5292	
3	1110	5351	5353	
3	1094	5276	5351	
3	1105	5353	5276	
3	5351	5276	5353	
3	1085	5354	5307	
3	1095	5329	5354	
3	1107	5307	5329	
3	5354	5329	5307	
3	1116	5355	5357	
3	1146	5356	5355	
3	1159	5357	5356	
3	5355	5356	5357	
3	1092	5318	5293	
3	1114	5358	5318	
3	1118	5293	5358	
3	5318	5358	5293	
3	1143	5359	5361	
3	1124	5360	5359	
3	1142	5361	5360	
3	5359	5360	5361	
3	1134	5362	5364	
3	1080	5363	5362	
3	1139	5364	5363	
3	5362	5363	5364	
3	1110	5353	5346	
3	1105	5349	5353	
3	1123	5346	5349	
3	5353	5349	5346	
3	1080	5365	5366	
3	1106	5352	5365	
3	1110	5366	5352	
3	5365	5352	5366	
3	1100	5337	5316	
3	1125	5367	5337	
3	1101	5316	5367	
3	5337	5367	5316	
3	1114	5317	5369	
3	1111	5368	5317	
3	1115	5369	5368	
3	5317	5368	5369	
3	1135	5338	5371	
3	1126	5370	5338	
3	1084	5371	5370	
3	5338	5370	5371	
3	1108	5372	5373	
3	1111	5280	5372	
3	1112	5373	5280	
3	5372	5280	5373	
3	1115	5374	5369	
3	1113	5375	5374	
3	1114	5369	5375	
3	5374	5375	5369	
3	1119	5376	5377	
3	1052	5194	5376	
3	1047	5377	5194	
3	5376	5194	5377	
3	1115	5368	5086	
3	1111	5372	5368	
3	1108	5086	5372	
3	5368	5372	5086	
3	1118	5358	5378	
3	1114	5375	5358	
3	1113	5378	5375	
3	5358	5375	5378	
3	1146	5379	5381	
3	1108	5380	5379	
3	1135	5381	5380	
3	5379	5380	5381	
3	1115	5088	5383	
3	1116	5382	5088	
3	1117	5383	5382	
3	5088	5382	5383	
3	1129	5384	5386	
3	1282	5385	5384	
3	1256	5386	5385	
3	5384	5385	5386	
3	1115	5383	5374	
3	1117	5387	5383	
3	1113	5374	5387	
3	5383	5387	5374	
3	1130	5388	5390	
3	1127	5389	5388	
3	1282	5390	5389	
3	5388	5389	5390	
3	1128	5391	5201	
3	1117	5392	5391	
3	1129	5201	5392	
3	5391	5392	5201	
3	1119	5263	5393	
3	1118	5378	5263	
3	1113	5393	5378	
3	5263	5378	5393	
3	1118	5256	5294	
3	1074	5394	5256	
3	1253	5294	5394	
3	5256	5394	5294	
3	1119	5393	5396	
3	1113	5395	5393	
3	1128	5396	5395	
3	5393	5395	5396	
3	1121	5397	5398	
3	1120	5262	5397	
3	1119	5398	5262	
3	5397	5262	5398	
3	1121	5398	5399	
3	1119	5377	5398	
3	1047	5399	5377	
3	5398	5377	5399	
3	1037	5400	5402	
3	1122	5401	5400	
3	1121	5402	5401	
3	5400	5401	5402	
3	1047	5180	5399	
3	1037	5402	5180	
3	1121	5399	5402	
3	5180	5402	5399	
3	1122	5400	5198	
3	1037	5151	5400	
3	1054	5198	5151	
3	5400	5151	5198	
3	1074	5258	5404	
3	1120	5403	5258	
3	1122	5404	5403	
3	5258	5403	5404	
3	1121	5401	5397	
3	1122	5403	5401	
3	1120	5397	5403	
3	5401	5403	5397	
3	1124	5405	5343	
3	1123	5350	5405	
3	1103	5343	5350	
3	5405	5350	5343	
3	1143	5237	5359	
3	1145	5406	5237	
3	1124	5359	5406	
3	5237	5406	5359	
3	1103	5341	5344	
3	1044	5407	5341	
3	1133	5344	5407	
3	5341	5407	5344	
3	1080	5366	5363	
3	1110	5345	5366	
3	1139	5363	5345	
3	5366	5345	5363	
3	1097	5408	5332	
3	1112	5409	5408	
3	1125	5332	5409	
3	5408	5409	5332	
3	1101	5367	5279	
3	1125	5409	5367	
3	1112	5279	5409	
3	5367	5409	5279	
3	1132	5410	5411	
3	1127	5388	5410	
3	1130	5411	5388	
3	5410	5388	5411	
3	1112	5408	5340	
3	1097	5412	5408	
3	1126	5340	5412	
3	5408	5412	5340	
3	1269	5413	5415	
3	1270	5414	5413	
3	21	5415	5414	
3	5413	5414	5415	
3	1119	5396	5376	
3	1128	5200	5396	
3	1052	5376	5200	
3	5396	5200	5376	
3	1113	5387	5395	
3	1117	5391	5387	
3	1128	5395	5391	
3	5387	5391	5395	
3	1130	5416	5417	
3	1129	5392	5416	
3	1117	5417	5392	
3	5416	5392	5417	
3	1282	5418	5385	
3	1131	2096	5418	
3	1256	5385	2096	
3	5418	2096	5385	
3	1117	5382	5417	
3	1116	5419	5382	
3	1130	5417	5419	
3	5382	5419	5417	
3	1132	5411	5420	
3	1130	5419	5411	
3	1116	5420	5419	
3	5411	5419	5420	
3	1263	5421	5423	
3	1247	5422	5421	
3	1261	5423	5422	
3	5421	5422	5423	
3	1247	5424	5422	
3	1259	5425	5424	
3	1261	5422	5425	
3	5424	5425	5422	
3	1146	5355	5379	
3	1116	5087	5355	
3	1108	5379	5087	
3	5355	5087	5379	
3	1163	5426	5428	
3	1361	5427	5426	
3	1132	5428	5427	
3	5426	5427	5428	
3	1044	5429	5407	
3	1136	5430	5429	
3	1133	5407	5430	
3	5429	5430	5407	
3	1138	5431	5432	
3	1165	2319	5431	
3	1166	5432	2319	
3	5431	2319	5432	
3	1145	5433	5406	
3	1123	5405	5433	
3	1124	5406	5405	
3	5433	5405	5406	
3	1159	5434	5357	
3	1132	5420	5434	
3	1116	5357	5420	
3	5434	5420	5357	
3	1150	4875	5436	
3	1148	5435	4875	
3	1149	5436	5435	
3	4875	5435	5436	
3	1108	5373	5380	
3	1112	5339	5373	
3	1135	5380	5339	
3	5373	5339	5380	
3	1137	5167	5437	
3	1136	5429	5167	
3	1044	5437	5429	
3	5167	5429	5437	
3	1166	5438	5432	
3	1167	5439	5438	
3	1138	5432	5439	
3	5438	5439	5432	
3	1064	5271	5282	
3	1137	5437	5271	
3	1044	5282	5437	
3	5271	5437	5282	
3	1137	5272	5441	
3	1030	5440	5272	
3	1169	5441	5440	
3	5272	5440	5441	
3	1005	5442	5444	
3	1160	5443	5442	
3	1170	5444	5443	
3	5442	5443	5444	
3	1163	5428	5445	
3	1132	5434	5428	
3	1159	5445	5434	
3	5428	5434	5445	
3	1124	5342	5360	
3	1133	5446	5342	
3	1142	5360	5446	
3	5342	5446	5360	
3	1145	5447	5448	
3	1134	5364	5447	
3	1139	5448	5364	
3	5447	5364	5448	
3	1164	5449	5450	
3	1170	5443	5449	
3	1160	5450	5443	
3	5449	5443	5450	
3	1109	5451	5453	
3	1141	5452	5451	
3	1149	5453	5452	
3	5451	5452	5453	
3	1164	5222	5454	
3	1165	5431	5222	
3	1138	5454	5431	
3	5222	5431	5454	
3	1143	5361	5456	
3	1142	5455	5361	
3	1140	5456	5455	
3	5361	5455	5456	
3	1143	5456	5458	
3	1140	5457	5456	
3	1144	5458	5457	
3	5456	5457	5458	
3	1145	5448	5433	
3	1139	5347	5448	
3	1123	5433	5347	
3	5448	5347	5433	
3	1160	5459	5461	
3	1171	5460	5459	
3	1154	5461	5460	
3	5459	5460	5461	
3	1144	5462	5464	
3	1152	5463	5462	
3	1150	5464	5463	
3	5462	5463	5464	
3	1141	5238	5465	
3	1143	5458	5238	
3	1144	5465	5458	
3	5238	5458	5465	
3	1134	5447	5467	
3	1145	5466	5447	
3	1109	5467	5466	
3	5447	5466	5467	
3	22	5468	5470	
3	1286	5469	5468	
3	1285	5470	5469	
3	5468	5469	5470	
3	1084	5471	5473	
3	1162	5472	5471	
3	1176	5473	5472	
3	5471	5472	5473	
3	1149	5474	5436	
3	1144	5464	5474	
3	1150	5436	5464	
3	5474	5464	5436	
3	1109	5466	5451	
3	1145	5236	5466	
3	1141	5451	5236	
3	5466	5236	5451	
3	1109	5453	5475	
3	1149	5435	5453	
3	1148	5475	5435	
3	5453	5435	5475	
3	1144	5474	5465	
3	1149	5452	5474	
3	1141	5465	5452	
3	5474	5452	5465	
3	1154	5476	5477	
3	1152	5462	5476	
3	1144	5477	5462	
3	5476	5462	5477	
3	1153	5478	5480	
3	8	5479	5478	
3	1155	5480	5479	
3	5478	5479	5480	
3	1239	5481	5483	
3	1228	5482	5481	
3	1229	5483	5482	
3	5481	5482	5483	
3	1155	5479	5484	
3	8	4876	5479	
3	1150	5484	4876	
3	5479	4876	5484	
3	1154	5477	5485	
3	1144	5457	5477	
3	1140	5485	5457	
3	5477	5457	5485	
3	1156	5486	5487	
3	1155	5484	5486	
3	1150	5487	5484	
3	5486	5484	5487	
3	1160	5461	5488	
3	1154	5485	5461	
3	1140	5488	5485	
3	5461	5485	5488	
3	1156	5489	5486	
3	1158	5490	5489	
3	1155	5486	5490	
3	5489	5490	5486	
3	1151	5491	5492	
3	1152	5476	5491	
3	1154	5492	5476	
3	5491	5476	5492	
3	1152	5493	5463	
3	1156	5487	5493	
3	1150	5463	5487	
3	5493	5487	5463	
3	1156	5493	5494	
3	1152	5491	5493	
3	1151	5494	5491	
3	5493	5491	5494	
3	1151	5495	5494	
3	1237	5496	5495	
3	1156	5494	5496	
3	5495	5496	5494	
3	1156	5497	5489	
3	1157	5498	5497	
3	1158	5489	5498	
3	5497	5498	5489	
3	1171	5499	5460	
3	1151	5492	5499	
3	1154	5460	5492	
3	5499	5492	5460	
3	1178	5500	4902	
3	1300	5501	5500	
3	951	4902	5501	
3	5500	5501	4902	
3	1158	5498	4905	
3	1157	5502	5498	
3	1172	4905	5502	
3	5498	5502	4905	
3	1153	5480	5503	
3	1155	5490	5480	
3	1158	5503	5490	
3	5480	5490	5503	
3	1084	5473	5371	
3	1176	5504	5473	
3	1135	5371	5504	
3	5473	5504	5371	
3	1159	5505	5445	
3	1175	5506	5505	
3	1163	5445	5506	
3	5505	5506	5445	
3	1164	5450	5507	
3	1160	5488	5450	
3	1140	5507	5488	
3	5450	5488	5507	
3	1160	5442	5459	
3	1005	5508	5442	
3	1171	5459	5508	
3	5442	5508	5459	
3	1172	5509	5511	
3	1173	5510	5509	
3	1161	5511	5510	
3	5509	5510	5511	
3	1179	5512	5513	
3	1178	4901	5512	
3	1181	5513	4901	
3	5512	4901	5513	
3	1162	5514	5516	
3	1147	5515	5514	
3	1175	5516	5515	
3	5514	5515	5516	
3	1175	5505	5518	
3	1159	5517	5505	
3	1176	5518	5517	
3	5505	5517	5518	
3	1286	5519	5469	
3	1163	5520	5519	
3	1285	5469	5520	
3	5519	5520	5469	
3	1142	5220	5455	
3	1164	5507	5220	
3	1140	5455	5507	
3	5220	5507	5455	
3	1170	5449	5521	
3	1164	5454	5449	
3	1138	5521	5454	
3	5449	5454	5521	
3	1142	5446	5221	
3	1133	2320	5446	
3	1165	5221	2320	
3	5446	2320	5221	
3	1166	2318	5522	
3	1133	5430	2318	
3	1136	5522	5430	
3	2318	5430	5522	
3	1136	5169	5522	
3	1058	5523	5169	
3	1166	5522	5523	
3	5169	5523	5522	
3	1167	5438	5524	
3	1166	5523	5438	
3	1058	5524	5523	
3	5438	5523	5524	
3	1168	5123	5525	
3	1167	5524	5123	
3	1058	5525	5524	
3	5123	5524	5525	
3	1170	5526	5527	
3	1167	5122	5526	
3	1004	5527	5122	
3	5526	5122	5527	
3	1168	5525	5212	
3	1058	5528	5525	
3	1169	5212	5528	
3	5525	5528	5212	
3	1168	5211	5020	
3	1015	5022	5211	
3	994	5020	5022	
3	5211	5022	5020	
3	1137	5441	5168	
3	1169	5528	5441	
3	1058	5168	5528	
3	5441	5528	5168	
3	1030	5213	5440	
3	1056	5139	5213	
3	1169	5440	5139	
3	5213	5139	5440	
3	1167	5526	5439	
3	1170	5521	5526	
3	1138	5439	5521	
3	5526	5521	5439	
3	1004	5031	5527	
3	1005	5444	5031	
3	1170	5527	5444	
3	5031	5444	5527	
3	990	5529	5007	
3	1229	5482	5529	
3	1228	5007	5482	
3	5529	5482	5007	
3	1233	5530	5532	
3	1234	5531	5530	
3	1237	5532	5531	
3	5530	5531	5532	
3	1173	5509	5533	
3	1172	5502	5509	
3	1157	5533	5502	
3	5509	5502	5533	
3	1174	4811	5534	
3	1161	4935	4811	
3	1178	5534	4935	
3	4811	4935	5534	
3	1239	5535	5537	
3	1233	5536	5535	
3	1171	5537	5536	
3	5535	5536	5537	
3	1307	5538	5540	
3	1238	5539	5538	
3	1219	5540	5539	
3	5538	5539	5540	
3	1174	5541	4809	
3	1177	5542	5541	
3	1182	4809	5542	
3	5541	5542	4809	
3	1182	5543	4904	
3	1153	5503	5543	
3	1158	4904	5503	
3	5543	5503	4904	
3	1163	5506	5544	
3	1175	5515	5506	
3	1147	5544	5515	
3	5506	5515	5544	
3	1176	5517	5545	
3	1159	5356	5517	
3	1146	5545	5356	
3	5517	5356	5545	
3	1176	5545	5504	
3	1146	5381	5545	
3	1135	5504	5381	
3	5545	5381	5504	
3	1162	5516	5472	
3	1175	5518	5516	
3	1176	5472	5518	
3	5516	5518	5472	
3	1174	5534	4874	
3	1178	5512	5534	
3	1179	4874	5512	
3	5534	5512	4874	
3	1182	4906	4810	
3	1172	5511	4906	
3	1161	4810	5511	
3	4906	5511	4810	
3	1161	5510	4933	
3	1173	5546	5510	
3	1299	4933	5546	
3	5510	5546	4933	
3	1180	5547	5548	
3	930	4872	5547	
3	1179	5548	4872	
3	5547	4872	5548	
3	945	5549	5551	
3	1180	5550	5549	
3	1181	5551	5550	
3	5549	5550	5551	
3	930	5552	4873	
3	1177	5541	5552	
3	1174	4873	5541	
3	5552	5541	4873	
3	1181	5553	5551	
3	969	4931	5553	
3	945	5551	4931	
3	5553	4931	5551	
3	1181	4903	5553	
3	951	4826	4903	
3	969	5553	4826	
3	4903	4826	5553	
3	1180	5548	5550	
3	1179	5513	5548	
3	1181	5550	5513	
3	5548	5513	5550	
3	1153	5543	5554	
3	1182	5542	5543	
3	1177	5554	5542	
3	5543	5542	5554	
3	863	4543	4590	
3	1183	4591	4543	
3	858	4590	4591	
3	4543	4591	4590	
3	880	4583	4608	
3	1183	4542	4583	
3	855	4608	4542	
3	4583	4542	4608	
3	843	4356	4358	
3	1184	4501	4356	
3	831	4358	4501	
3	4356	4501	4358	
3	870	4539	4550	
3	1184	4355	4539	
3	847	4550	4355	
3	4539	4355	4550	
3	1200	4722	5556	
3	1201	5555	4722	
3	871	5556	5555	
3	4722	5555	5556	
3	1187	5557	4498	
3	834	4497	5557	
3	780	4498	4497	
3	5557	4497	4498	
3	95	5558	5560	
3	1196	5559	5558	
3	1186	5560	5559	
3	5558	5559	5560	
3	1185	5561	4512	
3	1188	5562	5561	
3	1187	4512	5562	
3	5561	5562	4512	
3	1188	5561	5563	
3	1185	4623	5561	
3	1186	5563	4623	
3	5561	4623	5563	
3	1189	4505	5565	
3	1188	5564	4505	
3	833	5565	5564	
3	4505	5564	5565	
3	1186	5566	5563	
3	833	5564	5566	
3	1188	5563	5564	
3	5566	5564	5563	
3	1187	5562	5567	
3	1188	4504	5562	
3	1190	5567	4504	
3	5562	4504	5567	
3	1189	5568	4503	
3	55	5569	5568	
3	1190	4503	5569	
3	5568	5569	4503	
3	1190	5570	5571	
3	829	4508	5570	
3	834	5571	4508	
3	5570	4508	5571	
3	829	5570	4492	
3	1190	5569	5570	
3	55	4492	5569	
3	5570	5569	4492	
3	1187	5567	5557	
3	1190	5571	5567	
3	834	5557	5571	
3	5567	5571	5557	
3	1193	4376	5572	
3	1189	5565	4376	
3	833	5572	5565	
3	4376	5565	5572	
3	1195	5573	5575	
3	1191	5574	5573	
3	1193	5575	5574	
3	5573	5574	5575	
3	55	5568	4442	
3	1189	4378	5568	
3	1192	4442	4378	
3	5568	4378	4442	
3	1195	5575	5576	
3	1193	5572	5575	
3	833	5576	5572	
3	5575	5572	5576	
3	1194	5577	5578	
3	1193	5574	5577	
3	1191	5578	5574	
3	5577	5574	5578	
3	95	4514	5558	
3	1195	5579	4514	
3	1196	5558	5579	
3	4514	5579	5558	
3	1193	5577	4377	
3	1194	2232	5577	
3	1192	4377	2232	
3	5577	2232	4377	
3	1197	5580	5581	
3	1191	5573	5580	
3	1195	5581	5573	
3	5580	5573	5581	
3	1195	5576	5579	
3	833	5582	5576	
3	1196	5579	5582	
3	5576	5582	5579	
3	833	5566	5582	
3	1186	5559	5566	
3	1196	5582	5559	
3	5566	5559	5582	
3	877	4635	4568	
3	1198	4652	4635	
3	874	4568	4652	
3	4635	4652	4568	
3	1195	2405	5581	
3	96	5583	2405	
3	1197	5581	5583	
3	2405	5583	5581	
3	898	5584	4790	
3	895	4708	5584	
3	1305	4790	4708	
3	5584	4708	4790	
3	885	4749	5586	
3	1199	5585	4749	
3	1304	5586	5585	
3	4749	5585	5586	
3	870	4618	4537	
3	1200	5556	4618	
3	871	4537	5556	
3	4618	5556	4537	
3	1202	5587	4621	
3	866	4603	5587	
3	902	4621	4603	
3	5587	4603	4621	
3	1203	4741	5588	
3	1201	4721	4741	
3	907	5588	4721	
3	4741	4721	5588	
3	1186	4622	4740	
3	871	5555	4622	
3	1201	4740	5555	
3	4622	5555	4740	
3	907	4723	4738	
3	1200	5589	4723	
3	1202	4738	5589	
3	4723	5589	4738	
3	866	5587	4617	
3	1202	5589	5587	
3	1200	4617	5589	
3	5587	5589	4617	
3	1205	5590	4787	
3	906	5591	5590	
3	1204	4787	5591	
3	5590	5591	4787	
3	1186	4739	5560	
3	1203	5592	4739	
3	95	5560	5592	
3	4739	5592	5560	
3	1203	5588	4789	
3	907	5593	5588	
3	1205	4789	5593	
3	5588	5593	4789	
3	95	5592	5594	
3	1203	4788	5592	
3	1204	5594	4788	
3	5592	4788	5594	
3	907	4737	5593	
3	923	5595	4737	
3	1205	5593	5595	
3	4737	5595	5593	
3	906	5590	4732	
3	1205	5595	5590	
3	923	4732	5595	
3	5590	5595	4732	
3	1208	4699	5596	
3	1204	5591	4699	
3	906	5596	5591	
3	4699	5591	5596	
3	1210	5597	5599	
3	1206	5598	5597	
3	1208	5599	5598	
3	5597	5598	5599	
3	95	5594	4513	
3	1204	4701	5594	
3	1207	4513	4701	
3	5594	4701	4513	
3	1210	5599	2203	
3	1208	5596	5599	
3	906	2203	5596	
3	5599	5596	2203	
3	1209	5600	5601	
3	1208	5598	5600	
3	1206	5601	5598	
3	5600	5598	5601	
3	1212	5602	4734	
3	928	4686	5602	
3	7	4734	4686	
3	5602	4686	4734	
3	1208	5600	4700	
3	1209	2113	5600	
3	1207	4700	2113	
3	5600	2113	4700	
3	1213	5603	5604	
3	1206	5597	5603	
3	1210	5604	5597	
3	5603	5597	5604	
3	897	4802	4805	
3	934	4785	4802	
3	1211	4805	4785	
3	4802	4785	4805	
3	923	4804	4733	
3	1211	4684	4804	
3	928	4733	4684	
3	4804	4684	4733	
3	6	2029	4850	
3	1212	4736	2029	
3	962	4850	4736	
3	2029	4736	4850	
3	928	5602	2205	
3	1212	5605	5602	
3	1210	2205	5605	
3	5602	5605	2205	
3	896	5606	4711	
3	1306	5607	5606	
3	904	4711	5607	
3	5606	5607	4711	
3	1212	2028	5605	
3	1213	5604	2028	
3	1210	5605	5604	
3	2028	5604	5605	
3	1215	4861	5609	
3	1214	5608	4861	
3	1306	5609	5608	
3	4861	5608	5609	
3	1302	5610	5612	
3	1303	5611	5610	
3	960	5612	5611	
3	5610	5611	5612	
3	1301	5613	5614	
3	1302	5612	5613	
3	960	5614	5612	
3	5613	5612	5614	
3	956	4891	4892	
3	1217	4888	4891	
3	953	4892	4888	
3	4891	4888	4892	
3	949	4782	2352	
3	970	4920	4782	
3	1216	2352	4920	
3	4782	4920	2352	
3	955	2355	4890	
3	952	5615	2355	
3	1217	4890	5615	
3	2355	5615	4890	
3	949	2354	2210	
3	1217	5615	2354	
3	952	2210	5615	
3	2354	5615	2210	
3	935	5616	4919	
3	1221	5617	5616	
3	1218	4919	5617	
3	5616	5617	4919	
3	1230	5618	5620	
3	1231	5619	5618	
3	1226	5620	5619	
3	5618	5619	5620	
3	1307	5540	5622	
3	1219	5621	5540	
3	1308	5622	5621	
3	5540	5621	5622	
3	1223	5623	5625	
3	1224	5624	5623	
3	1232	5625	5624	
3	5623	5624	5625	
3	1223	5037	5626	
3	1218	5617	5037	
3	1221	5626	5617	
3	5037	5617	5626	
3	1223	5627	5629	
3	1219	5628	5627	
3	1236	5629	5628	
3	5627	5628	5629	
3	1307	5622	5631	
3	1308	5630	5622	
3	1222	5631	5630	
3	5622	5630	5631	
3	1223	5626	5627	
3	1221	5632	5626	
3	1219	5627	5632	
3	5626	5632	5627	
3	1308	5633	5630	
3	1309	5634	5633	
3	1222	5630	5634	
3	5633	5634	5630	
3	1238	5635	5637	
3	1173	5636	5635	
3	1236	5637	5636	
3	5635	5636	5637	
3	1236	5638	5640	
3	1235	5639	5638	
3	1224	5640	5639	
3	5638	5639	5640	
3	1223	5641	5038	
3	1220	5642	5641	
3	1225	5038	5642	
3	5641	5642	5038	
3	1234	5643	5645	
3	1235	5644	5643	
3	1157	5645	5644	
3	5643	5644	5645	
3	1237	5646	5532	
3	1171	5536	5646	
3	1233	5532	5536	
3	5646	5536	5532	
3	1226	4990	5647	
3	1225	5642	4990	
3	1220	5647	5642	
3	4990	5642	5647	
3	970	4781	4989	
3	1218	5036	4781	
3	1225	4989	5036	
3	4781	5036	4989	
3	1220	5648	5650	
3	1229	5649	5648	
3	1230	5650	5649	
3	5648	5649	5650	
3	970	4991	4878	
3	1226	5651	4991	
3	967	4878	5651	
3	4991	5651	4878	
3	1231	4985	5652	
3	988	2107	4985	
3	967	5652	2107	
3	4985	2107	5652	
3	993	5001	5006	
3	1227	5653	5001	
3	990	5006	5653	
3	5001	5653	5006	
3	990	5654	5529	
3	1230	5649	5654	
3	1229	5529	5649	
3	5654	5649	5529	
3	1005	5032	5655	
3	993	5008	5032	
3	1228	5655	5008	
3	5032	5008	5655	
3	1220	5656	5648	
3	1232	5657	5656	
3	1229	5648	5657	
3	5656	5657	5648	
3	1233	5658	5659	
3	1229	5657	5658	
3	1232	5659	5657	
3	5658	5657	5659	
3	1231	5618	5660	
3	1230	5654	5618	
3	990	5660	5654	
3	5618	5654	5660	
3	1220	5650	5647	
3	1230	5620	5650	
3	1226	5647	5620	
3	5650	5620	5647	
3	1227	4984	5653	
3	1231	5660	4984	
3	990	5653	5660	
3	4984	5660	5653	
3	1226	5619	5651	
3	1231	5652	5619	
3	967	5651	5652	
3	5619	5652	5651	
3	1223	5625	5641	
3	1232	5656	5625	
3	1220	5641	5656	
3	5625	5656	5641	
3	1233	5659	5661	
3	1232	5624	5659	
3	1224	5661	5624	
3	5659	5624	5661	
3	1234	5530	5662	
3	1233	5661	5530	
3	1224	5662	5661	
3	5530	5661	5662	
3	1171	5508	5537	
3	1005	5663	5508	
3	1239	5537	5663	
3	5508	5663	5537	
3	1235	5643	5639	
3	1234	5662	5643	
3	1224	5639	5662	
3	5643	5662	5639	
3	1237	5531	5664	
3	1234	5645	5531	
3	1157	5664	5645	
3	5531	5645	5664	
3	1224	5623	5640	
3	1223	5629	5623	
3	1236	5640	5629	
3	5623	5629	5640	
3	1157	5644	5533	
3	1235	5665	5644	
3	1173	5533	5665	
3	5644	5665	5533	
3	1238	5637	5539	
3	1236	5628	5637	
3	1219	5539	5628	
3	5637	5628	5539	
3	1173	5665	5636	
3	1235	5638	5665	
3	1236	5636	5638	
3	5665	5638	5636	
3	1156	5496	5497	
3	1237	5664	5496	
3	1157	5497	5664	
3	5496	5664	5497	
3	1171	5646	5499	
3	1237	5495	5646	
3	1151	5499	5495	
3	5646	5495	5499	
3	960	5666	5614	
3	1300	5667	5666	
3	1301	5614	5667	
3	5666	5667	5614	
3	960	4897	5666	
3	951	5501	4897	
3	1300	5666	5501	
3	4897	5501	5666	
3	1228	5481	5655	
3	1239	5663	5481	
3	1005	5655	5663	
3	5481	5663	5655	
3	1229	5658	5483	
3	1233	5535	5658	
3	1239	5483	5535	
3	5658	5535	5483	
3	1014	5068	5072	
3	1013	5668	5068	
3	1240	5072	5668	
3	5068	5668	5072	
3	1009	5060	5067	
3	1240	5668	5060	
3	1013	5067	5668	
3	5060	5668	5067	
3	1248	5669	5176	
3	1034	5193	5669	
3	1246	5176	5193	
3	5669	5193	5176	
3	1242	5670	2095	
3	1241	5671	5670	
3	45	2095	5671	
3	5670	5671	2095	
3	1243	5672	5673	
3	76	5269	5672	
3	1244	5673	5269	
3	5672	5269	5673	
3	1242	5674	5670	
3	1244	5675	5674	
3	1241	5670	5675	
3	5674	5675	5670	
3	44	5676	2194	
3	1243	5677	5676	
3	1242	2194	5677	
3	5676	5677	2194	
3	1242	5677	5674	
3	1243	5673	5677	
3	1244	5674	5673	
3	5677	5673	5674	
3	75	5133	2321	
3	1241	5675	5133	
3	1244	2321	5675	
3	5133	5675	2321	
3	1048	5183	5138	
3	1245	5131	5183	
3	1032	5138	5131	
3	5183	5131	5138	
3	1246	5192	5678	
3	1245	5182	5192	
3	1050	5678	5182	
3	5192	5182	5678	
3	1246	5678	5680	
3	1050	5679	5678	
3	1247	5680	5679	
3	5678	5679	5680	
3	1034	5669	5134	
3	1248	5681	5669	
3	1241	5134	5681	
3	5669	5681	5134	
3	1049	5682	5196	
3	1259	5683	5682	
3	1050	5196	5683	
3	5682	5683	5196	
3	1257	5684	2098	
3	1049	5685	5684	
3	1256	2098	5685	
3	5684	5685	2098	
3	1249	5177	5190	
3	1246	5680	5177	
3	1247	5190	5680	
3	5177	5680	5190	
3	45	5671	5686	
3	1241	5681	5671	
3	1248	5686	5681	
3	5671	5681	5686	
3	1314	5687	5689	
3	1263	5688	5687	
3	1265	5689	5688	
3	5687	5688	5689	
3	45	5686	5690	
3	1248	5178	5686	
3	1249	5690	5178	
3	5686	5178	5690	
3	1261	5691	5693	
3	1262	5692	5691	
3	1260	5693	5692	
3	5691	5692	5693	
3	1265	5688	5695	
3	1263	5694	5688	
3	1260	5695	5694	
3	5688	5694	5695	
3	1251	5146	5111	
3	1006	5696	5146	
3	1252	5111	5696	
3	5146	5696	5111	
3	1061	5205	5101	
3	1251	5110	5205	
3	1033	5101	5110	
3	5205	5110	5101	
3	1025	5051	5149	
3	1252	5696	5051	
3	1006	5149	5696	
3	5051	5696	5149	
3	1038	5148	5050	
3	1016	5055	5148	
3	1252	5050	5055	
3	5148	5055	5050	
3	1254	5207	5697	
3	1253	5394	5207	
3	1074	5697	5394	
3	5207	5394	5697	
3	1088	5255	5261	
3	1253	5206	5255	
3	1073	5261	5206	
3	5255	5206	5261	
3	1122	5197	5404	
3	1254	5697	5197	
3	1074	5404	5697	
3	5197	5697	5404	
3	1254	5174	5251	
3	1071	5698	5174	
3	1255	5251	5698	
3	5174	5698	5251	
3	1071	5249	5698	
3	1067	5699	5249	
3	1255	5698	5699	
3	5249	5699	5698	
3	1081	2070	5250	
3	1255	5699	2070	
3	1067	5250	5699	
3	2070	5699	5250	
3	1051	5184	5195	
3	1256	5685	5184	
3	1049	5195	5685	
3	5184	5685	5195	
3	1129	5386	5199	
3	1256	5186	5386	
3	1052	5199	5186	
3	5386	5186	5199	
3	1257	2097	5701	
3	1131	5700	2097	
3	1258	5701	5700	
3	2097	5700	5701	
3	1050	5683	5679	
3	1259	5424	5683	
3	1247	5679	5424	
3	5683	5424	5679	
3	1282	5702	5418	
3	1283	5703	5702	
3	1131	5418	5703	
3	5702	5703	5418	
3	1283	5704	5706	
3	1127	5705	5704	
3	1284	5706	5705	
3	5704	5705	5706	
3	1049	5684	5682	
3	1257	5707	5684	
3	1259	5682	5707	
3	5684	5707	5682	
3	1262	5708	5709	
3	1257	5701	5708	
3	1258	5709	5701	
3	5708	5701	5709	
3	1292	5710	5712	
3	1294	5711	5710	
3	1286	5712	5711	
3	5710	5711	5712	
3	1315	2192	2313	
3	1250	5713	2192	
3	74	2313	5713	
3	2192	5713	2313	
3	1262	5691	5714	
3	1261	5425	5691	
3	1259	5714	5425	
3	5691	5425	5714	
3	1263	5423	5694	
3	1261	5693	5423	
3	1260	5694	5693	
3	5423	5693	5694	
3	1257	5708	5707	
3	1262	5714	5708	
3	1259	5707	5714	
3	5708	5714	5707	
3	1262	5709	5716	
3	1258	5715	5709	
3	1357	5716	5715	
3	5709	5715	5716	
3	1359	5717	5718	
3	1265	5695	5717	
3	1260	5718	5695	
3	5717	5695	5718	
3	1313	5719	5720	
3	1263	5687	5719	
3	1314	5720	5687	
3	5719	5687	5720	
3	1356	5721	5722	
3	1357	5715	5721	
3	1258	5722	5715	
3	5721	5715	5722	
3	1270	5413	5724	
3	1269	5723	5413	
3	1267	5724	5723	
3	5413	5723	5724	
3	1275	5725	5727	
3	1269	5726	5725	
3	1268	5727	5726	
3	5725	5726	5727	
3	1268	5728	2334	
3	1314	5689	5728	
3	1265	2334	5689	
3	5728	5689	2334	
3	1266	5729	5730	
3	21	2338	5729	
3	1278	5730	2338	
3	5729	2338	5730	
3	74	5731	5732	
3	1314	5728	5731	
3	1268	5732	5728	
3	5731	5728	5732	
3	1276	5733	5735	
3	1319	5734	5733	
3	1267	5735	5734	
3	5733	5734	5735	
3	1328	5736	5738	
3	1277	5737	5736	
3	1326	5738	5737	
3	5736	5737	5738	
3	1275	5727	5739	
3	1268	2336	5727	
3	1264	5739	2336	
3	5727	2336	5739	
3	74	5732	5741	
3	1268	5740	5732	
3	1266	5741	5740	
3	5732	5740	5741	
3	21	5729	5415	
3	1266	5742	5729	
3	1269	5415	5742	
3	5729	5742	5415	
3	1268	5726	5740	
3	1269	5742	5726	
3	1266	5740	5742	
3	5726	5742	5740	
3	1267	5734	5744	
3	1319	5743	5734	
3	1353	5744	5743	
3	5734	5743	5744	
3	1272	5745	5746	
3	21	5414	5745	
3	1270	5746	5414	
3	5745	5414	5746	
3	1275	5747	5748	
3	1276	5735	5747	
3	1267	5748	5735	
3	5747	5735	5748	
3	1556	5749	5751	
3	1343	5750	5749	
3	1557	5751	5750	
3	5749	5750	5751	
3	1353	5752	5753	
3	1277	2197	5752	
3	1352	5753	2197	
3	5752	2197	5753	
3	1280	5754	2195	
3	1272	5755	5754	
3	80	2195	5755	
3	5754	5755	2195	
3	1274	5756	5758	
3	73	5757	5756	
3	1273	5758	5757	
3	5756	5757	5758	
3	1281	5759	2337	
3	20	5760	5759	
3	1278	2337	5760	
3	5759	5760	2337	
3	74	5741	2314	
3	1266	5761	5741	
3	1273	2314	5761	
3	5741	5761	2314	
3	1278	5762	5763	
3	1274	5758	5762	
3	1273	5763	5758	
3	5762	5758	5763	
3	1276	5747	5764	
3	1275	5739	5747	
3	1264	5764	5739	
3	5747	5739	5764	
3	1269	5725	5723	
3	1275	5748	5725	
3	1267	5723	5748	
3	5725	5748	5723	
3	1260	5765	5718	
3	1357	5766	5765	
3	1359	5718	5766	
3	5765	5766	5718	
3	1354	5767	5768	
3	1283	5706	5767	
3	1284	5768	5706	
3	5767	5706	5768	
3	1324	5769	5770	
3	1325	2328	5769	
3	1271	5770	2328	
3	5769	2328	5770	
3	80	5755	5771	
3	1272	2198	5755	
3	1277	5771	2198	
3	5755	2198	5771	
3	1279	5772	5773	
3	20	5759	5772	
3	1281	5773	5759	
3	5772	5759	5773	
3	1278	5763	5730	
3	1273	5761	5763	
3	1266	5730	5761	
3	5763	5761	5730	
3	20	5774	5760	
3	1274	5762	5774	
3	1278	5760	5762	
3	5774	5762	5760	
3	1280	2308	5775	
3	1279	5773	2308	
3	1281	5775	5773	
3	2308	5773	5775	
3	1280	5775	5754	
3	1281	5776	5775	
3	1272	5754	5776	
3	5775	5776	5754	
3	21	5745	2339	
3	1272	5776	5745	
3	1281	2339	5776	
3	5745	5776	2339	
3	1130	5390	5416	
3	1282	5384	5390	
3	1129	5416	5384	
3	5390	5384	5416	
3	1283	5702	5704	
3	1282	5389	5702	
3	1127	5704	5389	
3	5702	5389	5704	
3	1360	5777	5778	
3	1127	5410	5777	
3	1132	5778	5410	
3	5777	5410	5778	
3	1258	5700	5779	
3	1131	5703	5700	
3	1283	5779	5703	
3	5700	5703	5779	
3	1296	5780	5782	
3	1543	5781	5780	
3	1362	5782	5781	
3	5780	5781	5782	
3	1356	5783	5785	
3	1355	5784	5783	
3	1322	5785	5784	
3	5783	5784	5785	
3	1324	5770	5787	
3	1271	5786	5770	
3	1319	5787	5786	
3	5770	5786	5787	
3	1163	5544	5520	
3	1147	5788	5544	
3	1285	5520	5788	
3	5544	5788	5520	
3	1360	5789	5777	
3	1284	5705	5789	
3	1127	5777	5705	
3	5789	5705	5777	
3	1286	5790	5792	
3	1288	5791	5790	
3	1361	5792	5791	
3	5790	5791	5792	
3	22	5793	5468	
3	1292	5712	5793	
3	1286	5468	5712	
3	5793	5712	5468	
3	1319	5786	5743	
3	1271	5794	5786	
3	1353	5743	5794	
3	5786	5794	5743	
3	1355	5795	5797	
3	1544	5796	5795	
3	1545	5797	5796	
3	5795	5796	5797	
3	1297	5798	5800	
3	1290	5799	5798	
3	1444	5800	5799	
3	5798	5799	5800	
3	1290	5801	5803	
3	1292	5802	5801	
3	1293	5803	5802	
3	5801	5802	5803	
3	1293	5804	5806	
3	1291	5805	5804	
3	1443	5806	5805	
3	5804	5805	5806	
3	1286	5711	5790	
3	1294	5807	5711	
3	1288	5790	5807	
3	5711	5807	5790	
3	1292	5801	5710	
3	1290	5808	5801	
3	1294	5710	5808	
3	5801	5808	5710	
3	1294	5808	5809	
3	1290	5798	5808	
3	1297	5809	5798	
3	5808	5798	5809	
3	1292	5793	5802	
3	22	5810	5793	
3	1293	5802	5810	
3	5793	5810	5802	
3	1288	5807	5812	
3	1294	5811	5807	
3	1296	5812	5811	
3	5807	5811	5812	
3	1291	5813	5805	
3	1430	5814	5813	
3	1443	5805	5814	
3	5813	5814	5805	
3	1372	5815	5817	
3	1378	5816	5815	
3	1377	5817	5816	
3	5815	5816	5817	
3	1297	5818	5809	
3	1296	5811	5818	
3	1294	5809	5811	
3	5818	5811	5809	
3	1355	5797	5820	
3	1545	5819	5797	
3	1587	5820	5819	
3	5797	5819	5820	
3	1290	5821	5799	
3	1443	5822	5821	
3	1444	5799	5822	
3	5821	5822	5799	
3	1296	5818	5824	
3	1297	5823	5818	
3	1295	5824	5823	
3	5818	5823	5824	
3	1430	5825	5814	
3	1298	5826	5825	
3	1443	5814	5826	
3	5825	5826	5814	
3	1365	5827	5829	
3	2013	5828	5827	
3	1399	5829	5828	
3	5827	5828	5829	
3	1173	5635	5546	
3	1238	5830	5635	
3	1299	5546	5830	
3	5635	5830	5546	
3	1238	5831	5832	
3	1301	5667	5831	
3	1300	5832	5667	
3	5831	5667	5832	
3	1178	4934	5500	
3	1299	5833	4934	
3	1300	5500	5833	
3	4934	5833	5500	
3	1238	5832	5830	
3	1300	5833	5832	
3	1299	5830	5833	
3	5832	5833	5830	
3	1307	5834	5538	
3	1301	5831	5834	
3	1238	5538	5831	
3	5834	5831	5538	
3	1302	5835	5610	
3	1215	5836	5835	
3	1303	5610	5836	
3	5835	5836	5610	
3	1301	5837	5613	
3	1222	5838	5837	
3	1302	5613	5838	
3	5837	5838	5613	
3	1222	5634	5840	
3	1309	5839	5634	
3	1311	5840	5839	
3	5634	5839	5840	
3	896	4728	5841	
3	1303	5836	4728	
3	1215	5841	5836	
3	4728	5836	5841	
3	960	5611	4825	
3	1303	4729	5611	
3	910	4825	4729	
3	5611	4729	4825	
3	911	4753	4750	
3	1304	5842	4753	
3	924	4750	5842	
3	4753	5842	4750	
3	885	5586	4668	
3	1304	4752	5586	
3	889	4668	4752	
3	5586	4752	4668	
3	924	5842	4707	
3	1304	5843	5842	
3	1305	4707	5843	
3	5842	5843	4707	
3	1199	4791	5585	
3	1305	5843	4791	
3	1304	5585	5843	
3	4791	5843	5585	
3	904	5607	4769	
3	1306	5608	5607	
3	1214	4769	5608	
3	5607	5608	4769	
3	896	5841	5606	
3	1215	5609	5841	
3	1306	5606	5609	
3	5841	5609	5606	
3	1308	5621	5844	
3	1219	5632	5621	
3	1221	5844	5632	
3	5621	5632	5844	
3	1301	5834	5837	
3	1307	5631	5834	
3	1222	5837	5631	
3	5834	5631	5837	
3	1221	5616	5844	
3	935	5845	5616	
3	1308	5844	5845	
3	5616	5845	5844	
3	1309	5633	5846	
3	1308	5845	5633	
3	935	5846	5845	
3	5633	5845	5846	
3	1310	4819	5847	
3	1309	5846	4819	
3	935	5847	5846	
3	4819	5846	5847	
3	1222	5840	5838	
3	1311	4907	5840	
3	1302	5838	4907	
3	5840	4907	5838	
3	947	4863	4820	
3	1310	5847	4863	
3	935	4820	5847	
3	4863	5847	4820	
3	933	4794	4867	
3	932	4814	4794	
3	1312	4867	4814	
3	4794	4814	4867	
3	1364	4817	5848	
3	1310	4866	4817	
3	1312	5848	4866	
3	4817	4866	5848	
3	1311	5849	4908	
3	1364	5850	5849	
3	1363	4908	5850	
3	5849	5850	4908	
3	922	5851	4772	
3	1364	5852	5851	
3	919	4772	5852	
3	5851	5852	4772	
3	1364	5851	5850	
3	922	5853	5851	
3	1363	5850	5853	
3	5851	5853	5850	
3	1247	5421	5191	
3	1263	5719	5421	
3	1313	5191	5719	
3	5421	5719	5191	
3	45	5854	5856	
3	1317	5855	5854	
3	1250	5856	5855	
3	5854	5855	5856	
3	1314	5857	5858	
3	1250	5855	5857	
3	1317	5858	5855	
3	5857	5855	5858	
3	74	5713	5731	
3	1250	5857	5713	
3	1314	5731	5857	
3	5713	5857	5731	
3	1316	5859	5860	
3	44	2193	5859	
3	1318	5860	2193	
3	5859	2193	5860	
3	1315	2312	5861	
3	1273	5757	2312	
3	73	5861	5757	
3	2312	5757	5861	
3	73	5862	5861	
3	1316	5863	5862	
3	1315	5861	5863	
3	5862	5863	5861	
3	1315	5863	2190	
3	1316	5860	5863	
3	1318	2190	5860	
3	5863	5860	2190	
3	1249	5187	5690	
3	1317	5854	5187	
3	45	5690	5854	
3	5187	5854	5690	
3	1314	5858	5720	
3	1317	5189	5858	
3	1313	5720	5189	
3	5858	5189	5720	
3	45	5856	2093	
3	1250	2191	5856	
3	1318	2093	2191	
3	5856	2191	2093	
3	1587	5864	5866	
3	1320	5865	5864	
3	1588	5866	5865	
3	5864	5865	5866	
3	1321	5867	5868	
3	1319	5733	5867	
3	1276	5868	5733	
3	5867	5733	5868	
3	1396	5869	5871	
3	1414	5870	5869	
3	2014	5871	5870	
3	5869	5870	5871	
3	1323	5872	5874	
3	1324	5873	5872	
3	1321	5874	5873	
3	5872	5873	5874	
3	1276	5875	5877	
3	1358	5876	5875	
3	1588	5877	5876	
3	5875	5876	5877	
3	1321	5878	5874	
3	1320	5879	5878	
3	1323	5874	5879	
3	5878	5879	5874	
3	1359	5880	5881	
3	1358	5875	5880	
3	1276	5881	5875	
3	5880	5875	5881	
3	1354	5882	5767	
3	1258	5779	5882	
3	1283	5767	5779	
3	5882	5779	5767	
3	1329	5883	5885	
3	1331	5884	5883	
3	1549	5885	5884	
3	5883	5884	5885	
3	1329	5886	5888	
3	1325	5887	5886	
3	1323	5888	5887	
3	5886	5887	5888	
3	1321	5873	5867	
3	1324	5787	5873	
3	1319	5867	5787	
3	5873	5787	5867	
3	1325	5769	5887	
3	1324	5872	5769	
3	1323	5887	5872	
3	5769	5872	5887	
3	1331	5883	5890	
3	1329	5889	5883	
3	2012	5890	5889	
3	5883	5889	5890	
3	1277	5891	5737	
3	1271	2327	5891	
3	1326	5737	2327	
3	5891	2327	5737	
3	1325	5886	5893	
3	1329	5892	5886	
3	1332	5893	5892	
3	5886	5892	5893	
3	1277	5736	5771	
3	1328	5894	5736	
3	80	5771	5894	
3	5736	5894	5771	
3	1347	5895	5897	
3	1339	5896	5895	
3	1337	5897	5896	
3	5895	5896	5897	
3	1345	5898	5900	
3	1328	5899	5898	
3	1335	5900	5899	
3	5898	5899	5900	
3	1332	5901	5893	
3	1334	2068	5901	
3	1325	5893	2068	
3	5901	2068	5893	
3	1338	5902	5903	
3	46	2202	5902	
3	1349	5903	2202	
3	5902	2202	5903	
3	1329	5888	5889	
3	1323	5904	5888	
3	2012	5889	5904	
3	5888	5904	5889	
3	1327	5905	5907	
3	1333	5906	5905	
3	1332	5907	5906	
3	5905	5906	5907	
3	1332	5906	5909	
3	1333	5908	5906	
3	1330	5909	5908	
3	5906	5908	5909	
3	1328	5910	5899	
3	1334	5911	5910	
3	1335	5899	5911	
3	5910	5911	5899	
3	1587	5819	5864	
3	1545	5912	5819	
3	1320	5864	5912	
3	5819	5912	5864	
3	1433	5913	5915	
3	1445	5914	5913	
3	1446	5915	5914	
3	5913	5914	5915	
3	1327	5907	5916	
3	1332	5892	5907	
3	1329	5916	5892	
3	5907	5892	5916	
3	1332	5909	5901	
3	1330	5917	5909	
3	1334	5901	5917	
3	5909	5917	5901	
3	1560	5918	5920	
3	1432	5919	5918	
3	1331	5920	5919	
3	5918	5919	5920	
3	1548	5921	5922	
3	1333	5905	5921	
3	1327	5922	5905	
3	5921	5905	5922	
3	1335	5911	5923	
3	1334	5917	5911	
3	1330	5923	5917	
3	5911	5917	5923	
3	1328	5738	5910	
3	1326	2066	5738	
3	1334	5910	2066	
3	5738	2066	5910	
3	1347	5924	5926	
3	1346	5925	5924	
3	1335	5926	5925	
3	5924	5925	5926	
3	80	5894	5928	
3	1328	5927	5894	
3	1338	5928	5927	
3	5894	5927	5928	
3	1346	2059	5930	
3	1348	5929	2059	
3	1449	5930	5929	
3	2059	5929	5930	
3	1367	5931	5933	
3	1337	5932	5931	
3	1368	5933	5932	
3	5931	5932	5933	
3	1339	5934	5935	
3	1330	5908	5934	
3	1333	5935	5908	
3	5934	5908	5935	
3	1339	5936	5896	
3	1341	5937	5936	
3	1337	5896	5937	
3	5936	5937	5896	
3	1338	5927	5938	
3	1328	5898	5927	
3	1345	5938	5898	
3	5927	5898	5938	
3	1335	5925	5900	
3	1346	5939	5925	
3	1345	5900	5939	
3	5925	5939	5900	
3	1336	5940	5942	
3	1342	5941	5940	
3	1333	5942	5941	
3	5940	5941	5942	
3	1342	5943	5945	
3	1340	5944	5943	
3	1341	5945	5944	
3	5943	5944	5945	
3	1344	5946	5947	
3	1340	5943	5946	
3	1342	5947	5943	
3	5946	5943	5947	
3	1366	5948	5950	
3	1370	5949	5948	
3	1372	5950	5949	
3	5948	5949	5950	
3	1342	5945	5951	
3	1341	5936	5945	
3	1339	5951	5936	
3	5945	5936	5951	
3	1367	5933	5953	
3	1368	5952	5933	
3	1343	5953	5952	
3	5933	5952	5953	
3	1333	5941	5935	
3	1342	5951	5941	
3	1339	5935	5951	
3	5941	5951	5935	
3	1342	5940	5947	
3	1336	5954	5940	
3	1344	5947	5954	
3	5940	5954	5947	
3	1368	5955	5952	
3	1369	5956	5955	
3	1343	5952	5956	
3	5955	5956	5952	
3	1428	5957	5959	
3	1556	5958	5957	
3	1558	5959	5958	
3	5957	5958	5959	
3	1344	5960	5962	
3	1546	5961	5960	
3	1374	5962	5961	
3	5960	5961	5962	
3	1372	5817	5950	
3	1377	5963	5817	
3	1366	5950	5963	
3	5817	5963	5950	
3	1330	5964	5923	
3	1347	5926	5964	
3	1335	5923	5926	
3	5964	5926	5923	
3	46	5902	5965	
3	1338	5938	5902	
3	1345	5965	5938	
3	5902	5938	5965	
3	1348	2058	5966	
3	1337	5931	2058	
3	1367	5966	5931	
3	2058	5931	5966	
3	1345	5939	5967	
3	1346	5930	5939	
3	1449	5967	5930	
3	5939	5930	5967	
3	1339	5895	5934	
3	1347	5964	5895	
3	1330	5934	5964	
3	5895	5964	5934	
3	1337	2057	5897	
3	1346	5924	2057	
3	1347	5897	5924	
3	2057	5924	5897	
3	1428	5968	5970	
3	1426	5969	5968	
3	1427	5970	5969	
3	5968	5969	5970	
3	1442	5971	5973	
3	1449	5972	5971	
3	1427	5973	5972	
3	5971	5972	5973	
3	1350	5974	5975	
3	79	2054	5974	
3	1351	5975	2054	
3	5974	2054	5975	
3	1349	5976	5903	
3	1351	5977	5976	
3	1338	5903	5977	
3	5976	5977	5903	
3	47	5978	2333	
3	1350	5979	5978	
3	1349	2333	5979	
3	5978	5979	2333	
3	1349	5979	5976	
3	1350	5975	5979	
3	1351	5976	5975	
3	5979	5975	5976	
3	80	5928	2196	
3	1338	5977	5928	
3	1351	2196	5977	
3	5928	5977	2196	
3	1272	5746	2199	
3	1270	5980	5746	
3	1352	2199	5980	
3	5746	5980	2199	
3	1353	5753	5981	
3	1352	5980	5753	
3	1270	5981	5980	
3	5753	5980	5981	
3	1267	5744	5724	
3	1353	5981	5744	
3	1270	5724	5981	
3	5744	5981	5724	
3	1277	5752	5891	
3	1353	5794	5752	
3	1271	5891	5794	
3	5752	5794	5891	
3	1354	5768	5983	
3	1284	5982	5768	
3	1543	5983	5982	
3	5768	5982	5983	
3	1356	5984	5783	
3	1354	5985	5984	
3	1355	5783	5985	
3	5984	5985	5783	
3	1362	5781	5986	
3	1543	5982	5781	
3	1284	5986	5982	
3	5781	5982	5986	
3	1355	5987	5795	
3	1543	5988	5987	
3	1544	5795	5988	
3	5987	5988	5795	
3	1357	5721	5989	
3	1356	5785	5721	
3	1322	5989	5785	
3	5721	5785	5989	
3	1258	5882	5722	
3	1354	5984	5882	
3	1356	5722	5984	
3	5882	5984	5722	
3	1357	5989	5991	
3	1322	5990	5989	
3	1358	5991	5990	
3	5989	5990	5991	
3	1357	5765	5716	
3	1260	5692	5765	
3	1262	5716	5692	
3	5765	5692	5716	
3	1588	5992	5866	
3	1322	5993	5992	
3	1587	5866	5993	
3	5992	5993	5866	
3	1359	5881	5994	
3	1276	5764	5881	
3	1264	5994	5764	
3	5881	5764	5994	
3	1359	5994	5717	
3	1264	2335	5994	
3	1265	5717	2335	
3	5994	2335	5717	
3	1357	5991	5766	
3	1358	5880	5991	
3	1359	5766	5880	
3	5991	5880	5766	
3	1361	5995	5427	
3	1360	5778	5995	
3	1132	5427	5778	
3	5995	5778	5427	
3	1362	5996	5998	
3	1360	5997	5996	
3	1288	5998	5997	
3	5996	5997	5998	
3	1286	5792	5519	
3	1361	5426	5792	
3	1163	5519	5426	
3	5792	5426	5519	
3	1360	5995	5997	
3	1361	5791	5995	
3	1288	5997	5791	
3	5995	5791	5997	
3	1360	5996	5789	
3	1362	5986	5996	
3	1284	5789	5986	
3	5996	5986	5789	
3	1288	5812	5998	
3	1296	5782	5812	
3	1362	5998	5782	
3	5812	5782	5998	
3	1214	4860	4762	
3	1363	5853	4860	
3	922	4762	5853	
3	4860	5853	4762	
3	1302	4909	5835	
3	1363	4859	4909	
3	1215	5835	4859	
3	4909	4859	5835	
3	1309	4818	5839	
3	1364	5849	4818	
3	1311	5839	5849	
3	4818	5849	5839	
3	919	5852	4813	
3	1364	5848	5852	
3	1312	4813	5848	
3	5852	5848	4813	
3	1548	5999	6001	
3	1549	6000	5999	
3	1547	6001	6000	
3	5999	6000	6001	
3	1396	6002	6004	
3	1389	6003	6002	
3	1399	6004	6003	
3	6002	6003	6004	
3	1373	6005	6006	
3	1382	2285	6005	
3	1371	6006	2285	
3	6005	2285	6006	
3	1372	5949	6008	
3	1370	6007	5949	
3	1344	6008	6007	
3	5949	6007	6008	
3	1368	5932	6009	
3	1337	5937	5932	
3	1341	6009	5937	
3	5932	5937	6009	
3	1555	6010	6011	
3	1367	5953	6010	
3	1343	6011	5953	
3	6010	5953	6011	
3	1341	5944	6009	
3	1340	6012	5944	
3	1368	6009	6012	
3	5944	6012	6009	
3	1369	5955	6013	
3	1368	6012	5955	
3	1340	6013	6012	
3	5955	6012	6013	
3	1340	6014	6013	
3	1370	6015	6014	
3	1369	6013	6015	
3	6014	6015	6013	
3	1559	6016	6018	
3	1558	6017	6016	
3	1371	6018	6017	
3	6016	6017	6018	
3	1344	6007	5946	
3	1370	6014	6007	
3	1340	5946	6014	
3	6007	6014	5946	
3	1557	6019	5751	
3	1371	6020	6019	
3	1556	5751	6020	
3	6019	6020	5751	
3	1373	6021	6022	
3	1369	6015	6021	
3	1370	6022	6015	
3	6021	6015	6022	
3	78	6023	6025	
3	1426	6024	6023	
3	1417	6025	6024	
3	6023	6024	6025	
3	1344	5954	5960	
3	1336	6026	5954	
3	1546	5960	6026	
3	5954	6026	5960	
3	1372	6008	6027	
3	1344	5962	6008	
3	1374	6027	5962	
3	6008	5962	6027	
3	1366	6028	5948	
3	1550	6029	6028	
3	1370	5948	6029	
3	6028	6029	5948	
3	1380	6030	6031	
3	1366	5963	6030	
3	1377	6031	5963	
3	6030	5963	6031	
3	1531	6032	6034	
3	1536	6033	6032	
3	1379	6034	6033	
3	6032	6033	6034	
3	1378	6035	5816	
3	1375	6036	6035	
3	1377	5816	6036	
3	6035	6036	5816	
3	1541	6037	6039	
3	1375	6038	6037	
3	1540	6039	6038	
3	6037	6038	6039	
3	1382	6040	6042	
3	1381	6041	6040	
3	1376	6042	6041	
3	6040	6041	6042	
3	1373	6022	6043	
3	1370	6029	6022	
3	1550	6043	6029	
3	6022	6029	6043	
3	1385	6044	6046	
3	1387	6045	6044	
3	1383	6046	6045	
3	6044	6045	6046	
3	1378	5815	6047	
3	1372	6027	5815	
3	1374	6047	6027	
3	5815	6027	6047	
3	1377	6036	6048	
3	1375	6037	6036	
3	1541	6048	6037	
3	6036	6037	6048	
3	1365	6049	6051	
3	1389	6050	6049	
3	1374	6051	6050	
3	6049	6050	6051	
3	1378	6047	6052	
3	1374	6050	6047	
3	1389	6052	6050	
3	6047	6050	6052	
3	1394	6053	6055	
3	1390	6054	6053	
3	1533	6055	6054	
3	6053	6054	6055	
3	1406	6056	6058	
3	1407	6057	6056	
3	1408	6058	6057	
3	6056	6057	6058	
3	1366	6030	6060	
3	1380	6059	6030	
3	1381	6060	6059	
3	6030	6059	6060	
3	1390	6061	6063	
3	1602	6062	6061	
3	1603	6063	6062	
3	6061	6062	6063	
3	1382	6005	6064	
3	1373	6043	6005	
3	1550	6064	6043	
3	6005	6043	6064	
3	1408	6065	6058	
3	1403	6066	6065	
3	1406	6058	6066	
3	6065	6066	6058	
3	1385	6046	6068	
3	1383	6067	6046	
3	1384	6068	6067	
3	6046	6067	6068	
3	1385	6068	6069	
3	1384	2283	6068	
3	1382	6069	2283	
3	6068	2283	6069	
3	1383	6045	6071	
3	1387	6070	6045	
3	1410	6071	6070	
3	6045	6070	6071	
3	1385	6069	6072	
3	1382	6042	6069	
3	1376	6072	6042	
3	6069	6042	6072	
3	1558	6016	6074	
3	1559	6073	6016	
3	1388	6074	6073	
3	6016	6073	6074	
3	1385	6072	6076	
3	1376	6075	6072	
3	1551	6076	6075	
3	6072	6075	6076	
3	1385	6077	6044	
3	1386	6078	6077	
3	1387	6044	6078	
3	6077	6078	6044	
3	1551	6075	6080	
3	1376	6079	6075	
3	1552	6080	6079	
3	6075	6079	6080	
3	1524	6081	6083	
3	1490	6082	6081	
3	67	6083	6082	
3	6081	6082	6083	
3	1402	6084	6085	
3	1387	6078	6084	
3	1386	6085	6078	
3	6084	6078	6085	
3	1559	6086	6073	
3	1412	6087	6086	
3	1388	6073	6087	
3	6086	6087	6073	
3	1410	6088	6071	
3	1412	6089	6088	
3	1383	6071	6089	
3	6088	6089	6071	
3	1426	6090	6092	
3	1388	6091	6090	
3	1429	6092	6091	
3	6090	6091	6092	
3	1414	6093	6095	
3	1399	6094	6093	
3	1401	6095	6094	
3	6093	6094	6095	
3	1395	6096	6097	
3	1390	6053	6096	
3	1394	6097	6053	
3	6096	6053	6097	
3	1375	6035	6099	
3	1378	6098	6035	
3	1394	6099	6098	
3	6035	6098	6099	
3	1378	6100	6098	
3	1395	6097	6100	
3	1394	6098	6097	
3	6100	6097	6098	
3	1405	6101	6103	
3	1391	6102	6101	
3	1402	6103	6102	
3	6101	6102	6103	
3	1391	6101	2170	
3	1405	6104	6101	
3	1437	2170	6104	
3	6101	6104	2170	
3	1438	6105	2169	
3	1467	6106	6105	
3	1391	2169	6106	
3	6105	6106	2169	
3	1491	6107	6108	
3	67	6082	6107	
3	1490	6108	6082	
3	6107	6082	6108	
3	1287	6109	6111	
3	1393	6110	6109	
3	1553	6111	6110	
3	6109	6110	6111	
3	1395	6112	6114	
3	1396	6113	6112	
3	1393	6114	6113	
3	6112	6113	6114	
3	1395	6100	6115	
3	1378	6052	6100	
3	1389	6115	6052	
3	6100	6052	6115	
3	1603	6116	6118	
3	1604	6117	6116	
3	1533	6118	6117	
3	6116	6117	6118	
3	1389	6002	6115	
3	1396	6112	6002	
3	1395	6115	6112	
3	6002	6112	6115	
3	1414	5869	6093	
3	1396	6004	5869	
3	1399	6093	6004	
3	5869	6004	6093	
3	1399	6003	5829	
3	1389	6049	6003	
3	1365	5829	6049	
3	6003	6049	5829	
3	1602	6119	6120	
3	1393	6109	6119	
3	1287	6120	6109	
3	6119	6109	6120	
3	2015	6121	6123	
3	1554	6122	6121	
3	1397	6123	6122	
3	6121	6122	6123	
3	1395	6114	6096	
3	1393	6124	6114	
3	1390	6096	6124	
3	6114	6124	6096	
3	1398	6125	6127	
3	1534	6126	6125	
3	1535	6127	6126	
3	6125	6126	6127	
3	1531	6034	6128	
3	1379	2286	6034	
3	1530	6128	2286	
3	6034	2286	6128	
3	1546	6129	6131	
3	1547	6130	6129	
3	2013	6131	6130	
3	6129	6130	6131	
3	1399	6132	6094	
3	1400	6133	6132	
3	1401	6094	6133	
3	6132	6133	6094	
3	1445	6134	6136	
3	1295	6135	6134	
3	1444	6136	6135	
3	6134	6135	6136	
3	1401	6137	6139	
3	1418	6138	6137	
3	1420	6139	6138	
3	6137	6138	6139	
3	1418	6137	6140	
3	1401	6133	6137	
3	1400	6140	6133	
3	6137	6133	6140	
3	1401	6139	6142	
3	1420	6141	6139	
3	2015	6142	6141	
3	6139	6141	6142	
3	1406	6143	6144	
3	1405	6103	6143	
3	1402	6144	6103	
3	6143	6103	6144	
3	1488	6145	6147	
3	1440	6146	6145	
3	1478	6147	6146	
3	6145	6146	6147	
3	1405	6143	6148	
3	1406	6066	6143	
3	1403	6148	6066	
3	6143	6066	6148	
3	1404	6149	6150	
3	1402	6102	6149	
3	1391	6150	6102	
3	6149	6102	6150	
3	1438	6151	6105	
3	1461	6152	6151	
3	1467	6105	6152	
3	6151	6152	6105	
3	1488	6153	6145	
3	1489	6154	6153	
3	1440	6145	6154	
3	6153	6154	6145	
3	1406	6144	6155	
3	1402	6085	6144	
3	1386	6155	6085	
3	6144	6085	6155	
3	1403	6156	6158	
3	1436	6157	6156	
3	1437	6158	6157	
3	6156	6157	6158	
3	1386	6077	6159	
3	1385	6076	6077	
3	1551	6159	6076	
3	6077	6076	6159	
3	1551	6160	6159	
3	1406	6155	6160	
3	1386	6159	6155	
3	6160	6155	6159	
3	1421	6161	6163	
3	1422	6162	6161	
3	1415	6163	6162	
3	6161	6162	6163	
3	1424	6164	6166	
3	1423	6165	6164	
3	1472	6166	6165	
3	6164	6165	6166	
3	1421	6167	6168	
3	1408	6057	6167	
3	1407	6168	6057	
3	6167	6057	6168	
3	1423	6169	6170	
3	1408	6167	6169	
3	1421	6170	6167	
3	6169	6167	6170	
3	1408	6171	6065	
3	1424	6172	6171	
3	1403	6065	6172	
3	6171	6172	6065	
3	1425	6173	6175	
3	1454	6174	6173	
3	1436	6175	6174	
3	6173	6174	6175	
3	1387	6084	6177	
3	1402	6176	6084	
3	1440	6177	6176	
3	6084	6176	6177	
3	1697	6178	6180	
3	1696	6179	6178	
3	1509	6180	6179	
3	6178	6179	6180	
3	1467	6181	6106	
3	1404	6150	6181	
3	1391	6106	6150	
3	6181	6150	6106	
3	1411	6182	6184	
3	1478	6183	6182	
3	1490	6184	6183	
3	6182	6183	6184	
3	1489	6185	6187	
3	1565	6186	6185	
3	1410	6187	6186	
3	6185	6186	6187	
3	1429	6188	6190	
3	10	6189	6188	
3	1417	6190	6189	
3	6188	6189	6190	
3	1418	6191	6193	
3	1419	6192	6191	
3	1413	6193	6192	
3	6191	6192	6193	
3	1413	6194	6196	
3	1434	6195	6194	
3	1420	6196	6195	
3	6194	6195	6196	
3	1421	6168	6161	
3	1407	6197	6168	
3	1422	6161	6197	
3	6168	6197	6161	
3	1397	6198	6200	
3	1553	6199	6198	
3	2014	6200	6199	
3	6198	6199	6200	
3	1473	6201	6203	
3	1494	6202	6201	
3	1474	6203	6202	
3	6201	6202	6203	
3	1416	6204	6206	
3	1448	6205	6204	
3	1425	6206	6205	
3	6204	6205	6206	
3	1425	6175	6208	
3	1436	6207	6175	
3	1424	6208	6207	
3	6175	6207	6208	
3	1412	6209	6087	
3	1429	6091	6209	
3	1388	6087	6091	
3	6209	6091	6087	
3	1417	6189	6210	
3	10	2053	6189	
3	1452	6210	2053	
3	6189	2053	6210	
3	1419	6191	6211	
3	1418	6140	6191	
3	1400	6211	6140	
3	6191	6140	6211	
3	1420	6138	6196	
3	1418	6193	6138	
3	1413	6196	6193	
3	6138	6193	6196	
3	1432	6212	6213	
3	1419	6211	6212	
3	1400	6213	6211	
3	6212	6211	6213	
3	1545	6214	5912	
3	1561	6215	6214	
3	1320	5912	6215	
3	6214	6215	5912	
3	1413	6216	6194	
3	1446	6217	6216	
3	1434	6194	6217	
3	6216	6217	6194	
3	1397	6218	6123	
3	1414	6219	6218	
3	2015	6123	6219	
3	6218	6219	6123	
3	1407	6220	6197	
3	1552	6221	6220	
3	1422	6197	6221	
3	6220	6221	6197	
3	1421	6163	6170	
3	1415	6222	6163	
3	1423	6170	6222	
3	6163	6222	6170	
3	1380	6223	6059	
3	1542	6224	6223	
3	1381	6059	6224	
3	6223	6224	6059	
3	1541	6225	6048	
3	1380	6031	6225	
3	1377	6048	6031	
3	6225	6031	6048	
3	1528	6226	6228	
3	1513	6227	6226	
3	1473	6228	6227	
3	6226	6227	6228	
3	1466	6229	6231	
3	1470	6230	6229	
3	1474	6231	6230	
3	6229	6230	6231	
3	1423	6164	6169	
3	1424	6171	6164	
3	1408	6169	6171	
3	6164	6171	6169	
3	1424	6232	6208	
3	1416	6206	6232	
3	1425	6208	6206	
3	6232	6206	6208	
3	1448	6233	6235	
3	1469	6234	6233	
3	1441	6235	6234	
3	6233	6234	6235	
3	1409	6236	6238	
3	1454	6237	6236	
3	1456	6238	6237	
3	6236	6237	6238	
3	78	6239	6023	
3	1427	5969	6239	
3	1426	6023	5969	
3	6239	5969	6023	
3	1428	6240	5968	
3	1388	6090	6240	
3	1426	5968	6090	
3	6240	6090	5968	
3	1449	5971	6242	
3	1442	6241	5971	
3	46	6242	6241	
3	5971	6241	6242	
3	1348	5966	6243	
3	1367	6010	5966	
3	1555	6243	6010	
3	5966	6010	6243	
3	1555	6244	6243	
3	1427	6245	6244	
3	1348	6243	6245	
3	6244	6245	6243	
3	1428	6246	5957	
3	1555	6247	6246	
3	1556	5957	6247	
3	6246	6247	5957	
3	1429	6209	6249	
3	1412	6248	6209	
3	1565	6249	6248	
3	6209	6248	6249	
3	1426	6092	6024	
3	1429	6190	6092	
3	1417	6024	6190	
3	6092	6190	6024	
3	1431	6250	6252	
3	77	6251	6250	
3	1453	6252	6251	
3	6250	6251	6252	
3	1443	5826	5822	
3	1298	6253	5826	
3	1444	5822	6253	
3	5826	6253	5822	
3	1291	6254	5813	
3	1435	2091	6254	
3	1430	5813	2091	
3	6254	2091	5813	
3	1452	6255	6256	
3	1431	6252	6255	
3	1453	6256	6252	
3	6255	6252	6256	
3	1399	5828	6132	
3	2013	6257	5828	
3	1400	6132	6257	
3	5828	6257	6132	
3	1549	5999	6258	
3	1548	5922	5999	
3	1327	6258	5922	
3	5999	5922	6258	
3	1413	6192	6260	
3	1419	6259	6192	
3	1433	6260	6259	
3	6192	6259	6260	
3	1560	6261	5918	
3	1419	6212	6261	
3	1432	5918	6212	
3	6261	6212	5918	
3	1437	6157	6263	
3	1436	6262	6157	
3	1409	6263	6262	
3	6157	6262	6263	
3	1289	6264	6265	
3	1420	6195	6264	
3	1434	6265	6195	
3	6264	6195	6265	
3	1435	6266	2092	
3	1289	6265	6266	
3	1434	2092	6265	
3	6266	6265	2092	
3	1430	2090	5825	
3	1434	6267	2090	
3	1298	5825	6267	
3	2090	6267	5825	
3	1424	6207	6172	
3	1436	6156	6207	
3	1403	6172	6156	
3	6207	6156	6172	
3	1437	6263	2171	
3	1409	6268	6263	
3	1438	2171	6268	
3	6263	6268	2171	
3	1403	6158	6148	
3	1437	6104	6158	
3	1405	6148	6104	
3	6158	6104	6148	
3	1409	6238	6270	
3	1456	6269	6238	
3	1460	6270	6269	
3	6238	6269	6270	
3	1461	2324	6272	
3	1468	6271	2324	
3	1392	6272	6271	
3	2324	6271	6272	
3	1409	6262	6236	
3	1436	6174	6262	
3	1454	6236	6174	
3	6262	6174	6236	
3	1479	6273	6275	
3	1459	6274	6273	
3	1465	6275	6274	
3	6273	6274	6275	
3	1438	6276	6151	
3	1460	6277	6276	
3	1461	6151	6277	
3	6276	6277	6151	
3	1402	6149	6176	
3	1404	6278	6149	
3	1440	6176	6278	
3	6149	6278	6176	
3	1611	6279	6281	
3	1668	6280	6279	
3	1613	6281	6280	
3	6279	6280	6281	
3	1457	6282	6284	
3	1462	6283	6282	
3	1447	6284	6283	
3	6282	6283	6284	
3	1427	6239	5973	
3	78	6285	6239	
3	1442	5973	6285	
3	6239	6285	5973	
3	1475	6286	6287	
3	1442	6285	6286	
3	78	6287	6285	
3	6286	6285	6287	
3	1443	5821	5806	
3	1290	5803	5821	
3	1293	5806	5803	
3	5821	5803	5806	
3	1445	6136	6288	
3	1444	6253	6136	
3	1298	6288	6253	
3	6136	6253	6288	
3	1295	5823	6135	
3	1297	5800	5823	
3	1444	6135	5800	
3	5823	5800	6135	
3	1446	5914	6289	
3	1445	6288	5914	
3	1298	6289	6288	
3	5914	6288	6289	
3	1295	6134	6290	
3	1445	5913	6134	
3	1433	6290	5913	
3	6134	5913	6290	
3	1434	6217	6267	
3	1446	6289	6217	
3	1298	6267	6289	
3	6217	6289	6267	
3	1433	5915	6260	
3	1446	6216	5915	
3	1413	6260	6216	
3	5915	6216	6260	
3	1454	6173	6292	
3	1425	6291	6173	
3	1455	6292	6291	
3	6173	6291	6292	
3	1458	6293	6294	
3	1462	6282	6293	
3	1457	6294	6282	
3	6293	6282	6294	
3	1470	6295	6296	
3	1469	6233	6295	
3	1448	6296	6233	
3	6295	6233	6296	
3	1448	6297	6299	
3	1457	6298	6297	
3	1455	6299	6298	
3	6297	6298	6299	
3	1449	6242	5967	
3	46	5965	6242	
3	1345	5967	5965	
3	6242	5965	5967	
3	1427	5972	6245	
3	1449	5929	5972	
3	1348	6245	5929	
3	5972	5929	6245	
3	1451	6300	6301	
3	47	2332	6300	
3	1476	6301	2332	
3	6300	2332	6301	
3	1475	6302	6303	
3	1453	6251	6302	
3	77	6303	6251	
3	6302	6251	6303	
3	1478	6304	6305	
3	1404	6181	6304	
3	1467	6305	6181	
3	6304	6181	6305	
3	1475	6306	6307	
3	1451	6301	6306	
3	1476	6307	6301	
3	6306	6301	6307	
3	11	6308	6309	
3	1431	6255	6308	
3	1452	6309	6255	
3	6308	6255	6309	
3	1520	2281	2052	
3	11	6309	2281	
3	1452	2052	6309	
3	2281	6309	2052	
3	1452	6256	6210	
3	1453	6310	6256	
3	1417	6210	6310	
3	6256	6310	6210	
3	78	6025	6311	
3	1417	6310	6025	
3	1453	6311	6310	
3	6025	6310	6311	
3	1455	6291	6299	
3	1425	6205	6291	
3	1448	6299	6205	
3	6291	6205	6299	
3	1456	6237	6313	
3	1454	6312	6237	
3	1447	6313	6312	
3	6237	6312	6313	
3	1457	6297	6314	
3	1448	6235	6297	
3	1441	6314	6235	
3	6297	6235	6314	
3	1447	6312	6315	
3	1454	6292	6312	
3	1455	6315	6292	
3	6312	6292	6315	
3	1459	2276	6316	
3	1456	6313	2276	
3	1447	6316	6313	
3	2276	6313	6316	
3	1456	2275	6269	
3	1439	6317	2275	
3	1460	6269	6317	
3	2275	6317	6269	
3	1458	6294	6318	
3	1457	6314	6294	
3	1441	6318	6314	
3	6294	6314	6318	
3	1447	6315	6284	
3	1455	6298	6315	
3	1457	6284	6298	
3	6315	6298	6284	
3	1508	6319	6321	
3	1507	6320	6319	
3	1441	6321	6320	
3	6319	6320	6321	
3	1468	2326	6323	
3	1439	6322	2326	
3	1479	6323	6322	
3	2326	6322	6323	
3	1462	6324	6283	
3	1459	6316	6324	
3	1447	6283	6316	
3	6324	6316	6283	
3	1410	6070	6325	
3	1387	6177	6070	
3	1440	6325	6177	
3	6070	6177	6325	
3	1460	6317	6277	
3	1439	2325	6317	
3	1461	6277	2325	
3	6317	2325	6277	
3	1409	6270	6268	
3	1460	6276	6270	
3	1438	6268	6276	
3	6270	6276	6268	
3	1459	6273	2274	
3	1479	6322	6273	
3	1439	2274	6322	
3	6273	6322	2274	
3	1429	6249	6188	
3	1565	6326	6249	
3	10	6188	6326	
3	6249	6326	6188	
3	1581	6327	6329	
3	1492	6328	6327	
3	1493	6329	6328	
3	6327	6328	6329	
3	1465	6274	6330	
3	1459	6324	6274	
3	1462	6330	6324	
3	6274	6324	6330	
3	1458	6331	6293	
3	1450	6332	6331	
3	1462	6293	6332	
3	6331	6332	6293	
3	1392	6333	6335	
3	1503	6334	6333	
3	67	6335	6334	
3	6333	6334	6335	
3	1492	6336	6328	
3	1458	6337	6336	
3	1493	6328	6337	
3	6336	6337	6328	
3	1450	6338	6340	
3	1483	6339	6338	
3	1465	6340	6339	
3	6338	6339	6340	
3	1465	6330	6340	
3	1462	6332	6330	
3	1450	6340	6332	
3	6330	6332	6340	
3	1465	6341	6275	
3	1495	6342	6341	
3	1479	6275	6342	
3	6341	6342	6275	
3	1466	6343	6229	
3	1469	6295	6343	
3	1470	6229	6295	
3	6343	6295	6229	
3	1482	6344	6346	
3	1511	6345	6344	
3	1466	6346	6345	
3	6344	6345	6346	
3	1573	6347	6349	
3	1578	6348	6347	
3	41	6349	6348	
3	6347	6348	6349	
3	1468	6323	6351	
3	1479	6350	6323	
3	1497	6351	6350	
3	6323	6350	6351	
3	1584	6352	6354	
3	1601	6353	6352	
3	1482	6354	6353	
3	6352	6353	6354	
3	1470	6296	6355	
3	1448	6204	6296	
3	1416	6355	6204	
3	6296	6204	6355	
3	1472	6356	6166	
3	1416	6232	6356	
3	1424	6166	6232	
3	6356	6232	6166	
3	1472	6357	6356	
3	1470	6355	6357	
3	1416	6356	6355	
3	6357	6355	6356	
3	1510	6358	6360	
3	1508	6359	6358	
3	1511	6360	6359	
3	6358	6359	6360	
3	1484	6361	6362	
3	1483	6338	6361	
3	1450	6362	6338	
3	6361	6338	6362	
3	1472	6165	6364	
3	1423	6363	6165	
3	1473	6364	6363	
3	6165	6363	6364	
3	1472	6364	6365	
3	1473	6203	6364	
3	1474	6365	6203	
3	6364	6203	6365	
3	1415	6366	6368	
3	1585	6367	6366	
3	1529	6368	6367	
3	6366	6367	6368	
3	1513	6369	6371	
3	1514	6370	6369	
3	1494	6371	6370	
3	6369	6370	6371	
3	1472	6365	6357	
3	1474	6230	6365	
3	1470	6357	6230	
3	6365	6230	6357	
3	1494	6372	6202	
3	1482	6373	6372	
3	1474	6202	6373	
3	6372	6373	6202	
3	77	6374	6303	
3	1451	6306	6374	
3	1475	6303	6306	
3	6374	6306	6303	
3	1453	6302	6311	
3	1475	6287	6302	
3	78	6311	6287	
3	6302	6287	6311	
3	1475	6307	6286	
3	1476	6375	6307	
3	1442	6286	6375	
3	6307	6375	6286	
3	46	6241	2200	
3	1442	6375	6241	
3	1476	2200	6375	
3	6241	6375	2200	
3	1458	6336	6331	
3	1492	6376	6336	
3	1450	6331	6376	
3	6336	6376	6331	
3	1576	6377	6379	
3	1567	6378	6377	
3	1569	6379	6378	
3	6377	6378	6379	
3	1491	6380	6381	
3	1478	6305	6380	
3	1467	6381	6305	
3	6380	6305	6381	
3	1488	6147	6382	
3	1478	6182	6147	
3	1411	6382	6182	
3	6147	6182	6382	
3	1495	6341	6384	
3	1465	6383	6341	
3	1496	6384	6383	
3	6341	6383	6384	
3	67	6334	6386	
3	1503	6385	6334	
3	1487	6386	6385	
3	6334	6385	6386	
3	1493	6387	6389	
3	1507	6388	6387	
3	1471	6389	6388	
3	6387	6388	6389	
3	1483	6361	6391	
3	1484	6390	6361	
3	1599	6391	6390	
3	6361	6390	6391	
3	1510	6392	6358	
3	1507	6319	6392	
3	1508	6358	6319	
3	6392	6319	6358	
3	1503	6393	6385	
3	1515	6394	6393	
3	1487	6385	6394	
3	6393	6394	6385	
3	1466	6231	6346	
3	1474	6373	6231	
3	1482	6346	6373	
3	6231	6373	6346	
3	1450	6376	6362	
3	1492	6395	6376	
3	1484	6362	6395	
3	6376	6395	6362	
3	1495	6384	6397	
3	1496	6396	6384	
3	1485	6397	6396	
3	6384	6396	6397	
3	1590	6398	6400	
3	1581	6399	6398	
3	1582	6400	6399	
3	6398	6399	6400	
3	1612	6401	6403	
3	1610	6402	6401	
3	1595	6403	6402	
3	6401	6402	6403	
3	1485	6396	6405	
3	1496	6404	6396	
3	1498	6405	6404	
3	6396	6404	6405	
3	1495	6397	6407	
3	1485	6406	6397	
3	1497	6407	6406	
3	6397	6406	6407	
3	1486	6408	6409	
3	1489	6153	6408	
3	1488	6409	6153	
3	6408	6153	6409	
3	1486	6410	6412	
3	1411	6411	6410	
3	1521	6412	6411	
3	6410	6411	6412	
3	1503	6333	6413	
3	1392	6271	6333	
3	1468	6413	6271	
3	6333	6271	6413	
3	1487	6414	6416	
3	1463	6415	6414	
3	1523	6416	6415	
3	6414	6415	6416	
3	1486	6409	6410	
3	1488	6382	6409	
3	1411	6410	6382	
3	6409	6382	6410	
3	1478	6146	6304	
3	1440	6278	6146	
3	1404	6304	6278	
3	6146	6278	6304	
3	1486	6417	6418	
3	10	6326	6417	
3	1565	6418	6326	
3	6417	6326	6418	
3	1410	6325	6187	
3	1440	6154	6325	
3	1489	6187	6154	
3	6325	6154	6187	
3	1491	6419	6420	
3	1461	6272	6419	
3	1392	6420	6272	
3	6419	6272	6420	
3	1478	6380	6183	
3	1491	6108	6380	
3	1490	6183	6108	
3	6380	6108	6183	
3	1491	6420	6107	
3	1392	6335	6420	
3	67	6107	6335	
3	6420	6335	6107	
3	1461	6419	6152	
3	1491	6381	6419	
3	1467	6152	6381	
3	6419	6381	6152	
3	1493	6337	6421	
3	1458	6318	6337	
3	1441	6421	6318	
3	6337	6318	6421	
3	1484	6395	6423	
3	1492	6422	6395	
3	1480	6423	6422	
3	6395	6422	6423	
3	1441	6320	6421	
3	1507	6387	6320	
3	1493	6421	6387	
3	6320	6387	6421	
3	1507	6392	6388	
3	1510	6424	6392	
3	1471	6388	6424	
3	6392	6424	6388	
3	1513	6371	6227	
3	1494	6201	6371	
3	1473	6227	6201	
3	6371	6201	6227	
3	1519	6425	6426	
3	1494	6370	6425	
3	1514	6426	6370	
3	6425	6370	6426	
3	1496	6383	6427	
3	1465	6339	6383	
3	1483	6427	6339	
3	6383	6339	6427	
3	1498	6428	6405	
3	1576	2075	6428	
3	1485	6405	2075	
3	6428	2075	6405	
3	1483	6429	6427	
3	1477	6430	6429	
3	1496	6427	6430	
3	6429	6430	6427	
3	1498	6404	6431	
3	1496	6430	6404	
3	1477	6431	6430	
3	6404	6430	6431	
3	1487	6394	6414	
3	1515	6432	6394	
3	1463	6414	6432	
3	6394	6432	6414	
3	1479	6342	6350	
3	1495	6407	6342	
3	1497	6350	6407	
3	6342	6407	6350	
3	1477	6433	6431	
3	1600	6434	6433	
3	1498	6431	6434	
3	6433	6434	6431	
3	1498	6435	6437	
3	1499	6436	6435	
3	1567	6437	6436	
3	6435	6436	6437	
3	1599	6438	6391	
3	1477	6429	6438	
3	1483	6391	6429	
3	6438	6429	6391	
3	1589	6439	6440	
3	1484	6423	6439	
3	1480	6440	6423	
3	6439	6423	6440	
3	1515	6441	6432	
3	1577	6442	6441	
3	1463	6432	6442	
3	6441	6442	6432	
3	1576	6428	6377	
3	1498	6437	6428	
3	1567	6377	6437	
3	6428	6437	6377	
3	1601	6443	6445	
3	1527	6444	6443	
3	1511	6445	6444	
3	6443	6444	6445	
3	1494	6425	6372	
3	1519	6446	6425	
3	1482	6372	6446	
3	6425	6446	6372	
3	1521	6447	6448	
3	1516	2282	6447	
3	1520	6448	2282	
3	6447	2282	6448	
3	1468	6351	6413	
3	1497	6449	6351	
3	1503	6413	6449	
3	6351	6449	6413	
3	1515	6393	6450	
3	1503	6449	6393	
3	1497	6450	6449	
3	6393	6449	6450	
3	1513	6226	6452	
3	1528	6451	6226	
3	1530	6452	6451	
3	6226	6451	6452	
3	1463	6453	6415	
3	1580	6454	6453	
3	1523	6415	6454	
3	6453	6454	6415	
3	1523	6455	6456	
3	1502	2175	6455	
3	1522	6456	2175	
3	6455	2175	6456	
3	1517	6457	6459	
3	1501	6458	6457	
3	1525	6459	6458	
3	6457	6458	6459	
3	1522	2177	6461	
3	68	6460	2177	
3	1524	6461	6460	
3	2177	6460	6461	
3	1508	6321	6462	
3	1441	6234	6321	
3	1469	6462	6234	
3	6321	6234	6462	
3	1511	6444	6360	
3	1527	6463	6444	
3	1510	6360	6463	
3	6444	6463	6360	
3	1469	6343	6462	
3	1466	6464	6343	
3	1508	6462	6464	
3	6343	6464	6462	
3	1511	6359	6345	
3	1508	6464	6359	
3	1466	6345	6464	
3	6359	6464	6345	
3	1589	6465	6467	
3	1590	6466	6465	
3	1591	6467	6466	
3	6465	6466	6467	
3	1480	6422	6468	
3	1492	6327	6422	
3	1581	6468	6327	
3	6422	6327	6468	
3	1819	6469	6471	
3	1506	6470	6469	
3	1526	6471	6470	
3	6469	6470	6471	
3	1564	6472	6473	
3	1589	6467	6472	
3	1591	6473	6467	
3	6472	6467	6473	
3	1583	6474	6476	
3	1584	6475	6474	
3	14	6476	6475	
3	6474	6475	6476	
3	1510	6463	6424	
3	1527	6477	6463	
3	1471	6424	6477	
3	6463	6477	6424	
3	1818	6478	6480	
3	1819	6479	6478	
3	1917	6480	6479	
3	6478	6479	6480	
3	1529	6481	6482	
3	1528	6228	6481	
3	1473	6482	6228	
3	6481	6228	6482	
3	1481	6483	6484	
3	1513	6452	6483	
3	1530	6484	6452	
3	6483	6452	6484	
3	1514	6369	6485	
3	1513	6483	6369	
3	1481	6485	6483	
3	6369	6483	6485	
3	14	6486	6487	
3	1519	6426	6486	
3	1514	6487	6426	
3	6486	6426	6487	
3	1577	6441	6488	
3	1515	6450	6441	
3	1497	6488	6450	
3	6441	6450	6488	
3	1521	6448	6412	
3	1520	6489	6448	
3	1486	6412	6489	
3	6448	6489	6412	
3	1525	6458	6491	
3	1501	6490	6458	
3	1521	6491	6490	
3	6458	6490	6491	
3	1505	6492	6494	
3	1532	6493	6492	
3	1531	6494	6493	
3	6492	6493	6494	
3	1524	6495	6496	
3	1517	6459	6495	
3	1525	6496	6459	
3	6495	6459	6496	
3	10	6417	2051	
3	1486	6489	6417	
3	1520	2051	6489	
3	6417	6489	2051	
3	1501	6497	6490	
3	1516	6447	6497	
3	1521	6490	6447	
3	6497	6447	6490	
3	1525	6491	6498	
3	1521	6411	6491	
3	1411	6498	6411	
3	6491	6411	6498	
3	1523	6456	6416	
3	1522	6499	6456	
3	1487	6416	6499	
3	6456	6499	6416	
3	67	6386	6500	
3	1487	6499	6386	
3	1522	6500	6499	
3	6386	6499	6500	
3	1504	6501	6502	
3	1502	6455	6501	
3	1523	6502	6455	
3	6501	6455	6502	
3	1580	6503	6454	
3	1504	6502	6503	
3	1523	6454	6502	
3	6503	6502	6454	
3	68	6504	6460	
3	1517	6495	6504	
3	1524	6460	6495	
3	6504	6495	6460	
3	1522	6461	6500	
3	1524	6083	6461	
3	67	6500	6083	
3	6461	6083	6500	
3	1524	6496	6081	
3	1525	6505	6496	
3	1490	6081	6505	
3	6496	6505	6081	
3	1411	6184	6498	
3	1490	6505	6184	
3	1525	6498	6505	
3	6184	6505	6498	
3	1583	6506	6508	
3	1512	6507	6506	
3	1526	6508	6507	
3	6506	6507	6508	
3	1526	6470	6510	
3	1506	6509	6470	
3	1527	6510	6509	
3	6470	6509	6510	
3	1482	6446	6354	
3	1519	6511	6446	
3	1584	6354	6511	
3	6446	6511	6354	
3	1471	6477	6512	
3	1527	6509	6477	
3	1506	6512	6509	
3	6477	6509	6512	
3	1529	6482	6513	
3	1473	6363	6482	
3	1423	6513	6363	
3	6482	6363	6513	
3	1530	6451	6515	
3	1528	6514	6451	
3	1505	6515	6514	
3	6451	6514	6515	
3	1415	6368	6222	
3	1529	6513	6368	
3	1423	6222	6513	
3	6368	6513	6222	
3	1505	6514	6516	
3	1528	6481	6514	
3	1529	6516	6481	
3	6514	6481	6516	
3	1530	6515	6128	
3	1505	6494	6515	
3	1531	6128	6494	
3	6515	6494	6128	
3	1530	2288	6484	
3	1518	6517	2288	
3	1481	6484	6517	
3	2288	6517	6484	
3	1532	6492	6519	
3	1505	6518	6492	
3	1585	6519	6518	
3	6492	6518	6519	
3	1538	6520	6522	
3	1535	6521	6520	
3	1537	6522	6521	
3	6520	6521	6522	
3	1539	6523	6524	
3	1415	6162	6523	
3	1422	6524	6162	
3	6523	6162	6524	
3	1533	6525	6055	
3	1375	6099	6525	
3	1394	6055	6099	
3	6525	6099	6055	
3	1534	6526	6126	
3	1536	6527	6526	
3	1535	6126	6527	
3	6526	6527	6126	
3	1533	6528	6529	
3	1535	6520	6528	
3	1538	6529	6520	
3	6528	6520	6529	
3	1533	6054	6118	
3	1390	6063	6054	
3	1603	6118	6063	
3	6054	6063	6118	
3	1536	6032	6531	
3	1531	6530	6032	
3	1537	6531	6530	
3	6032	6530	6531	
3	1379	6033	6532	
3	1536	6526	6033	
3	1534	6532	6526	
3	6033	6526	6532	
3	1537	6530	6533	
3	1531	6493	6530	
3	1532	6533	6493	
3	6530	6493	6533	
3	1537	6533	6522	
3	1532	6534	6533	
3	1538	6522	6534	
3	6533	6534	6522	
3	1535	6527	6521	
3	1536	6531	6527	
3	1537	6521	6531	
3	6527	6531	6521	
3	1538	6534	6536	
3	1532	6535	6534	
3	1539	6536	6535	
3	6534	6535	6536	
3	1375	6525	6038	
3	1533	6537	6525	
3	1540	6038	6537	
3	6525	6537	6038	
3	1415	6523	6538	
3	1539	6535	6523	
3	1532	6538	6535	
3	6523	6535	6538	
3	1422	6539	6540	
3	1381	6224	6539	
3	1542	6540	6224	
3	6539	6224	6540	
3	1533	6529	6537	
3	1538	6541	6529	
3	1540	6537	6541	
3	6529	6541	6537	
3	1541	6542	6543	
3	1538	6536	6542	
3	1539	6543	6536	
3	6542	6536	6543	
3	1538	6542	6541	
3	1541	6039	6542	
3	1540	6541	6039	
3	6542	6039	6541	
3	1542	6544	6540	
3	1539	6524	6544	
3	1422	6540	6524	
3	6544	6524	6540	
3	1380	6225	6223	
3	1541	6545	6225	
3	1542	6223	6545	
3	6225	6545	6223	
3	1539	6544	6543	
3	1542	6545	6544	
3	1541	6543	6545	
3	6544	6545	6543	
3	1544	5988	6546	
3	1543	5780	5988	
3	1296	6546	5780	
3	5988	5780	6546	
3	1354	5983	5985	
3	1543	5987	5983	
3	1355	5985	5987	
3	5983	5987	5985	
3	1296	5824	6546	
3	1295	6547	5824	
3	1544	6546	6547	
3	5824	6547	6546	
3	1433	6548	6550	
3	1562	6549	6548	
3	1563	6550	6549	
3	6548	6549	6550	
3	1563	6551	6552	
3	1544	6547	6551	
3	1295	6552	6547	
3	6551	6547	6552	
3	1419	6553	6259	
3	1562	6548	6553	
3	1433	6259	6548	
3	6553	6548	6259	
3	1547	6129	6554	
3	1546	6026	6129	
3	1336	6554	6026	
3	6129	6026	6554	
3	1365	6051	6555	
3	1374	5961	6051	
3	1546	6555	5961	
3	6051	5961	6555	
3	1548	6001	6556	
3	1547	6554	6001	
3	1336	6556	6554	
3	6001	6554	6556	
3	1432	6213	6557	
3	1400	6257	6213	
3	2013	6557	6257	
3	6213	6257	6557	
3	1333	5921	5942	
3	1548	6556	5921	
3	1336	5942	6556	
3	5921	6556	5942	
3	1329	5885	5916	
3	1549	6258	5885	
3	1327	5916	6258	
3	5885	6258	5916	
3	1331	5919	5884	
3	1432	6558	5919	
3	1549	5884	6558	
3	5919	6558	5884	
3	1547	6000	6559	
3	1549	6558	6000	
3	1432	6559	6558	
3	6000	6558	6559	
3	1366	6060	6028	
3	1381	6560	6060	
3	1550	6028	6560	
3	6060	6560	6028	
3	1382	6064	6040	
3	1550	6560	6064	
3	1381	6040	6560	
3	6064	6560	6040	
3	1552	6079	6561	
3	1376	6041	6079	
3	1381	6561	6041	
3	6079	6041	6561	
3	1406	6160	6056	
3	1551	6562	6160	
3	1407	6056	6562	
3	6160	6562	6056	
3	1422	6221	6539	
3	1552	6561	6221	
3	1381	6539	6561	
3	6221	6561	6539	
3	1407	6562	6220	
3	1551	6080	6562	
3	1552	6220	6080	
3	6562	6080	6220	
3	1556	6247	5749	
3	1555	6011	6247	
3	1343	5749	6011	
3	6247	6011	5749	
3	2014	6199	6563	
3	1553	6110	6199	
3	1393	6563	6110	
3	6199	6110	6563	
3	1289	6564	6565	
3	1554	6121	6564	
3	2015	6565	6121	
3	6564	6121	6565	
3	1427	6244	5970	
3	1555	6246	6244	
3	1428	5970	6246	
3	6244	6246	5970	
3	1557	5750	6566	
3	1343	5956	5750	
3	1369	6566	5956	
3	5750	5956	6566	
3	1558	5958	6017	
3	1556	6020	5958	
3	1371	6017	6020	
3	5958	6020	6017	
3	1369	6021	6566	
3	1373	6567	6021	
3	1557	6566	6567	
3	6021	6567	6566	
3	1373	6006	6567	
3	1371	6019	6006	
3	1557	6567	6019	
3	6006	6019	6567	
3	1559	6018	6568	
3	1371	2284	6018	
3	1384	6568	2284	
3	6018	2284	6568	
3	1428	5959	6240	
3	1558	6074	5959	
3	1388	6240	6074	
3	5959	6074	6240	
3	1384	6067	6568	
3	1383	6569	6067	
3	1559	6568	6569	
3	6067	6569	6568	
3	1412	6086	6089	
3	1559	6569	6086	
3	1383	6089	6569	
3	6086	6569	6089	
3	1561	6570	6571	
3	1560	5920	6570	
3	1331	6571	5920	
3	6570	5920	6571	
3	1419	6261	6553	
3	1560	6572	6261	
3	1562	6553	6572	
3	6261	6572	6553	
3	1561	6571	6573	
3	1331	5890	6571	
3	2012	6573	5890	
3	6571	5890	6573	
3	1563	6549	6575	
3	1562	6574	6549	
3	1561	6575	6574	
3	6549	6574	6575	
3	1560	6570	6572	
3	1561	6574	6570	
3	1562	6572	6574	
3	6570	6574	6572	
3	1563	6575	6576	
3	1561	6214	6575	
3	1545	6576	6214	
3	6575	6214	6576	
3	1544	6551	5796	
3	1563	6576	6551	
3	1545	5796	6576	
3	6551	6576	5796	
3	1295	6290	6552	
3	1433	6550	6290	
3	1563	6552	6550	
3	6290	6550	6552	
3	2016	6577	6578	
3	1564	6473	6577	
3	1591	6578	6473	
3	6577	6473	6578	
3	1566	6579	6581	
3	1600	6580	6579	
3	1599	6581	6580	
3	6579	6580	6581	
3	1410	6186	6088	
3	1565	6248	6186	
3	1412	6088	6248	
3	6186	6248	6088	
3	1486	6418	6408	
3	1565	6185	6418	
3	1489	6408	6185	
3	6418	6185	6408	
3	1594	6582	6583	
3	1484	6439	6582	
3	1589	6583	6439	
3	6582	6439	6583	
3	1566	6584	6586	
3	1594	6585	6584	
3	1596	6586	6585	
3	6584	6585	6586	
3	1571	6587	6588	
3	1569	6378	6587	
3	1567	6588	6378	
3	6587	6378	6588	
3	1569	6589	6591	
3	41	6590	6589	
3	1500	6591	6590	
3	6589	6590	6591	
3	41	6589	6593	
3	1569	6592	6589	
3	1570	6593	6592	
3	6589	6592	6593	
3	1738	6594	6596	
3	1724	6595	6594	
3	1733	6596	6595	
3	6594	6595	6596	
3	1578	2273	6348	
3	1500	6590	2273	
3	41	6348	6590	
3	2273	6590	6348	
3	1499	6597	6436	
3	1674	6598	6597	
3	1567	6436	6598	
3	6597	6598	6436	
3	1569	6587	6592	
3	1571	6599	6587	
3	1570	6592	6599	
3	6587	6599	6592	
3	1624	6600	2084	
3	1701	6601	6600	
3	1597	2084	6601	
3	6600	6601	2084	
3	1570	6599	6603	
3	1571	6602	6599	
3	1673	6603	6602	
3	6599	6602	6603	
3	1598	6604	6605	
3	1566	6586	6604	
3	1596	6605	6586	
3	6604	6586	6605	
3	41	6593	6349	
3	1570	6606	6593	
3	1573	6349	6606	
3	6593	6606	6349	
3	1568	6607	2330	
3	1731	6608	6607	
3	1575	2330	6608	
3	6607	6608	2330	
3	1575	6609	6610	
3	1574	2082	6609	
3	1573	6610	2082	
3	6609	2082	6610	
3	1572	6611	6612	
3	1574	6609	6611	
3	1575	6612	6609	
3	6611	6609	6612	
3	1575	6610	2331	
3	1573	6606	6610	
3	1570	2331	6606	
3	6610	6606	2331	
3	1731	6613	6608	
3	1572	6612	6613	
3	1575	6608	6612	
3	6613	6612	6608	
3	1569	6591	6379	
3	1500	6614	6591	
3	1576	6379	6614	
3	6591	6614	6379	
3	1577	6615	6442	
3	1500	6616	6615	
3	1463	6442	6616	
3	6615	6616	6442	
3	1485	2077	6406	
3	1577	6488	2077	
3	1497	6406	6488	
3	2077	6488	6406	
3	1576	6614	2076	
3	1500	6615	6614	
3	1577	2076	6615	
3	6614	6615	2076	
3	1579	6617	6618	
3	1504	6503	6617	
3	1580	6618	6503	
3	6617	6503	6618	
3	1578	6347	6619	
3	1573	2081	6347	
3	40	6619	2081	
3	6347	2081	6619	
3	40	6620	6619	
3	1579	6621	6620	
3	1578	6619	6621	
3	6620	6621	6619	
3	1578	6621	2271	
3	1579	6618	6621	
3	1580	2271	6618	
3	6621	6618	2271	
3	1463	6616	6453	
3	1500	2272	6616	
3	1580	6453	2272	
3	6616	2272	6453	
3	1493	6389	6329	
3	1471	6622	6389	
3	1581	6329	6622	
3	6389	6622	6329	
3	1581	6622	6624	
3	1471	6623	6622	
3	1817	6624	6623	
3	6622	6623	6624	
3	1818	6625	6626	
3	1817	6623	6625	
3	1471	6626	6623	
3	6625	6623	6626	
3	1592	6627	6629	
3	2016	6628	6627	
3	1582	6629	6628	
3	6627	6628	6629	
3	1584	6511	6475	
3	1519	6486	6511	
3	14	6475	6486	
3	6511	6486	6475	
3	1583	6508	6474	
3	1526	6630	6508	
3	1584	6474	6630	
3	6508	6630	6474	
3	1529	6367	6516	
3	1585	6518	6367	
3	1505	6516	6518	
3	6367	6518	6516	
3	1601	6352	6631	
3	1584	6630	6352	
3	1526	6631	6630	
3	6352	6630	6631	
3	1415	6538	6366	
3	1532	6519	6538	
3	1585	6366	6519	
3	6538	6519	6366	
3	1602	6120	6633	
3	1287	6632	6120	
3	1586	6633	6632	
3	6120	6632	6633	
3	1604	6634	6635	
3	1398	6127	6634	
3	1535	6635	6127	
3	6634	6127	6635	
3	1588	5865	6636	
3	1320	5878	5865	
3	1321	6636	5878	
3	5865	5878	6636	
3	1355	5820	5784	
3	1587	5993	5820	
3	1322	5784	5993	
3	5820	5993	5784	
3	1276	5877	5868	
3	1588	6636	5877	
3	1321	5868	6636	
3	5877	6636	5868	
3	1358	5990	5876	
3	1322	5992	5990	
3	1588	5876	5992	
3	5990	5992	5876	
3	1590	6465	6637	
3	1589	6440	6465	
3	1480	6637	6440	
3	6465	6440	6637	
3	1594	6583	6638	
3	1589	6472	6583	
3	1564	6638	6472	
3	6583	6472	6638	
3	1581	6398	6468	
3	1590	6637	6398	
3	1480	6468	6637	
3	6398	6637	6468	
3	1590	6400	6466	
3	1582	6639	6400	
3	1591	6466	6639	
3	6400	6639	6466	
3	1696	6640	6642	
3	1592	6641	6640	
3	1816	6642	6641	
3	6640	6641	6642	
3	2016	6643	6577	
3	1593	6644	6643	
3	1564	6577	6644	
3	6643	6644	6577	
3	1628	6645	6647	
3	1637	6646	6645	
3	1640	6647	6646	
3	6645	6646	6647	
3	1635	6648	6650	
3	1640	6649	6648	
3	1464	6650	6649	
3	6648	6649	6650	
3	1648	6651	6653	
3	1706	6652	6651	
3	1704	6653	6652	
3	6651	6652	6653	
3	1596	6654	6605	
3	1597	6655	6654	
3	1598	6605	6655	
3	6654	6655	6605	
3	1564	6656	6658	
3	1612	6657	6656	
3	1596	6658	6657	
3	6656	6657	6658	
3	1594	6584	6659	
3	1566	6581	6584	
3	1599	6659	6581	
3	6584	6581	6659	
3	1609	6660	6662	
3	1605	6661	6660	
3	1606	6662	6661	
3	6660	6661	6662	
3	1568	2329	6663	
3	1570	6603	2329	
3	1673	6663	6603	
3	2329	6603	6663	
3	1564	6658	6638	
3	1596	6585	6658	
3	1594	6638	6585	
3	6658	6585	6638	
3	1596	6664	6654	
3	1595	6665	6664	
3	1597	6654	6665	
3	6664	6665	6654	
3	1597	6665	2085	
3	1595	6666	6665	
3	1606	2085	6666	
3	6665	6666	2085	
3	1701	6600	6668	
3	1624	6667	6600	
3	1700	6668	6667	
3	6600	6667	6668	
3	1701	6669	6601	
3	1598	6655	6669	
3	1597	6601	6655	
3	6669	6655	6601	
3	1600	6670	6672	
3	1598	6671	6670	
3	1499	6672	6671	
3	6670	6671	6672	
3	1594	6659	6582	
3	1599	6390	6659	
3	1484	6582	6390	
3	6659	6390	6582	
3	1566	6604	6579	
3	1598	6670	6604	
3	1600	6579	6670	
3	6604	6670	6579	
3	1498	6434	6435	
3	1600	6672	6434	
3	1499	6435	6672	
3	6434	6672	6435	
3	1477	6438	6433	
3	1599	6580	6438	
3	1600	6433	6580	
3	6438	6580	6433	
3	1527	6443	6510	
3	1601	6631	6443	
3	1526	6510	6631	
3	6443	6631	6510	
3	1482	6353	6344	
3	1601	6445	6353	
3	1511	6344	6445	
3	6353	6445	6344	
3	1393	6119	6124	
3	1602	6061	6119	
3	1390	6124	6061	
3	6119	6061	6124	
3	1602	6633	6062	
3	1586	6673	6633	
3	1603	6062	6673	
3	6633	6673	6062	
3	1604	6674	6634	
3	1586	6675	6674	
3	1398	6634	6675	
3	6674	6675	6634	
3	1533	6117	6528	
3	1604	6635	6117	
3	1535	6528	6635	
3	6117	6635	6528	
3	1586	6674	6673	
3	1604	6116	6674	
3	1603	6673	6116	
3	6674	6116	6673	
3	1609	6662	6677	
3	1606	6676	6662	
3	1610	6677	6676	
3	6662	6676	6677	
3	1609	6678	6660	
3	1613	6679	6678	
3	1605	6660	6679	
3	6678	6679	6660	
3	1614	6680	6681	
3	1610	6401	6680	
3	1612	6681	6401	
3	6680	6401	6681	
3	1648	6682	6683	
3	1624	2086	6682	
3	1606	6683	2086	
3	6682	2086	6683	
3	1625	6684	6686	
3	1619	6685	6684	
3	1607	6686	6685	
3	6684	6685	6686	
3	1618	6687	6689	
3	1611	6688	6687	
3	1615	6689	6688	
3	6687	6688	6689	
3	1608	6690	6691	
3	1624	6682	6690	
3	1648	6691	6682	
3	6690	6682	6691	
3	1717	6692	6694	
3	1699	6693	6692	
3	1702	6694	6693	
3	6692	6693	6694	
3	1610	6676	6402	
3	1606	6666	6676	
3	1595	6402	6666	
3	6676	6666	6402	
3	1615	6695	6696	
3	1613	6678	6695	
3	1609	6696	6678	
3	6695	6678	6696	
3	1596	6657	6664	
3	1612	6403	6657	
3	1595	6664	6403	
3	6657	6403	6664	
3	1607	6697	6698	
3	1609	6677	6697	
3	1610	6698	6677	
3	6697	6677	6698	
3	1611	6281	6688	
3	1613	6695	6281	
3	1615	6688	6695	
3	6281	6695	6688	
3	1647	6699	6701	
3	1623	6700	6699	
3	1644	6701	6700	
3	6699	6700	6701	
3	1564	6644	6656	
3	1593	6702	6644	
3	1612	6656	6702	
3	6644	6702	6656	
3	1610	6680	6698	
3	1614	6703	6680	
3	1607	6698	6703	
3	6680	6703	6698	
3	1615	6696	6704	
3	1609	6697	6696	
3	1607	6704	6697	
3	6696	6697	6704	
3	1611	6705	6279	
3	1667	6706	6705	
3	1668	6279	6706	
3	6705	6706	6279	
3	1612	6702	6681	
3	1593	6707	6702	
3	1614	6681	6707	
3	6702	6707	6681	
3	1625	6708	6709	
3	1614	6707	6708	
3	1593	6709	6707	
3	6708	6707	6709	
3	1614	6708	6703	
3	1625	6686	6708	
3	1607	6703	6686	
3	6708	6686	6703	
3	1607	6685	6704	
3	1619	6710	6685	
3	1615	6704	6710	
3	6685	6710	6704	
3	1618	6711	6713	
3	1634	6712	6711	
3	1623	6713	6712	
3	6711	6712	6713	
3	1704	6714	6716	
3	1703	6715	6714	
3	1608	6716	6715	
3	6714	6715	6716	
3	2016	6717	6643	
3	1670	6718	6717	
3	1593	6643	6718	
3	6717	6718	6643	
3	1618	6719	6721	
3	1619	6720	6719	
3	1620	6721	6720	
3	6719	6720	6721	
3	1646	6722	6723	
3	1647	6701	6722	
3	1644	6723	6701	
3	6722	6701	6723	
3	1623	6724	6713	
3	1669	6725	6724	
3	1618	6713	6725	
3	6724	6725	6713	
3	1620	6720	6727	
3	1619	6726	6720	
3	1617	6727	6726	
3	6720	6726	6727	
3	1618	6689	6719	
3	1615	6710	6689	
3	1619	6719	6710	
3	6689	6710	6719	
3	1630	6728	6730	
3	1617	6729	6728	
3	1629	6730	6729	
3	6728	6729	6730	
3	1630	6731	6728	
3	1620	6727	6731	
3	1617	6728	6727	
3	6731	6727	6728	
3	1617	6732	6734	
3	1625	6733	6732	
3	1627	6734	6733	
3	6732	6733	6734	
3	1643	6735	6737	
3	1642	6736	6735	
3	1636	6737	6736	
3	6735	6736	6737	
3	1630	6738	6731	
3	1632	6739	6738	
3	1620	6731	6739	
3	6738	6739	6731	
3	1618	6721	6740	
3	1620	6739	6721	
3	1632	6740	6739	
3	6721	6739	6740	
3	1618	6740	6711	
3	1632	6741	6740	
3	1634	6711	6741	
3	6740	6741	6711	
3	1648	6683	6742	
3	1606	6661	6683	
3	1605	6742	6661	
3	6683	6661	6742	
3	1608	6743	6745	
3	1699	6744	6743	
3	1700	6745	6744	
3	6743	6744	6745	
3	1697	6746	6748	
3	1626	6747	6746	
3	1671	6748	6747	
3	6746	6747	6748	
3	1619	6684	6726	
3	1625	6732	6684	
3	1617	6726	6732	
3	6684	6732	6726	
3	1627	6733	6750	
3	1625	6749	6733	
3	1670	6750	6749	
3	6733	6749	6750	
3	1630	6730	6752	
3	1629	6751	6730	
3	1621	6752	6751	
3	6730	6751	6752	
3	1670	6749	6718	
3	1625	6709	6749	
3	1593	6718	6709	
3	6749	6709	6718	
3	1628	6753	6645	
3	1626	6754	6753	
3	1637	6645	6754	
3	6753	6754	6645	
3	1631	6755	6757	
3	1643	6756	6755	
3	1639	6757	6756	
3	6755	6756	6757	
3	1629	6758	6751	
3	1628	6759	6758	
3	1621	6751	6759	
3	6758	6759	6751	
3	1617	6734	6729	
3	1627	6760	6734	
3	1629	6729	6760	
3	6734	6760	6729	
3	1628	6761	6763	
3	1698	6762	6761	
3	1671	6763	6762	
3	6761	6762	6763	
3	1633	6764	6765	
3	1632	6738	6764	
3	1630	6765	6738	
3	6764	6738	6765	
3	1633	6765	6766	
3	1630	6752	6765	
3	1621	6766	6752	
3	6765	6752	6766	
3	1621	6767	6766	
3	1635	6768	6767	
3	1633	6766	6768	
3	6767	6768	6766	
3	1646	6723	6770	
3	1644	6769	6723	
3	1641	6770	6769	
3	6723	6769	6770	
3	1633	6768	6772	
3	1635	6771	6768	
3	1639	6772	6771	
3	6768	6771	6772	
3	1634	6741	6774	
3	1632	6773	6741	
3	1636	6774	6773	
3	6741	6773	6774	
3	1636	6736	6774	
3	1642	6775	6736	
3	1634	6774	6775	
3	6736	6775	6774	
3	1629	6760	6758	
3	1627	6776	6760	
3	1628	6758	6776	
3	6760	6776	6758	
3	1636	6773	6777	
3	1632	6764	6773	
3	1633	6777	6764	
3	6773	6764	6777	
3	1669	6778	6780	
3	1665	6779	6778	
3	1666	6780	6779	
3	6778	6779	6780	
3	1650	6781	6783	
3	1643	6782	6781	
3	1645	6783	6782	
3	6781	6782	6783	
3	1639	6771	6785	
3	1635	6784	6771	
3	1638	6785	6784	
3	6771	6784	6785	
3	1631	6757	6786	
3	1639	6785	6757	
3	1638	6786	6785	
3	6757	6785	6786	
3	1464	6649	6787	
3	1640	6646	6649	
3	1637	6787	6646	
3	6649	6646	6787	
3	1635	6767	6648	
3	1621	6788	6767	
3	1640	6648	6788	
3	6767	6788	6648	
3	1635	6650	6784	
3	1464	6789	6650	
3	1638	6784	6789	
3	6650	6789	6784	
3	1636	6777	6790	
3	1633	6772	6777	
3	1639	6790	6772	
3	6777	6772	6790	
3	1628	6647	6759	
3	1640	6788	6647	
3	1621	6759	6788	
3	6647	6788	6759	
3	1652	6791	6793	
3	1641	6792	6791	
3	1650	6793	6792	
3	6791	6792	6793	
3	1642	6794	6775	
3	1644	6795	6794	
3	1634	6775	6795	
3	6794	6795	6775	
3	1636	6790	6737	
3	1639	6756	6790	
3	1643	6737	6756	
3	6790	6756	6737	
3	1644	6794	6769	
3	1642	6796	6794	
3	1641	6769	6796	
3	6794	6796	6769	
3	1650	6783	6798	
3	1645	6797	6783	
3	1622	6798	6797	
3	6783	6797	6798	
3	1641	6796	6799	
3	1642	6735	6796	
3	1643	6799	6735	
3	6796	6735	6799	
3	1652	6800	6802	
3	1677	6801	6800	
3	1663	6802	6801	
3	6800	6801	6802	
3	1634	6795	6712	
3	1644	6700	6795	
3	1623	6712	6700	
3	6795	6700	6712	
3	1661	6803	6805	
3	1651	6804	6803	
3	1660	6805	6804	
3	6803	6804	6805	
3	1643	6755	6782	
3	1631	6806	6755	
3	1645	6782	6806	
3	6755	6806	6782	
3	1665	6807	6808	
3	1623	6699	6807	
3	1647	6808	6699	
3	6807	6699	6808	
3	1647	6722	6810	
3	1646	6809	6722	
3	1660	6810	6809	
3	6722	6809	6810	
3	1790	6811	6812	
3	1660	6804	6811	
3	1651	6812	6804	
3	6811	6804	6812	
3	1654	6813	6815	
3	1605	6814	6813	
3	1668	6815	6814	
3	6813	6814	6815	
3	1648	6742	6816	
3	1605	6813	6742	
3	1654	6816	6813	
3	6742	6813	6816	
3	1712	6817	6818	
3	1717	6694	6817	
3	1702	6818	6694	
3	6817	6694	6818	
3	1673	6819	6821	
3	1674	6820	6819	
3	1649	6821	6820	
3	6819	6820	6821	
3	1646	6822	6823	
3	1652	6802	6822	
3	1663	6823	6802	
3	6822	6802	6823	
3	1643	6781	6799	
3	1650	6792	6781	
3	1641	6799	6792	
3	6781	6792	6799	
3	1677	6824	6826	
3	1678	6825	6824	
3	1659	6826	6825	
3	6824	6825	6826	
3	1677	6800	6828	
3	1652	6827	6800	
3	1801	6828	6827	
3	6800	6827	6828	
3	1664	6829	6830	
3	1677	6828	6829	
3	1801	6830	6828	
3	6829	6828	6830	
3	1646	6770	6822	
3	1641	6791	6770	
3	1652	6822	6791	
3	6770	6791	6822	
3	1657	6831	6833	
3	1654	6832	6831	
3	1616	6833	6832	
3	6831	6832	6833	
3	1780	6834	6836	
3	1769	6835	6834	
3	1777	6836	6835	
3	6834	6835	6836	
3	1704	6652	6838	
3	1706	6837	6652	
3	1656	6838	6837	
3	6652	6837	6838	
3	1655	6839	6841	
3	1657	6840	6839	
3	1658	6841	6840	
3	6839	6840	6841	
3	1711	6842	6844	
3	1705	6843	6842	
3	1713	6844	6843	
3	6842	6843	6844	
3	1703	6845	6847	
3	1707	6846	6845	
3	1702	6847	6846	
3	6845	6846	6847	
3	1727	6848	6850	
3	1672	6849	6848	
3	65	6850	6849	
3	6848	6849	6850	
3	1658	6840	6851	
3	1657	6833	6840	
3	1616	6851	6833	
3	6840	6833	6851	
3	1657	6852	6854	
3	1708	6853	6852	
3	1706	6854	6853	
3	6852	6853	6854	
3	1667	6855	6856	
3	1669	6780	6855	
3	1666	6856	6780	
3	6855	6780	6856	
3	1658	6857	2289	
3	1662	6858	6857	
3	1789	2289	6858	
3	6857	6858	2289	
3	1802	6859	6861	
3	1659	6860	6859	
3	1680	6861	6860	
3	6859	6860	6861	
3	1661	6805	6862	
3	1660	6809	6805	
3	1646	6862	6809	
3	6805	6809	6862	
3	1646	6823	6862	
3	1663	6863	6823	
3	1661	6862	6863	
3	6823	6863	6862	
3	1789	6864	6866	
3	1790	6865	6864	
3	1676	6866	6865	
3	6864	6865	6866	
3	1678	6867	6825	
3	1680	6860	6867	
3	1659	6825	6860	
3	6867	6860	6825	
3	1803	6868	6870	
3	1786	6869	6868	
3	1788	6870	6869	
3	6868	6869	6870	
3	1658	6851	6872	
3	1616	6871	6851	
3	1666	6872	6871	
3	6851	6871	6872	
3	1660	6873	6875	
3	1662	6874	6873	
3	1665	6875	6874	
3	6873	6874	6875	
3	1801	6876	6877	
3	1650	6798	6876	
3	1622	6877	6798	
3	6876	6798	6877	
3	1661	6863	6879	
3	1663	6878	6863	
3	1659	6879	6878	
3	6863	6878	6879	
3	1677	6880	6824	
3	1653	6881	6880	
3	1678	6824	6881	
3	6880	6881	6824	
3	1677	6826	6801	
3	1659	6878	6826	
3	1663	6801	6878	
3	6826	6878	6801	
3	1660	6875	6810	
3	1665	6808	6875	
3	1647	6810	6808	
3	6875	6808	6810	
3	1665	6874	6779	
3	1662	6882	6874	
3	1666	6779	6882	
3	6874	6882	6779	
3	1658	6872	6857	
3	1666	6882	6872	
3	1662	6857	6882	
3	6872	6882	6857	
3	1667	6856	6883	
3	1666	6871	6856	
3	1616	6883	6871	
3	6856	6871	6883	
3	1667	6883	6706	
3	1616	6884	6883	
3	1668	6706	6884	
3	6883	6884	6706	
3	1669	6855	6885	
3	1667	6705	6855	
3	1611	6885	6705	
3	6855	6705	6885	
3	1654	6815	6832	
3	1668	6884	6815	
3	1616	6832	6884	
3	6815	6884	6832	
3	1605	6679	6814	
3	1613	6280	6679	
3	1668	6814	6280	
3	6679	6280	6814	
3	1618	6725	6687	
3	1669	6885	6725	
3	1611	6687	6885	
3	6725	6885	6687	
3	1665	6778	6807	
3	1669	6724	6778	
3	1623	6807	6724	
3	6778	6724	6807	
3	1671	6886	6888	
3	1670	6887	6886	
3	1592	6888	6887	
3	6886	6887	6888	
3	1627	6750	6890	
3	1670	6889	6750	
3	1698	6890	6889	
3	6750	6889	6890	
3	1671	6888	6891	
3	1592	6640	6888	
3	1696	6891	6640	
3	6888	6640	6891	
3	1628	6763	6753	
3	1671	6747	6763	
3	1626	6753	6747	
3	6763	6747	6753	
3	1707	6892	6846	
3	1712	6818	6892	
3	1702	6846	6818	
3	6892	6818	6846	
3	1709	6893	6895	
3	1720	6894	6893	
3	1719	6895	6894	
3	6893	6894	6895	
3	1674	6819	6896	
3	1673	6602	6819	
3	1571	6896	6602	
3	6819	6602	6896	
3	1673	6821	6898	
3	1649	6897	6821	
3	1699	6898	6897	
3	6821	6897	6898	
3	1567	6598	6588	
3	1674	6896	6598	
3	1571	6588	6896	
3	6598	6896	6588	
3	1499	6671	6899	
3	1598	6669	6671	
3	1701	6899	6669	
3	6671	6669	6899	
3	1680	6900	6902	
3	1684	6901	6900	
3	1686	6902	6901	
3	6900	6901	6902	
3	1736	6903	6905	
3	1725	6904	6903	
3	1726	6905	6904	
3	6903	6904	6905	
3	1804	6906	6908	
3	1802	6907	6906	
3	1803	6908	6907	
3	6906	6907	6908	
3	1710	6909	6911	
3	1718	6910	6909	
3	1719	6911	6910	
3	6909	6910	6911	
3	1653	6880	6912	
3	1677	6829	6880	
3	1664	6912	6829	
3	6880	6829	6912	
3	19	6913	6915	
3	1681	6914	6913	
3	1679	6915	6914	
3	6913	6914	6915	
3	1680	6916	6861	
3	1675	6917	6916	
3	1802	6861	6917	
3	6916	6917	6861	
3	1681	6918	6914	
3	1678	6919	6918	
3	1679	6914	6919	
3	6918	6919	6914	
3	1678	6881	6919	
3	1653	6920	6881	
3	1679	6919	6920	
3	6881	6920	6919	
3	1680	6921	6900	
3	1681	6922	6921	
3	1684	6900	6922	
3	6921	6922	6900	
3	1693	6923	6925	
3	1807	6924	6923	
3	1805	6925	6924	
3	6923	6924	6925	
3	1678	6918	6867	
3	1681	6921	6918	
3	1680	6867	6921	
3	6918	6921	6867	
3	1691	6926	6928	
3	1692	6927	6926	
3	1685	6928	6927	
3	6926	6927	6928	
3	1690	6929	6931	
3	1691	6930	6929	
3	1688	6931	6930	
3	6929	6930	6931	
3	1750	6932	6934	
3	1748	6933	6932	
3	1743	6934	6933	
3	6932	6933	6934	
3	1812	6935	6937	
3	1814	6936	6935	
3	1809	6937	6936	
3	6935	6936	6937	
3	19	6938	6913	
3	1689	6939	6938	
3	1681	6913	6939	
3	6938	6939	6913	
3	1766	6940	6942	
3	1774	6941	6940	
3	1764	6942	6941	
3	6940	6941	6942	
3	1691	6928	6930	
3	1685	6943	6928	
3	1688	6930	6943	
3	6928	6943	6930	
3	1684	6944	6901	
3	1690	6945	6944	
3	1686	6901	6945	
3	6944	6945	6901	
3	1680	6902	6916	
3	1686	2178	6902	
3	1675	6916	2178	
3	6902	2178	6916	
3	1686	6945	2179	
3	1690	6931	6945	
3	1688	2179	6931	
3	6945	6931	2179	
3	18	6946	6948	
3	1736	6947	6946	
3	1745	6948	6947	
3	6946	6947	6948	
3	1689	6949	6950	
3	1690	6944	6949	
3	1684	6950	6944	
3	6949	6944	6950	
3	1675	2180	6952	
3	1688	6951	2180	
3	1687	6952	6951	
3	2180	6951	6952	
3	1681	6939	6922	
3	1689	6950	6939	
3	1684	6922	6950	
3	6939	6950	6922	
3	1685	6953	6943	
3	1687	6951	6953	
3	1688	6943	6951	
3	6953	6951	6943	
3	1808	6954	6955	
3	1812	6937	6954	
3	1809	6955	6937	
3	6954	6937	6955	
3	70	6956	6958	
3	1749	6957	6956	
3	1759	6958	6957	
3	6956	6957	6958	
3	1694	6959	6961	
3	1689	6960	6959	
3	1695	6961	6960	
3	6959	6960	6961	
3	1805	6962	6925	
3	1695	6963	6962	
3	1693	6925	6963	
3	6962	6963	6925	
3	1694	6964	6959	
3	1690	6949	6964	
3	1689	6959	6949	
3	6964	6949	6959	
3	1805	6965	6962	
3	1694	6961	6965	
3	1695	6962	6961	
3	6965	6961	6962	
3	1691	6929	6966	
3	1690	6964	6929	
3	1694	6966	6964	
3	6929	6964	6966	
3	1692	6926	6967	
3	1691	6966	6926	
3	1694	6967	6966	
3	6926	6966	6967	
3	1816	6641	6968	
3	1592	6629	6641	
3	1582	6968	6629	
3	6641	6629	6968	
3	1689	6938	6960	
3	19	6969	6938	
3	1695	6960	6969	
3	6938	6969	6960	
3	1818	6970	6478	
3	1506	6469	6970	
3	1819	6478	6469	
3	6970	6469	6478	
3	1627	6890	6776	
3	1698	6761	6890	
3	1628	6776	6761	
3	6890	6761	6776	
3	1696	6178	6891	
3	1697	6748	6178	
3	1671	6891	6748	
3	6178	6748	6891	
3	1670	6886	6889	
3	1671	6762	6886	
3	1698	6889	6762	
3	6886	6762	6889	
3	1700	6744	6971	
3	1699	6897	6744	
3	1649	6971	6897	
3	6744	6897	6971	
3	1702	6693	6972	
3	1699	6743	6693	
3	1608	6972	6743	
3	6693	6743	6972	
3	1700	6971	6668	
3	1649	6973	6971	
3	1701	6668	6973	
3	6971	6973	6668	
3	1608	6745	6690	
3	1700	6667	6745	
3	1624	6690	6667	
3	6745	6667	6690	
3	1649	6820	6973	
3	1674	6974	6820	
3	1701	6973	6974	
3	6820	6974	6973	
3	1499	6899	6597	
3	1701	6974	6899	
3	1674	6597	6974	
3	6899	6974	6597	
3	1608	6715	6972	
3	1703	6847	6715	
3	1702	6972	6847	
3	6715	6847	6972	
3	1707	6845	6976	
3	1703	6975	6845	
3	1656	6976	6975	
3	6845	6975	6976	
3	1704	6716	6653	
3	1608	6691	6716	
3	1648	6653	6691	
3	6716	6691	6653	
3	1656	6977	6976	
3	1705	6978	6977	
3	1707	6976	6978	
3	6977	6978	6976	
3	1706	6651	6979	
3	1648	6816	6651	
3	1654	6979	6816	
3	6651	6816	6979	
3	1656	6975	6838	
3	1703	6714	6975	
3	1704	6838	6714	
3	6975	6714	6838	
3	1716	6980	6982	
3	1656	6981	6980	
3	1708	6982	6981	
3	6980	6981	6982	
3	1725	6983	6985	
3	1721	6984	6983	
3	1729	6985	6984	
3	6983	6984	6985	
3	1654	6831	6979	
3	1657	6854	6831	
3	1706	6979	6854	
3	6831	6854	6979	
3	1708	6852	6986	
3	1657	6839	6852	
3	1655	6986	6839	
3	6852	6839	6986	
3	65	6987	6988	
3	1711	6844	6987	
3	1713	6988	6844	
3	6987	6844	6988	
3	1714	6989	6991	
3	1713	6990	6989	
3	1715	6991	6990	
3	6989	6990	6991	
3	1913	6992	6994	
3	1716	6993	6992	
3	1655	6994	6993	
3	6992	6993	6994	
3	1656	6837	6981	
3	1706	6853	6837	
3	1708	6981	6853	
3	6837	6853	6981	
3	1712	6995	6817	
3	1672	6996	6995	
3	1717	6817	6996	
3	6995	6996	6817	
3	1705	6842	6978	
3	1711	6997	6842	
3	1707	6978	6997	
3	6842	6997	6978	
3	1714	6998	7000	
3	1710	6999	6998	
3	1733	7000	6999	
3	6998	6999	7000	
3	1732	7001	7002	
3	1727	6850	7001	
3	65	7002	6850	
3	7001	6850	7002	
3	65	6849	6987	
3	1672	7003	6849	
3	1711	6987	7003	
3	6849	7003	6987	
3	1712	7004	6995	
3	1711	7003	7004	
3	1672	6995	7003	
3	7004	7003	6995	
3	1711	7004	6997	
3	1712	6892	7004	
3	1707	6997	6892	
3	7004	6892	6997	
3	1568	7005	7006	
3	1717	6996	7005	
3	1672	7006	6996	
3	7005	6996	7006	
3	1715	6990	7007	
3	1713	6843	6990	
3	1705	7007	6843	
3	6990	6843	7007	
3	1714	7008	6989	
3	65	6988	7008	
3	1713	6989	6988	
3	7008	6988	6989	
3	1716	7009	7011	
3	1709	7010	7009	
3	1715	7011	7010	
3	7009	7010	7011	
3	1718	7012	7013	
3	1714	6991	7012	
3	1715	7013	6991	
3	7012	6991	7013	
3	1716	7014	6980	
3	1705	6977	7014	
3	1656	6980	6977	
3	7014	6977	6980	
3	1715	7010	7013	
3	1709	7015	7010	
3	1718	7013	7015	
3	7010	7015	7013	
3	1716	6982	6993	
3	1708	6986	6982	
3	1655	6993	6986	
3	6982	6986	6993	
3	1715	7007	7011	
3	1705	7014	7007	
3	1716	7011	7014	
3	7007	7014	7011	
3	1568	6663	7005	
3	1673	7016	6663	
3	1717	7005	7016	
3	6663	7016	7005	
3	1699	6692	6898	
3	1717	7016	6692	
3	1673	6898	7016	
3	6692	7016	6898	
3	1719	6910	6895	
3	1718	7015	6910	
3	1709	6895	7015	
3	6910	7015	6895	
3	1710	6998	6909	
3	1714	7012	6998	
3	1718	6909	7012	
3	6998	7012	6909	
3	1655	7017	6994	
3	1911	7018	7017	
3	1913	6994	7018	
3	7017	7018	6994	
3	1710	6911	7020	
3	1719	7019	6911	
3	1729	7020	7019	
3	6911	7019	7020	
3	1911	7021	7022	
3	1658	2291	7021	
3	1792	7022	2291	
3	7021	2291	7022	
3	1721	6983	7024	
3	1725	7023	6983	
3	18	7024	7023	
3	6983	7023	7024	
3	1719	7025	7019	
3	1734	7026	7025	
3	1729	7019	7026	
3	7025	7026	7019	
3	1737	7027	2044	
3	1721	7024	7027	
3	18	2044	7024	
3	7027	7024	2044	
3	1723	7028	7029	
3	1572	6613	7028	
3	1731	7029	6613	
3	7028	6613	7029	
3	1732	2174	7001	
3	66	2279	2174	
3	1727	7001	2279	
3	2174	2279	7001	
3	1734	7025	7030	
3	1719	6894	7025	
3	1720	7030	6894	
3	7025	6894	7030	
3	1727	2278	7031	
3	1723	7029	2278	
3	1731	7031	7029	
3	2278	7029	7031	
3	1758	7032	7034	
3	1743	7033	7032	
3	1753	7034	7033	
3	7032	7033	7034	
3	1721	7035	6984	
3	1710	7020	7035	
3	1729	6984	7020	
3	7035	7020	6984	
3	1733	7036	7037	
3	1722	2172	7036	
3	1732	7037	2172	
3	7036	2172	7037	
3	1720	7038	7030	
3	1910	7039	7038	
3	1734	7030	7039	
3	7038	7039	7030	
3	1730	7040	7042	
3	1739	7041	7040	
3	1744	7042	7041	
3	7040	7041	7042	
3	1728	7043	7044	
3	1724	6594	7043	
3	1738	7044	6594	
3	7043	6594	7044	
3	1727	7031	6848	
3	1731	7045	7031	
3	1672	6848	7045	
3	7031	7045	6848	
3	1737	7046	7047	
3	1728	7044	7046	
3	1738	7047	7044	
3	7046	7044	7047	
3	1726	6904	7048	
3	1725	6985	6904	
3	1729	7048	6985	
3	6904	6985	7048	
3	1726	7049	7051	
3	1734	7050	7049	
3	1735	7051	7050	
3	7049	7050	7051	
3	1725	6903	7023	
3	1736	6946	6903	
3	18	7023	6946	
3	6903	6946	7023	
3	1568	7006	6607	
3	1672	7045	7006	
3	1731	6607	7045	
3	7006	7045	6607	
3	1733	7037	7000	
3	1732	7052	7037	
3	1714	7000	7052	
3	7037	7052	7000	
3	65	7008	7002	
3	1714	7052	7008	
3	1732	7002	7052	
3	7008	7052	7002	
3	1724	7053	6595	
3	1722	7036	7053	
3	1733	6595	7036	
3	7053	7036	6595	
3	1738	6596	7054	
3	1733	6999	6596	
3	1710	7054	6999	
3	6596	6999	7054	
3	1910	7055	7039	
3	1735	7050	7055	
3	1734	7039	7050	
3	7055	7050	7039	
3	1726	7048	7049	
3	1729	7026	7048	
3	1734	7049	7026	
3	7048	7026	7049	
3	1791	7056	7057	
3	1676	6865	7056	
3	1790	7057	6865	
3	7056	6865	7057	
3	1741	7058	7060	
3	1745	7059	7058	
3	1747	7060	7059	
3	7058	7059	7060	
3	1735	7061	7051	
3	1740	7062	7061	
3	1726	7051	7062	
3	7061	7062	7051	
3	1736	6905	7063	
3	1726	7062	6905	
3	1740	7063	7062	
3	6905	7062	7063	
3	17	7064	7065	
3	1728	7046	7064	
3	1737	7065	7046	
3	7064	7046	7065	
3	1755	2297	2043	
3	17	7065	2297	
3	1737	2043	7065	
3	2297	7065	2043	
3	1737	7047	7027	
3	1738	7066	7047	
3	1721	7027	7066	
3	7047	7066	7027	
3	1710	7035	7054	
3	1721	7066	7035	
3	1738	7054	7066	
3	7035	7066	7054	
3	1745	7058	7068	
3	1741	7067	7058	
3	1744	7068	7067	
3	7058	7067	7068	
3	1739	7040	7070	
3	1730	7069	7040	
3	1756	7070	7069	
3	7040	7069	7070	
3	1794	7071	7072	
3	1676	7056	7071	
3	1791	7072	7056	
3	7071	7056	7072	
3	1741	7073	7075	
3	1750	7074	7073	
3	1746	7075	7074	
3	7073	7074	7075	
3	1741	7060	7077	
3	1747	7076	7060	
3	1748	7077	7076	
3	7060	7076	7077	
3	1730	7042	7079	
3	1744	7078	7042	
3	1746	7079	7078	
3	7042	7078	7079	
3	1800	7080	7082	
3	1796	7081	7080	
3	1799	7082	7081	
3	7080	7081	7082	
3	1730	7083	7069	
3	1763	7084	7083	
3	1756	7069	7084	
3	7083	7084	7069	
3	1756	7085	7086	
3	1751	2295	7085	
3	1755	7086	2295	
3	7085	2295	7086	
3	1745	7068	7087	
3	1744	7041	7068	
3	1739	7087	7041	
3	7068	7041	7087	
3	1746	7078	7075	
3	1744	7067	7078	
3	1741	7075	7067	
3	7078	7067	7075	
3	18	6948	7088	
3	1745	7087	6948	
3	1739	7088	7087	
3	6948	7087	7088	
3	1745	6947	7059	
3	1736	7089	6947	
3	1747	7059	7089	
3	6947	7089	7059	
3	1741	7077	7073	
3	1748	6932	7077	
3	1750	7073	6932	
3	7077	6932	7073	
3	1749	7090	7091	
3	1730	7079	7090	
3	1746	7091	7079	
3	7090	7079	7091	
3	1736	7063	7089	
3	1740	7092	7063	
3	1747	7089	7092	
3	7063	7092	7089	
3	1747	7092	7094	
3	1740	7093	7092	
3	1799	7094	7093	
3	7092	7093	7094	
3	1800	7095	7097	
3	1735	7096	7095	
3	1794	7097	7096	
3	7095	7096	7097	
3	1772	7098	7100	
3	1774	7099	7098	
3	1775	7100	7099	
3	7098	7099	7100	
3	1750	7101	7103	
3	1758	7102	7101	
3	1760	7103	7102	
3	7101	7102	7103	
3	1762	7104	2294	
3	1749	6956	7104	
3	70	2294	6956	
3	7104	6956	2294	
3	1798	7105	7107	
3	1778	7106	7105	
3	1753	7107	7106	
3	7105	7106	7107	
3	1749	7108	6957	
3	1760	7109	7108	
3	1759	6957	7109	
3	7108	7109	6957	
3	1748	7110	7112	
3	1797	7111	7110	
3	1798	7112	7111	
3	7110	7111	7112	
3	1752	7113	7115	
3	1742	7114	7113	
3	1763	7115	7114	
3	7113	7114	7115	
3	1762	7116	7117	
3	1752	7115	7116	
3	1763	7117	7115	
3	7116	7115	7117	
3	1767	7118	7120	
3	1754	7119	7118	
3	1765	7120	7119	
3	7118	7119	7120	
3	1758	7101	7032	
3	1750	6934	7101	
3	1743	7032	6934	
3	7101	6934	7032	
3	1766	7121	7123	
3	1765	7122	7121	
3	1758	7123	7122	
3	7121	7122	7123	
3	1754	7124	7126	
3	1770	7125	7124	
3	1759	7126	7125	
3	7124	7125	7126	
3	1756	7086	7070	
3	1755	7127	7086	
3	1739	7070	7127	
3	7086	7127	7070	
3	18	7088	2042	
3	1739	7127	7088	
3	1755	2042	7127	
3	7088	7127	2042	
3	1742	7128	7129	
3	1751	7085	7128	
3	1756	7129	7085	
3	7128	7085	7129	
3	1763	7114	7084	
3	1742	7129	7114	
3	1756	7084	7129	
3	7114	7129	7084	
3	1780	7130	7132	
3	1782	7131	7130	
3	1908	7132	7131	
3	7130	7131	7132	
3	1765	7121	7133	
3	1766	6942	7121	
3	1764	7133	6942	
3	7121	6942	7133	
3	1758	7134	7102	
3	1754	7135	7134	
3	1760	7102	7135	
3	7134	7135	7102	
3	1760	7108	7136	
3	1749	7091	7108	
3	1746	7136	7091	
3	7108	7091	7136	
3	1754	7118	7124	
3	1767	7137	7118	
3	1770	7124	7137	
3	7118	7137	7124	
3	1750	7103	7074	
3	1760	7136	7103	
3	1746	7074	7136	
3	7103	7136	7074	
3	1754	7126	7135	
3	1759	7109	7126	
3	1760	7135	7109	
3	7126	7109	7135	
3	1765	7119	7122	
3	1754	7134	7119	
3	1758	7122	7134	
3	7119	7134	7122	
3	1782	7138	7140	
3	1687	7139	7138	
3	1787	7140	7139	
3	7138	7139	7140	
3	69	7141	7142	
3	1752	7116	7141	
3	1762	7142	7116	
3	7141	7116	7142	
3	1823	2185	2293	
3	69	7142	2185	
3	1762	2293	7142	
3	2185	7142	2293	
3	1762	7117	7104	
3	1763	7143	7117	
3	1749	7104	7143	
3	7117	7143	7104	
3	1730	7090	7083	
3	1749	7143	7090	
3	1763	7083	7143	
3	7090	7143	7083	
3	1773	7144	7146	
3	1821	7145	7144	
3	1761	7146	7145	
3	7144	7145	7146	
3	1821	7147	7149	
3	1771	7148	7147	
3	1770	7149	7148	
3	7147	7148	7149	
3	1766	7123	7150	
3	1758	7034	7123	
3	1753	7150	7034	
3	7123	7034	7150	
3	1767	7120	7151	
3	1765	7133	7120	
3	1764	7151	7133	
3	7120	7133	7151	
3	1775	7152	7153	
3	1777	6835	7152	
3	1769	7153	6835	
3	7152	6835	7153	
3	1775	7154	7152	
3	1766	7155	7154	
3	1777	7152	7155	
3	7154	7155	7152	
3	1835	7156	7158	
3	1907	7157	7156	
3	1785	7158	7157	
3	7156	7157	7158	
3	1838	7159	7161	
3	1837	7160	7159	
3	1831	7161	7160	
3	7159	7160	7161	
3	1776	7162	7164	
3	1761	7163	7162	
3	1764	7164	7163	
3	7162	7163	7164	
3	1761	7165	7163	
3	1767	7151	7165	
3	1764	7163	7151	
3	7165	7151	7163	
3	1764	6941	7164	
3	1774	7166	6941	
3	1776	7164	7166	
3	6941	7166	7164	
3	1771	7167	7169	
3	1768	7168	7167	
3	1825	7169	7168	
3	7167	7168	7169	
3	70	6958	7170	
3	1759	7125	6958	
3	1770	7170	7125	
3	6958	7125	7170	
3	1827	7171	7173	
3	1918	7172	7171	
3	1773	7173	7172	
3	7171	7172	7173	
3	1771	7147	7175	
3	1821	7174	7147	
3	1918	7175	7174	
3	7147	7174	7175	
3	1767	7165	7176	
3	1761	7145	7165	
3	1821	7176	7145	
3	7165	7145	7176	
3	1783	7177	7179	
3	1784	7178	7177	
3	1781	7179	7178	
3	7177	7178	7179	
3	1807	7180	7181	
3	1808	6955	7180	
3	1809	7181	6955	
3	7180	6955	7181	
3	1776	7182	7162	
3	1906	7183	7182	
3	1761	7162	7183	
3	7182	7183	7162	
3	1826	7184	2301	
3	1768	7185	7184	
3	1827	2301	7185	
3	7184	7185	2301	
3	1775	7099	7154	
3	1774	6940	7099	
3	1766	7154	6940	
3	7099	6940	7154	
3	1776	7166	7186	
3	1774	7098	7166	
3	1772	7186	7098	
3	7166	7098	7186	
3	1777	7155	7187	
3	1766	7150	7155	
3	1753	7187	7150	
3	7155	7150	7187	
3	1775	7153	7189	
3	1769	7188	7153	
3	1905	7189	7188	
3	7153	7188	7189	
3	1784	7190	7192	
3	1772	7191	7190	
3	1905	7192	7191	
3	7190	7191	7192	
3	1785	7193	7195	
3	1906	7194	7193	
3	1783	7195	7194	
3	7193	7194	7195	
3	1753	7106	7187	
3	1778	7196	7106	
3	1777	7187	7196	
3	7106	7196	7187	
3	1778	7197	7199	
3	1779	7198	7197	
3	1780	7199	7198	
3	7197	7198	7199	
3	1798	7107	7200	
3	1753	7033	7107	
3	1743	7200	7033	
3	7107	7033	7200	
3	1757	7201	7202	
3	1779	7197	7201	
3	1778	7202	7197	
3	7201	7197	7202	
3	1912	7203	7204	
3	1794	7096	7203	
3	1735	7204	7096	
3	7203	7096	7204	
3	1782	7205	7138	
3	1786	7206	7205	
3	1687	7138	7206	
3	7205	7206	7138	
3	1778	7199	7196	
3	1780	6836	7199	
3	1777	7196	6836	
3	7199	6836	7196	
3	1782	7130	7207	
3	1780	7198	7130	
3	1779	7207	7198	
3	7130	7198	7207	
3	1828	7208	7210	
3	1831	7209	7208	
3	1830	7210	7209	
3	7208	7209	7210	
3	1776	7186	7212	
3	1772	7211	7186	
3	1783	7212	7211	
3	7186	7211	7212	
3	1786	7205	7213	
3	1782	7207	7205	
3	1779	7213	7207	
3	7205	7207	7213	
3	1687	6953	7139	
3	1685	7214	6953	
3	1787	7139	7214	
3	6953	7214	7139	
3	1784	7177	7190	
3	1783	7211	7177	
3	1772	7190	7211	
3	7177	7211	7190	
3	1783	7179	7216	
3	1781	7215	7179	
3	1945	7216	7215	
3	7179	7215	7216	
3	1769	6834	7217	
3	1780	7132	6834	
3	1908	7217	7132	
3	6834	7132	7217	
3	1811	7218	7220	
3	1692	7219	7218	
3	1809	7220	7219	
3	7218	7219	7220	
3	1784	7221	7178	
3	1915	7222	7221	
3	1781	7178	7222	
3	7221	7222	7178	
3	1761	7183	7224	
3	1906	7223	7183	
3	1907	7224	7223	
3	7183	7223	7224	
3	1786	7213	6869	
3	1779	7225	7213	
3	1788	6869	7225	
3	7213	7225	6869	
3	1687	7206	6952	
3	1786	7226	7206	
3	1675	6952	7226	
3	7206	7226	6952	
3	1916	7227	7229	
3	1685	7228	7227	
3	1811	7229	7228	
3	7227	7228	7229	
3	1787	7230	7231	
3	1784	7192	7230	
3	1905	7231	7192	
3	7230	7192	7231	
3	1757	7232	7201	
3	1909	7233	7232	
3	1779	7201	7233	
3	7232	7233	7201	
3	1804	7234	7236	
3	1793	7235	7234	
3	1661	7236	7235	
3	7234	7235	7236	
3	1790	6864	7237	
3	1789	6858	6864	
3	1662	7237	6858	
3	6864	6858	7237	
3	1792	2290	7238	
3	1789	6866	2290	
3	1676	7238	6866	
3	2290	6866	7238	
3	1660	6811	6873	
3	1790	7237	6811	
3	1662	6873	7237	
3	6811	7237	6873	
3	1790	6812	7057	
3	1651	7239	6812	
3	1791	7057	7239	
3	6812	7239	7057	
3	1651	7240	7239	
3	1793	7241	7240	
3	1791	7239	7241	
3	7240	7241	7239	
3	1796	7242	7244	
3	1795	7243	7242	
3	1909	7244	7243	
3	7242	7243	7244	
3	1792	7245	7247	
3	1912	7246	7245	
3	1910	7247	7246	
3	7245	7246	7247	
3	1792	7247	7022	
3	1910	7248	7247	
3	1911	7022	7248	
3	7247	7248	7022	
3	1661	7235	6803	
3	1793	7240	7235	
3	1651	6803	7240	
3	7235	7240	6803	
3	1791	7249	7072	
3	1795	7250	7249	
3	1794	7072	7250	
3	7249	7250	7072	
3	1791	7241	7249	
3	1793	7251	7241	
3	1795	7249	7251	
3	7241	7251	7249	
3	1795	7242	7250	
3	1796	7252	7242	
3	1794	7250	7252	
3	7242	7252	7250	
3	1793	7253	7251	
3	1788	7254	7253	
3	1795	7251	7254	
3	7253	7254	7251	
3	1795	7254	7243	
3	1788	7255	7254	
3	1909	7243	7255	
3	7254	7255	7243	
3	1757	7256	7258	
3	1797	7257	7256	
3	1796	7258	7257	
3	7256	7257	7258	
3	1797	7259	7257	
3	1799	7081	7259	
3	1796	7257	7081	
3	7259	7081	7257	
3	1798	7111	7260	
3	1797	7256	7111	
3	1757	7260	7256	
3	7111	7256	7260	
3	1799	7259	7261	
3	1797	7110	7259	
3	1748	7261	7110	
3	7259	7110	7261	
3	1778	7105	7202	
3	1798	7260	7105	
3	1757	7202	7260	
3	7105	7260	7202	
3	1748	7112	6933	
3	1798	7200	7112	
3	1743	6933	7200	
3	7112	7200	6933	
3	1747	7094	7076	
3	1799	7261	7094	
3	1748	7076	7261	
3	7094	7261	7076	
3	1799	7093	7082	
3	1740	7262	7093	
3	1800	7082	7262	
3	7093	7262	7082	
3	1735	7095	7061	
3	1800	7262	7095	
3	1740	7061	7262	
3	7095	7262	7061	
3	1796	7080	7252	
3	1800	7097	7080	
3	1794	7252	7097	
3	7080	7097	7252	
3	1650	6876	6793	
3	1801	6827	6876	
3	1652	6793	6827	
3	6876	6827	6793	
3	1664	6830	7263	
3	1801	6877	6830	
3	1622	7263	6877	
3	6830	6877	7263	
3	1803	6907	7264	
3	1802	6917	6907	
3	1675	7264	6917	
3	6907	6917	7264	
3	1659	6859	6879	
3	1802	7265	6859	
3	1661	6879	7265	
3	6859	7265	6879	
3	1786	6868	7226	
3	1803	7264	6868	
3	1675	7226	7264	
3	6868	7264	7226	
3	1804	6908	7266	
3	1803	6870	6908	
3	1788	7266	6870	
3	6908	6870	7266	
3	1793	7234	7253	
3	1804	7266	7234	
3	1788	7253	7266	
3	7234	7266	7253	
3	1802	6906	7265	
3	1804	7236	6906	
3	1661	7265	7236	
3	6906	7236	7265	
3	1805	6924	7268	
3	1807	7267	6924	
3	1692	7268	7267	
3	6924	7267	7268	
3	1692	6967	7268	
3	1694	6965	6967	
3	1805	7268	6965	
3	6967	6965	7268	
3	1683	7269	7271	
3	1808	7270	7269	
3	1806	7271	7270	
3	7269	7270	7271	
3	1693	7272	6923	
3	1806	7273	7272	
3	1807	6923	7273	
3	7272	7273	6923	
3	1807	7273	7180	
3	1806	7270	7273	
3	1808	7180	7270	
3	7273	7270	7180	
3	1940	7274	7276	
3	2017	7275	7274	
3	1919	7276	7275	
3	7274	7275	7276	
3	1692	7267	7219	
3	1807	7181	7267	
3	1809	7219	7181	
3	7267	7181	7219	
3	1981	7277	7279	
3	1813	7278	7277	
3	1814	7279	7278	
3	7277	7278	7279	
3	1692	7218	6927	
3	1811	7228	7218	
3	1685	6927	7228	
3	7218	7228	6927	
3	1942	7280	7282	
3	1955	7281	7280	
3	1956	7282	7281	
3	7280	7281	7282	
3	1815	7283	7285	
3	1811	7284	7283	
3	1814	7285	7284	
3	7283	7284	7285	
3	1981	7279	7286	
3	1814	6935	7279	
3	1812	7286	6935	
3	7279	6935	7286	
3	1916	7287	7227	
3	1787	7214	7287	
3	1685	7227	7214	
3	7287	7214	7227	
3	1981	7286	7289	
3	1812	7288	7286	
3	1984	7289	7288	
3	7286	7288	7289	
3	1931	7290	7291	
3	1981	7289	7290	
3	1984	7291	7289	
3	7290	7289	7291	
3	1931	7291	7293	
3	1984	7292	7291	
3	1982	7293	7292	
3	7291	7292	7293	
3	1915	7221	7295	
3	1784	7294	7221	
3	1815	7295	7294	
3	7221	7294	7295	
3	1815	7285	7296	
3	1814	7278	7285	
3	1813	7296	7278	
3	7285	7278	7296	
3	1811	7220	7284	
3	1809	6936	7220	
3	1814	7284	6936	
3	7220	6936	7284	
3	1815	7296	7298	
3	1813	7297	7296	
3	1932	7298	7297	
3	7296	7297	7298	
3	1916	7299	7287	
3	1784	7230	7299	
3	1787	7287	7230	
3	7299	7230	7287	
3	1817	7300	7301	
3	1816	6968	7300	
3	1582	7301	6968	
3	7300	6968	7301	
3	1818	7302	6625	
3	1816	7300	7302	
3	1817	6625	7300	
3	7302	7300	6625	
3	1581	6624	6399	
3	1817	7301	6624	
3	1582	6399	7301	
3	6624	7301	6399	
3	1818	6626	6970	
3	1471	6512	6626	
3	1506	6970	6512	
3	6626	6512	6970	
3	1512	7303	7305	
3	1820	7304	7303	
3	1819	7305	7304	
3	7303	7304	7305	
3	1696	6642	7306	
3	1816	7302	6642	
3	1818	7306	7302	
3	6642	7302	7306	
3	1820	7307	7309	
3	1509	7308	7307	
3	1917	7309	7308	
3	7307	7308	7309	
3	1917	7308	7310	
3	1509	6179	7308	
3	1696	7310	6179	
3	7308	6179	7310	
3	1819	6471	7305	
3	1526	6507	6471	
3	1512	7305	6507	
3	6471	6507	7305	
3	70	7170	7311	
3	1770	7148	7170	
3	1771	7311	7148	
3	7170	7148	7311	
3	1767	7176	7137	
3	1821	7149	7176	
3	1770	7137	7149	
3	7176	7149	7137	
3	70	7311	2292	
3	1771	7312	7311	
3	1823	2292	7312	
3	7311	7312	2292	
3	1768	7313	7168	
3	1850	7314	7313	
3	1825	7168	7314	
3	7313	7314	7168	
3	1825	7315	7316	
3	1824	2186	7315	
3	1823	7316	2186	
3	7315	2186	7316	
3	1822	7317	7318	
3	1824	7315	7317	
3	1825	7318	7315	
3	7317	7315	7318	
3	1825	7316	7169	
3	1823	7312	7316	
3	1771	7169	7312	
3	7316	7312	7169	
3	1850	7319	7314	
3	1822	7318	7319	
3	1825	7314	7318	
3	7319	7318	7314	
3	1773	7320	7173	
3	1829	2302	7320	
3	1827	7173	2302	
3	7320	2302	7173	
3	1849	7321	2299	
3	1826	7322	7321	
3	43	2299	7322	
3	7321	7322	2299	
3	1918	7171	7323	
3	1827	7185	7171	
3	1768	7323	7185	
3	7171	7185	7323	
3	1773	7324	7320	
3	1828	7325	7324	
3	1829	7320	7325	
3	7324	7325	7320	
3	1946	7326	7328	
3	1949	7327	7326	
3	1945	7328	7327	
3	7326	7327	7328	
3	43	7329	7331	
3	1829	7330	7329	
3	1830	7331	7330	
3	7329	7330	7331	
3	1830	7330	7210	
3	1829	7325	7330	
3	1828	7210	7325	
3	7330	7325	7210	
3	43	7322	7329	
3	1826	2303	7322	
3	1829	7329	2303	
3	7322	2303	7329	
3	1835	7332	7333	
3	1831	7208	7332	
3	1828	7333	7208	
3	7332	7208	7333	
3	1837	7334	7336	
3	1841	7335	7334	
3	1830	7336	7335	
3	7334	7335	7336	
3	1832	7337	7338	
3	1822	7319	7337	
3	1850	7338	7319	
3	7337	7319	7338	
3	1949	7326	7340	
3	1946	7339	7326	
3	1947	7340	7339	
3	7326	7339	7340	
3	1907	7341	7343	
3	1930	7342	7341	
3	1773	7343	7342	
3	7341	7342	7343	
3	1849	7344	7345	
3	1832	7338	7344	
3	1850	7345	7338	
3	7344	7338	7345	
3	1838	2050	7347	
3	1842	7346	2050	
3	1836	7347	7346	
3	2050	7346	7347	
3	1830	7335	7331	
3	1841	7348	7335	
3	43	7331	7348	
3	7335	7348	7331	
3	1830	7209	7336	
3	1831	7160	7209	
3	1837	7336	7160	
3	7209	7160	7336	
3	43	7349	2300	
3	1839	7350	7349	
3	1854	2300	7350	
3	7349	7350	2300	
3	1833	7351	7352	
3	1831	7332	7351	
3	1835	7352	7332	
3	7351	7332	7352	
3	1837	7159	7353	
3	1838	7347	7159	
3	1836	7353	7347	
3	7159	7347	7353	
3	1846	7354	7356	
3	1845	7355	7354	
3	1843	7356	7355	
3	7354	7355	7356	
3	1838	7161	7357	
3	1831	7351	7161	
3	1833	7357	7351	
3	7161	7351	7357	
3	1839	7358	7360	
3	1841	7359	7358	
3	1843	7360	7359	
3	7358	7359	7360	
3	1944	7361	7363	
3	1943	7362	7361	
3	1835	7363	7362	
3	7361	7362	7363	
3	1838	7357	2048	
3	1833	7364	7357	
3	1840	2048	7364	
3	7357	7364	2048	
3	1843	7365	7360	
3	1834	7366	7365	
3	1839	7360	7366	
3	7365	7366	7360	
3	1839	7366	7368	
3	1834	7367	7366	
3	1858	7368	7367	
3	7366	7367	7368	
3	1863	7369	7371	
3	1852	7370	7369	
3	1848	7371	7370	
3	7369	7370	7371	
3	4	7372	7374	
3	5	7373	7372	
3	1874	7374	7373	
3	7372	7373	7374	
3	1836	7375	7353	
3	1841	7334	7375	
3	1837	7353	7334	
3	7375	7334	7353	
3	43	7348	7349	
3	1841	7358	7348	
3	1839	7349	7358	
3	7348	7358	7349	
3	1855	7376	7378	
3	1848	7377	7376	
3	1842	7378	7377	
3	7376	7377	7378	
3	1843	7355	7365	
3	1845	7379	7355	
3	1834	7365	7379	
3	7355	7379	7365	
3	1841	7375	7359	
3	1836	7380	7375	
3	1843	7359	7380	
3	7375	7380	7359	
3	1845	7354	7382	
3	1846	7381	7354	
3	1844	7382	7381	
3	7354	7381	7382	
3	1844	7381	7384	
3	1846	7383	7381	
3	1848	7384	7383	
3	7381	7383	7384	
3	1834	7379	7386	
3	1845	7385	7379	
3	1847	7386	7385	
3	7379	7385	7386	
3	1846	7356	7387	
3	1843	7380	7356	
3	1836	7387	7380	
3	7356	7380	7387	
3	1844	7388	7389	
3	1853	2023	7388	
3	1847	7389	2023	
3	7388	2023	7389	
3	1836	7346	7387	
3	1842	7390	7346	
3	1846	7387	7390	
3	7346	7390	7387	
3	1848	7383	7377	
3	1846	7390	7383	
3	1842	7377	7390	
3	7383	7390	7377	
3	1844	7389	7382	
3	1847	7385	7389	
3	1845	7382	7385	
3	7389	7385	7382	
3	1861	7391	2306	
3	1847	2022	7391	
3	71	2306	2022	
3	7391	2022	2306	
3	1855	7378	7392	
3	1842	2049	7378	
3	1840	7392	2049	
3	7378	2049	7392	
3	1872	7393	7395	
3	1853	7394	7393	
3	1868	7395	7394	
3	7393	7394	7395	
3	42	7396	7397	
3	1832	7344	7396	
3	1849	7397	7344	
3	7396	7344	7397	
3	1854	2183	2298	
3	42	7397	2183	
3	1849	2298	7397	
3	2183	7397	2298	
3	1849	7345	7321	
3	1850	7398	7345	
3	1826	7321	7398	
3	7345	7398	7321	
3	1768	7184	7313	
3	1826	7398	7184	
3	1850	7313	7398	
3	7184	7398	7313	
3	1901	7399	7401	
3	1929	7400	7399	
3	1891	7401	7400	
3	7399	7400	7401	
3	1864	7402	7403	
3	1863	7371	7402	
3	1848	7403	7371	
3	7402	7371	7403	
3	1858	7404	7405	
3	1856	2181	7404	
3	1854	7405	2181	
3	7404	2181	7405	
3	1848	7370	7384	
3	1852	7406	7370	
3	1844	7384	7406	
3	7370	7406	7384	
3	1853	7388	7407	
3	1844	7406	7388	
3	1852	7407	7406	
3	7388	7406	7407	
3	1857	7408	7410	
3	1851	7409	7408	
3	1862	7410	7409	
3	7408	7409	7410	
3	1851	7411	7412	
3	1856	7404	7411	
3	1858	7412	7404	
3	7411	7404	7412	
3	1958	7413	7415	
3	1935	7414	7413	
3	1919	7415	7414	
3	7413	7414	7415	
3	1920	7416	7418	
3	1891	7417	7416	
3	1921	7418	7417	
3	7416	7417	7418	
3	1862	7419	7420	
3	1858	7367	7419	
3	1834	7420	7367	
3	7419	7367	7420	
3	1862	7409	7419	
3	1851	7412	7409	
3	1858	7419	7412	
3	7409	7412	7419	
3	1858	7405	7368	
3	1854	7350	7405	
3	1839	7368	7350	
3	7405	7350	7368	
3	1861	7421	7422	
3	1857	7410	7421	
3	1862	7422	7410	
3	7421	7410	7422	
3	1935	7423	7425	
3	1936	7424	7423	
3	1855	7425	7424	
3	7423	7424	7425	
3	1893	7426	7428	
3	1860	7427	7426	
3	1895	7428	7427	
3	7426	7427	7428	
3	1853	7393	2021	
3	1872	7429	7393	
3	71	2021	7429	
3	7393	7429	2021	
3	1884	7430	7432	
3	1886	7431	7430	
3	1859	7432	7431	
3	7430	7431	7432	
3	72	7433	7434	
3	1857	7421	7433	
3	1861	7434	7421	
3	7433	7421	7434	
3	1876	2079	2305	
3	72	7434	2079	
3	1861	2305	7434	
3	2079	7434	2305	
3	1861	7422	7391	
3	1862	7435	7422	
3	1847	7391	7435	
3	7422	7435	7391	
3	1834	7386	7420	
3	1847	7435	7386	
3	1862	7420	7435	
3	7386	7435	7420	
3	1864	7403	7436	
3	1848	7376	7403	
3	1855	7436	7376	
3	7403	7376	7436	
3	1873	7437	7439	
3	1895	7438	7437	
3	1880	7439	7438	
3	7437	7438	7439	
3	1840	7440	7392	
3	1939	7441	7440	
3	1855	7392	7441	
3	7440	7441	7392	
3	1936	7442	7424	
3	1864	7436	7442	
3	1855	7424	7436	
3	7442	7436	7424	
3	1879	7443	7445	
3	1876	7444	7443	
3	1871	7445	7444	
3	7443	7444	7445	
3	1897	7446	7448	
3	1898	7447	7446	
3	1889	7448	7447	
3	7446	7447	7448	
3	1992	7449	7451	
3	1994	7450	7449	
3	1961	7451	7450	
3	7449	7450	7451	
3	1873	7452	7454	
3	1872	7453	7452	
3	1893	7454	7453	
3	7452	7453	7454	
3	1868	7394	7455	
3	1853	7407	7394	
3	1852	7455	7407	
3	7394	7407	7455	
3	1885	7456	7458	
3	1890	7457	7456	
3	1891	7458	7457	
3	7456	7457	7458	
3	1896	7459	7460	
3	1852	7369	7459	
3	1863	7460	7369	
3	7459	7369	7460	
3	1938	7461	7462	
3	1863	7402	7461	
3	1864	7462	7402	
3	7461	7402	7462	
3	1872	7463	7453	
3	1894	7464	7463	
3	1893	7453	7464	
3	7463	7464	7453	
3	1868	7465	7467	
3	1896	7466	7465	
3	1894	7467	7466	
3	7465	7466	7467	
3	5	7468	7373	
3	1870	7469	7468	
3	1874	7373	7469	
3	7468	7469	7373	
3	1882	7470	7472	
3	1881	7471	7470	
3	4	7472	7471	
3	7470	7471	7472	
3	1873	7473	7452	
3	1871	7474	7473	
3	1872	7452	7474	
3	7473	7474	7452	
3	1871	7475	7445	
3	1867	7476	7475	
3	1879	7445	7476	
3	7475	7476	7445	
3	1882	7472	7478	
3	4	7477	7472	
3	1877	7478	7477	
3	7472	7477	7478	
3	71	7429	7479	
3	1872	7474	7429	
3	1871	7479	7474	
3	7429	7474	7479	
3	1874	7480	7482	
3	1904	7481	7480	
3	1877	7482	7481	
3	7480	7481	7482	
3	1867	7475	7483	
3	1871	7473	7475	
3	1873	7483	7473	
3	7475	7473	7483	
3	1870	7484	7486	
3	1875	7485	7484	
3	1904	7486	7485	
3	7484	7485	7486	
3	1874	7469	7480	
3	1870	7486	7469	
3	1904	7480	7486	
3	7469	7486	7480	
3	71	7479	2304	
3	1871	7444	7479	
3	1876	2304	7444	
3	7479	7444	2304	
3	1867	7487	7476	
3	1904	7488	7487	
3	1879	7476	7488	
3	7487	7488	7476	
3	1879	7489	7443	
3	1878	2080	7489	
3	1876	7443	2080	
3	7489	2080	7443	
3	1880	7490	7492	
3	1877	7491	7490	
3	1867	7492	7491	
3	7490	7491	7492	
3	1874	7482	7374	
3	1877	7477	7482	
3	4	7374	7477	
3	7482	7477	7374	
3	1904	7485	7488	
3	1875	7493	7485	
3	1879	7488	7493	
3	7485	7493	7488	
3	1875	7494	7493	
3	1878	7489	7494	
3	1879	7493	7489	
3	7494	7489	7493	
3	1873	7439	7483	
3	1880	7492	7439	
3	1867	7483	7492	
3	7439	7492	7483	
3	1882	7495	7497	
3	1880	7496	7495	
3	1883	7497	7496	
3	7495	7496	7497	
3	1881	7470	7499	
3	1882	7498	7470	
3	1884	7499	7498	
3	7470	7498	7499	
3	1882	7478	7495	
3	1877	7490	7478	
3	1880	7495	7490	
3	7478	7490	7495	
3	1886	7500	7431	
3	1892	7501	7500	
3	1859	7431	7501	
3	7500	7501	7431	
3	1881	7499	7502	
3	1884	7432	7499	
3	1859	7502	7432	
3	7499	7432	7502	
3	1882	7497	7498	
3	1883	7503	7497	
3	1884	7498	7503	
3	7497	7503	7498	
3	1884	7504	7430	
3	1887	7505	7504	
3	1886	7430	7505	
3	7504	7505	7430	
3	1888	7506	7508	
3	1887	7507	7506	
3	1883	7508	7507	
3	7506	7507	7508	
3	1888	7509	7511	
3	1860	7510	7509	
3	1889	7511	7510	
3	7509	7510	7511	
3	1887	7504	7507	
3	1884	7503	7504	
3	1883	7507	7503	
3	7504	7503	7507	
3	1891	7416	7458	
3	1920	7512	7416	
3	1885	7458	7512	
3	7416	7512	7458	
3	1883	7513	7508	
3	1895	7514	7513	
3	1888	7508	7514	
3	7513	7514	7508	
3	1885	7515	7516	
3	1886	7505	7515	
3	1887	7516	7505	
3	7515	7505	7516	
3	1894	7466	7518	
3	1896	7517	7466	
3	1897	7518	7517	
3	7466	7517	7518	
3	1887	7506	7520	
3	1888	7519	7506	
3	1890	7520	7519	
3	7506	7519	7520	
3	1920	7521	7512	
3	1892	7522	7521	
3	1885	7512	7522	
3	7521	7522	7512	
3	1887	7520	7516	
3	1890	7456	7520	
3	1885	7516	7456	
3	7520	7456	7516	
3	1888	7511	7519	
3	1889	7523	7511	
3	1890	7519	7523	
3	7511	7523	7519	
3	1890	7523	7525	
3	1889	7524	7523	
3	1901	7525	7524	
3	7523	7524	7525	
3	1898	7526	7447	
3	1899	7527	7526	
3	1889	7447	7527	
3	7526	7527	7447	
3	1901	7528	7399	
3	1902	7529	7528	
3	1929	7399	7529	
3	7528	7529	7399	
3	1894	7463	7467	
3	1872	7395	7463	
3	1868	7467	7395	
3	7463	7395	7467	
3	1885	7522	7515	
3	1892	7500	7522	
3	1886	7515	7500	
3	7522	7500	7515	
3	1860	7509	7427	
3	1888	7514	7509	
3	1895	7427	7514	
3	7509	7514	7427	
3	1852	7459	7455	
3	1896	7465	7459	
3	1868	7455	7465	
3	7459	7465	7455	
3	1860	7426	7530	
3	1893	7464	7426	
3	1894	7530	7464	
3	7426	7464	7530	
3	1880	7438	7496	
3	1895	7513	7438	
3	1883	7496	7513	
3	7438	7513	7496	
3	1873	7454	7437	
3	1893	7428	7454	
3	1895	7437	7428	
3	7454	7428	7437	
3	1863	7461	7532	
3	1938	7531	7461	
3	1898	7532	7531	
3	7461	7531	7532	
3	1894	7518	7530	
3	1897	7533	7518	
3	1860	7530	7533	
3	7518	7533	7530	
3	1898	7446	7534	
3	1897	7517	7446	
3	1896	7534	7517	
3	7446	7517	7534	
3	1889	7510	7448	
3	1860	7533	7510	
3	1897	7448	7533	
3	7510	7533	7448	
3	1863	7532	7460	
3	1898	7534	7532	
3	1896	7460	7534	
3	7532	7534	7460	
3	1899	7526	7536	
3	1898	7535	7526	
3	1865	7536	7535	
3	7526	7535	7536	
3	1902	7537	7539	
3	1865	7538	7537	
3	1900	7539	7538	
3	7537	7538	7539	
3	1890	7525	7457	
3	1901	7401	7525	
3	1891	7457	7401	
3	7525	7401	7457	
3	1937	7540	7542	
3	1936	7541	7540	
3	1866	7542	7541	
3	7540	7541	7542	
3	1960	7543	7545	
3	1971	7544	7543	
3	1970	7545	7544	
3	7543	7544	7545	
3	1889	7527	7524	
3	1899	7546	7527	
3	1901	7524	7546	
3	7527	7546	7524	
3	1902	7528	7547	
3	1901	7546	7528	
3	1899	7547	7546	
3	7528	7546	7547	
3	1865	7537	7536	
3	1902	7547	7537	
3	1899	7536	7547	
3	7537	7547	7536	
3	1900	7548	7550	
3	1903	7549	7548	
3	1929	7550	7549	
3	7548	7549	7550	
3	1994	7551	7450	
3	1924	7552	7551	
3	1961	7450	7552	
3	7551	7552	7450	
3	1926	7553	7555	
3	1921	7554	7553	
3	1924	7555	7554	
3	7553	7554	7555	
3	1867	7491	7487	
3	1877	7481	7491	
3	1904	7487	7481	
3	7491	7481	7487	
3	1775	7189	7100	
3	1905	7191	7189	
3	1772	7100	7191	
3	7189	7191	7100	
3	1905	7188	7556	
3	1769	7217	7188	
3	1908	7556	7217	
3	7188	7217	7556	
3	1783	7194	7212	
3	1906	7182	7194	
3	1776	7212	7182	
3	7194	7182	7212	
3	1907	7223	7157	
3	1906	7193	7223	
3	1785	7157	7193	
3	7223	7193	7157	
3	1930	7341	7557	
3	1907	7156	7341	
3	1835	7557	7156	
3	7341	7156	7557	
3	1773	7146	7343	
3	1761	7224	7146	
3	1907	7343	7224	
3	7146	7224	7343	
3	1782	7140	7131	
3	1787	7558	7140	
3	1908	7131	7558	
3	7140	7558	7131	
3	1905	7556	7231	
3	1908	7558	7556	
3	1787	7231	7558	
3	7556	7558	7231	
3	1909	7232	7244	
3	1757	7258	7232	
3	1796	7244	7258	
3	7232	7258	7244	
3	1788	7225	7255	
3	1779	7233	7225	
3	1909	7255	7233	
3	7225	7233	7255	
3	1911	7248	7559	
3	1910	7038	7248	
3	1720	7559	7038	
3	7248	7038	7559	
3	1912	7245	7560	
3	1792	7238	7245	
3	1676	7560	7238	
3	7245	7238	7560	
3	1913	7018	7561	
3	1911	7559	7018	
3	1720	7561	7559	
3	7018	7559	7561	
3	1658	7021	6841	
3	1911	7017	7021	
3	1655	6841	7017	
3	7021	7017	6841	
3	1794	7203	7071	
3	1912	7560	7203	
3	1676	7071	7560	
3	7203	7560	7071	
3	1735	7055	7204	
3	1910	7246	7055	
3	1912	7204	7246	
3	7055	7246	7204	
3	1720	6893	7561	
3	1709	7562	6893	
3	1913	7561	7562	
3	6893	7562	7561	
3	1716	6992	7009	
3	1913	7562	6992	
3	1709	7009	7562	
3	6992	7562	7009	
3	1840	7563	7565	
3	1941	7564	7563	
3	1940	7565	7564	
3	7563	7564	7565	
3	1932	7566	7298	
3	1915	7295	7566	
3	1815	7298	7295	
3	7566	7295	7298	
3	1946	7567	7569	
3	1915	7568	7567	
3	1914	7569	7568	
3	7567	7568	7569	
3	1811	7283	7229	
3	1815	7570	7283	
3	1916	7229	7570	
3	7283	7570	7229	
3	1784	7299	7294	
3	1916	7570	7299	
3	1815	7294	7570	
3	7299	7570	7294	
3	1818	6480	7306	
3	1917	7310	6480	
3	1696	7306	7310	
3	6480	7310	7306	
3	1820	7309	7304	
3	1917	6479	7309	
3	1819	7304	6479	
3	7309	6479	7304	
3	1771	7175	7167	
3	1918	7323	7175	
3	1768	7167	7323	
3	7175	7323	7167	
3	1821	7144	7174	
3	1773	7172	7144	
3	1918	7174	7172	
3	7144	7172	7174	
3	1919	7571	7276	
3	1939	7572	7571	
3	1940	7276	7572	
3	7571	7572	7276	
3	1932	7573	7575	
3	1933	7574	7573	
3	1914	7575	7574	
3	7573	7574	7575	
3	1891	7400	7417	
3	1929	7576	7400	
3	1921	7417	7576	
3	7400	7576	7417	
3	1869	7577	7578	
3	1892	7521	7577	
3	1920	7578	7521	
3	7577	7521	7578	
3	1924	7554	7580	
3	1921	7579	7554	
3	1903	7580	7579	
3	7554	7579	7580	
3	1920	7418	7581	
3	1921	7553	7418	
3	1926	7581	7553	
3	7418	7553	7581	
3	1976	7582	7584	
3	1979	7583	7582	
3	1962	7584	7583	
3	7582	7583	7584	
3	1927	7585	7586	
3	1926	7555	7585	
3	1924	7586	7555	
3	7585	7555	7586	
3	1926	7587	7581	
3	1869	7578	7587	
3	1920	7581	7578	
3	7587	7578	7581	
3	1972	7588	7589	
3	1960	7545	7588	
3	1970	7589	7545	
3	7588	7545	7589	
3	1927	7590	7585	
3	1923	7591	7590	
3	1926	7585	7591	
3	7590	7591	7585	
3	1928	7592	7593	
3	1900	7538	7592	
3	1865	7593	7538	
3	7592	7538	7593	
3	1988	7594	7596	
3	1990	7595	7594	
3	1961	7596	7595	
3	7594	7595	7596	
3	1924	7580	7552	
3	1903	7597	7580	
3	1961	7552	7597	
3	7580	7597	7552	
3	1923	7598	7591	
3	1869	7587	7598	
3	1926	7591	7587	
3	7598	7587	7591	
3	1923	7590	7600	
3	1927	7599	7590	
3	1995	7600	7599	
3	7590	7599	7600	
3	1942	7282	7602	
3	1956	7601	7282	
3	1919	7602	7601	
3	7282	7601	7602	
3	1964	7603	7605	
3	1955	7604	7603	
3	1925	7605	7604	
3	7603	7604	7605	
3	1900	7550	7539	
3	1929	7529	7550	
3	1902	7539	7529	
3	7550	7529	7539	
3	1921	7576	7579	
3	1929	7549	7576	
3	1903	7579	7549	
3	7576	7549	7579	
3	1835	7333	7557	
3	1828	7606	7333	
3	1930	7557	7606	
3	7333	7606	7557	
3	1773	7342	7324	
3	1930	7606	7342	
3	1828	7324	7606	
3	7342	7606	7324	
3	1963	7607	7609	
3	1950	7608	7607	
3	1953	7609	7608	
3	7607	7608	7609	
3	1983	7610	7611	
3	1813	7277	7610	
3	1981	7611	7277	
3	7610	7277	7611	
3	1933	7573	7612	
3	1932	7297	7573	
3	1813	7612	7297	
3	7573	7297	7612	
3	1915	7566	7568	
3	1932	7575	7566	
3	1914	7568	7575	
3	7566	7575	7568	
3	1953	7608	7614	
3	1950	7613	7608	
3	1952	7614	7613	
3	7608	7613	7614	
3	1948	7615	7617	
3	1951	7616	7615	
3	1947	7617	7616	
3	7615	7616	7617	
3	1941	7618	7620	
3	1833	7619	7618	
3	1943	7620	7619	
3	7618	7619	7620	
3	1948	7617	7622	
3	1947	7621	7617	
3	1914	7622	7621	
3	7617	7621	7622	
3	1935	7623	7423	
3	1866	7541	7623	
3	1936	7423	7541	
3	7623	7541	7423	
3	1939	7624	7441	
3	1935	7425	7624	
3	1855	7441	7425	
3	7624	7425	7441	
3	1937	7542	7626	
3	1866	7625	7542	
3	1928	7626	7625	
3	7542	7625	7626	
3	1938	7627	7628	
3	1936	7540	7627	
3	1937	7628	7540	
3	7627	7540	7628	
3	1928	7593	7626	
3	1865	7629	7593	
3	1937	7626	7629	
3	7593	7629	7626	
3	1938	7628	7630	
3	1937	7629	7628	
3	1865	7630	7629	
3	7628	7629	7630	
3	1938	7630	7531	
3	1865	7535	7630	
3	1898	7531	7535	
3	7630	7535	7531	
3	1864	7442	7462	
3	1936	7627	7442	
3	1938	7462	7627	
3	7442	7627	7462	
3	1940	7572	7565	
3	1939	7440	7572	
3	1840	7565	7440	
3	7572	7440	7565	
3	1935	7624	7414	
3	1939	7571	7624	
3	1919	7414	7571	
3	7624	7571	7414	
3	1941	7563	7618	
3	1840	7364	7563	
3	1833	7618	7364	
3	7563	7364	7618	
3	1940	7564	7274	
3	1941	7631	7564	
3	2017	7274	7631	
3	7564	7631	7274	
3	1943	7619	7362	
3	1833	7352	7619	
3	1835	7362	7352	
3	7619	7352	7362	
3	2017	7631	7633	
3	1941	7632	7631	
3	1934	7633	7632	
3	7631	7632	7633	
3	1954	7634	7635	
3	1951	7615	7634	
3	1948	7635	7615	
3	7634	7615	7635	
3	1955	7280	7637	
3	1942	7636	7280	
3	1954	7637	7636	
3	7280	7636	7637	
3	1944	7363	7638	
3	1835	7158	7363	
3	1785	7638	7158	
3	7363	7158	7638	
3	1934	7632	7639	
3	1941	7620	7632	
3	1943	7639	7620	
3	7632	7620	7639	
3	1945	7640	7641	
3	1944	7638	7640	
3	1785	7641	7638	
3	7640	7638	7641	
3	1943	7361	7643	
3	1944	7642	7361	
3	1949	7643	7642	
3	7361	7642	7643	
3	1783	7216	7195	
3	1945	7641	7216	
3	1785	7195	7641	
3	7216	7641	7195	
3	1946	7328	7644	
3	1945	7215	7328	
3	1781	7644	7215	
3	7328	7215	7644	
3	1915	7567	7222	
3	1946	7644	7567	
3	1781	7222	7644	
3	7567	7644	7222	
3	1946	7569	7339	
3	1914	7621	7569	
3	1947	7339	7621	
3	7569	7621	7339	
3	1914	7574	7622	
3	1933	7645	7574	
3	1948	7622	7645	
3	7574	7645	7622	
3	1949	7340	7647	
3	1947	7646	7340	
3	1934	7647	7646	
3	7340	7646	7647	
3	1952	7648	7649	
3	1948	7645	7648	
3	1933	7649	7645	
3	7648	7645	7649	
3	1947	7616	7646	
3	1951	7650	7616	
3	1934	7646	7650	
3	7616	7650	7646	
3	1943	7643	7639	
3	1949	7647	7643	
3	1934	7639	7647	
3	7643	7647	7639	
3	1949	7642	7327	
3	1944	7640	7642	
3	1945	7327	7640	
3	7642	7640	7327	
3	1933	7651	7649	
3	1953	7614	7651	
3	1952	7649	7614	
3	7651	7614	7649	
3	1925	7652	7653	
3	1950	7607	7652	
3	1963	7653	7607	
3	7652	7607	7653	
3	1948	7648	7635	
3	1952	7654	7648	
3	1954	7635	7654	
3	7648	7654	7635	
3	2017	7655	7657	
3	1951	7656	7655	
3	1942	7657	7656	
3	7655	7656	7657	
3	1933	7658	7651	
3	1983	7659	7658	
3	1953	7651	7659	
3	7658	7659	7651	
3	1952	7613	7654	
3	1950	7660	7613	
3	1954	7654	7660	
3	7613	7660	7654	
3	1974	7661	7663	
3	1973	7662	7661	
3	1975	7663	7662	
3	7661	7662	7663	
3	1975	7664	7663	
3	1953	7665	7664	
3	1974	7663	7665	
3	7664	7665	7663	
3	1955	7637	7666	
3	1954	7660	7637	
3	1950	7666	7660	
3	7637	7660	7666	
3	1951	7634	7656	
3	1954	7636	7634	
3	1942	7656	7636	
3	7634	7636	7656	
3	1963	7667	7669	
3	1975	7668	7667	
3	1976	7669	7668	
3	7667	7668	7669	
3	1960	7670	7672	
3	1866	7671	7670	
3	1958	7672	7671	
3	7670	7671	7672	
3	1985	7673	7674	
3	1903	7548	7673	
3	1900	7674	7548	
3	7673	7548	7674	
3	1935	7413	7623	
3	1958	7671	7413	
3	1866	7623	7671	
3	7413	7671	7623	
3	1974	7675	7661	
3	1810	7676	7675	
3	1973	7661	7676	
3	7675	7676	7661	
3	1960	7588	7670	
3	1972	7677	7588	
3	1866	7670	7677	
3	7588	7677	7670	
3	1919	7601	7415	
3	1956	7678	7601	
3	1958	7415	7678	
3	7601	7678	7415	
3	1971	7679	7681	
3	1955	7680	7679	
3	1957	7681	7680	
3	7679	7680	7681	
3	1950	7652	7666	
3	1925	7604	7652	
3	1955	7666	7604	
3	7652	7604	7666	
3	1964	7605	7683	
3	1925	7682	7605	
3	1962	7683	7682	
3	7605	7682	7683	
3	1971	7684	7685	
3	1958	7678	7684	
3	1956	7685	7678	
3	7684	7678	7685	
3	1988	7686	7688	
3	1987	7687	7686	
3	2004	7688	7687	
3	7686	7687	7688	
3	1957	7689	7691	
3	1964	7690	7689	
3	1966	7691	7690	
3	7689	7690	7691	
3	1966	7692	7691	
3	1968	7693	7692	
3	1957	7691	7693	
3	7692	7693	7691	
3	1980	7694	7696	
3	1967	7695	7694	
3	2000	7696	7695	
3	7694	7695	7696	
3	1971	7543	7684	
3	1960	7672	7543	
3	1958	7684	7672	
3	7543	7672	7684	
3	1965	7697	7699	
3	1978	7698	7697	
3	1977	7699	7698	
3	7697	7698	7699	
3	1962	7682	7700	
3	1925	7653	7682	
3	1963	7700	7653	
3	7682	7653	7700	
3	1955	7603	7680	
3	1964	7689	7603	
3	1957	7680	7689	
3	7603	7689	7680	
3	1961	7701	7596	
3	1985	7702	7701	
3	1988	7596	7702	
3	7701	7702	7596	
3	1977	7703	7705	
3	1979	7704	7703	
3	1682	7705	7704	
3	7703	7704	7705	
3	1962	7706	7683	
3	1966	7690	7706	
3	1964	7683	7690	
3	7706	7690	7683	
3	1980	7696	7708	
3	2000	7707	7696	
3	1978	7708	7707	
3	7696	7707	7708	
3	1903	7673	7597	
3	1985	7701	7673	
3	1961	7597	7701	
3	7673	7701	7597	
3	1968	7692	7710	
3	1966	7709	7692	
3	2000	7710	7709	
3	7692	7709	7710	
3	1967	7711	7713	
3	2002	7712	7711	
3	1968	7713	7712	
3	7711	7712	7713	
3	1957	7693	7715	
3	1968	7714	7693	
3	1970	7715	7714	
3	7693	7714	7715	
3	1988	7716	7686	
3	1986	7717	7716	
3	1987	7686	7717	
3	7716	7717	7686	
3	1928	7718	7720	
3	1969	7719	7718	
3	1986	7720	7719	
3	7718	7719	7720	
3	1968	7721	7714	
3	1969	7722	7721	
3	1970	7714	7722	
3	7721	7722	7714	
3	1972	7589	7723	
3	1970	7722	7589	
3	1969	7723	7722	
3	7589	7722	7723	
3	1955	7679	7281	
3	1971	7685	7679	
3	1956	7281	7685	
3	7679	7685	7281	
3	1957	7715	7681	
3	1970	7544	7715	
3	1971	7681	7544	
3	7715	7544	7681	
3	1969	7718	7723	
3	1928	7724	7718	
3	1972	7723	7724	
3	7718	7724	7723	
3	1866	7677	7625	
3	1972	7724	7677	
3	1928	7625	7724	
3	7677	7724	7625	
3	1973	7725	7662	
3	1976	7668	7725	
3	1975	7662	7668	
3	7725	7668	7662	
3	1975	7667	7664	
3	1963	7609	7667	
3	1953	7664	7609	
3	7667	7609	7664	
3	1953	7726	7665	
3	1931	7727	7726	
3	1974	7665	7727	
3	7726	7727	7665	
3	1810	7675	7728	
3	1974	7727	7675	
3	1931	7728	7727	
3	7675	7727	7728	
3	1976	7725	7730	
3	1973	7729	7725	
3	1682	7730	7729	
3	7725	7729	7730	
3	1978	7697	7708	
3	1965	7731	7697	
3	1980	7708	7731	
3	7697	7731	7708	
3	1962	7700	7584	
3	1963	7669	7700	
3	1976	7584	7669	
3	7700	7669	7584	
3	1962	7732	7706	
3	1978	7733	7732	
3	1966	7706	7733	
3	7732	7733	7706	
3	1962	7583	7732	
3	1979	7734	7583	
3	1978	7732	7734	
3	7583	7734	7732	
3	1682	7704	7730	
3	1979	7582	7704	
3	1976	7730	7582	
3	7704	7582	7730	
3	1978	7734	7698	
3	1979	7703	7734	
3	1977	7698	7703	
3	7734	7703	7698	
3	1959	7735	7737	
3	2005	7736	7735	
3	2001	7737	7736	
3	7735	7736	7737	
3	1993	7738	7740	
3	1991	7739	7738	
3	1992	7740	7739	
3	7738	7739	7740	
3	1982	7292	7742	
3	1984	7741	7292	
3	1683	7742	7741	
3	7292	7741	7742	
3	1983	7611	7743	
3	1981	7290	7611	
3	1931	7743	7290	
3	7611	7290	7743	
3	1984	7744	7741	
3	1808	7269	7744	
3	1683	7741	7269	
3	7744	7269	7741	
3	1810	7728	7745	
3	1931	7293	7728	
3	1982	7745	7293	
3	7728	7293	7745	
3	1953	7659	7726	
3	1983	7743	7659	
3	1931	7726	7743	
3	7659	7743	7726	
3	1813	7610	7612	
3	1983	7658	7610	
3	1933	7612	7658	
3	7610	7658	7612	
3	1984	7288	7744	
3	1812	6954	7288	
3	1808	7744	6954	
3	7288	6954	7744	
3	1900	7746	7674	
3	1986	7747	7746	
3	1985	7674	7747	
3	7746	7747	7674	
3	2002	7748	7749	
3	1986	7719	7748	
3	1969	7749	7719	
3	7748	7719	7749	
3	1928	7720	7592	
3	1986	7746	7720	
3	1900	7592	7746	
3	7720	7746	7592	
3	1969	7721	7749	
3	1968	7712	7721	
3	2002	7749	7712	
3	7721	7712	7749	
3	1999	7750	7751	
3	2005	7735	7750	
3	1959	7751	7735	
3	7750	7735	7751	
3	1987	7752	7754	
3	2002	7753	7752	
3	2003	7754	7753	
3	7752	7753	7754	
3	1986	7716	7747	
3	1988	7702	7716	
3	1985	7747	7702	
3	7716	7702	7747	
3	2005	7750	7756	
3	1999	7755	7750	
3	2004	7756	7755	
3	7750	7755	7756	
3	1997	7757	7759	
3	1922	7758	7757	
3	1995	7759	7758	
3	7757	7758	7759	
3	1995	7599	7761	
3	1927	7760	7599	
3	1994	7761	7760	
3	7599	7760	7761	
3	1993	7762	7764	
3	1999	7763	7762	
3	2008	7764	7763	
3	7762	7763	7764	
3	1961	7595	7451	
3	1990	7765	7595	
3	1992	7451	7765	
3	7595	7765	7451	
3	1993	7740	7766	
3	1992	7765	7740	
3	1990	7766	7765	
3	7740	7765	7766	
3	1998	7767	7769	
3	3	7768	7767	
3	2006	7769	7768	
3	7767	7768	7769	
3	1994	7449	7770	
3	1992	7739	7449	
3	1991	7770	7739	
3	7449	7739	7770	
3	1999	7762	7771	
3	1993	7766	7762	
3	1990	7771	7766	
3	7762	7766	7771	
3	3	7772	7768	
3	1996	7773	7772	
3	2006	7768	7773	
3	7772	7773	7768	
3	1995	7761	7774	
3	1994	7770	7761	
3	1991	7774	7770	
3	7761	7770	7774	
3	1994	7760	7551	
3	1927	7586	7760	
3	1924	7551	7586	
3	7760	7586	7551	
3	1922	7757	7776	
3	1997	7775	7757	
3	1996	7776	7775	
3	7757	7775	7776	
3	1995	7758	7600	
3	1922	7777	7758	
3	1923	7600	7777	
3	7758	7777	7600	
3	1995	7774	7759	
3	1991	7778	7774	
3	1997	7759	7778	
3	7774	7778	7759	
3	2006	7779	7780	
3	1991	7738	7779	
3	1993	7780	7738	
3	7779	7738	7780	
3	1989	7781	7782	
3	1998	7769	7781	
3	2006	7782	7769	
3	7781	7769	7782	
3	1991	7779	7778	
3	2006	7783	7779	
3	1997	7778	7783	
3	7779	7783	7778	
3	1996	7775	7773	
3	1997	7783	7775	
3	2006	7773	7783	
3	7775	7783	7773	
3	1990	7594	7784	
3	1988	7688	7594	
3	2004	7784	7688	
3	7594	7688	7784	
3	2008	7785	7764	
3	1989	7786	7785	
3	1993	7764	7786	
3	7785	7786	7764	
3	1968	7710	7713	
3	2000	7695	7710	
3	1967	7713	7695	
3	7710	7695	7713	
3	1978	7707	7733	
3	2000	7709	7707	
3	1966	7733	7709	
3	7707	7709	7733	
3	2003	7753	7787	
3	2002	7711	7753	
3	1967	7787	7711	
3	7753	7711	7787	
3	1980	7731	7789	
3	1965	7788	7731	
3	2001	7789	7788	
3	7731	7788	7789	
3	1986	7748	7717	
3	2002	7752	7748	
3	1987	7717	7752	
3	7748	7752	7717	
3	1980	7790	7694	
3	2003	7787	7790	
3	1967	7694	7787	
3	7790	7787	7694	
3	2003	7791	7792	
3	2005	7756	7791	
3	2004	7792	7756	
3	7791	7756	7792	
3	1990	7784	7771	
3	2004	7755	7784	
3	1999	7771	7755	
3	7784	7755	7771	
3	1987	7754	7687	
3	2003	7792	7754	
3	2004	7687	7792	
3	7754	7792	7687	
3	2003	7790	7791	
3	1980	7793	7790	
3	2005	7791	7793	
3	7790	7793	7791	
3	2001	7736	7789	
3	2005	7793	7736	
3	1980	7789	7793	
3	7736	7793	7789	
3	1989	7782	7786	
3	2006	7780	7782	
3	1993	7786	7780	
3	7782	7780	7786	
3	1999	7794	7763	
3	2007	7795	7794	
3	2008	7763	7795	
3	7794	7795	7763	
3	1999	7751	7794	
3	1959	7796	7751	
3	2007	7794	7796	
3	7751	7796	7794	
3	1989	7785	7797	
3	2008	7795	7785	
3	2007	7797	7795	
3	7785	7795	7797	
3	575	2898	3803	
3	2009	2933	2898	
3	256	3803	2933	
3	2898	2933	3803	
3	406	3348	3357	
3	2009	2900	3348	
3	273	3357	2900	
3	3348	2900	3357	
3	2010	4453	4480	
3	25	7798	4453	
3	821	4480	7798	
3	4453	7798	4480	
3	810	2061	4410	
3	2010	4469	2061	
3	26	4410	4469	
3	2061	4469	4410	
3	822	4448	4475	
3	2011	4426	4448	
3	799	4475	4426	
3	4448	4426	4475	
3	836	4506	4516	
3	2011	4447	4506	
3	805	4516	4447	
3	4506	4447	4516	
3	1323	5879	5904	
3	1320	7799	5879	
3	2012	5904	7799	
3	5879	7799	5904	
3	1561	6573	6215	
3	2012	7799	6573	
3	1320	6215	7799	
3	6573	7799	6215	
3	1546	6131	6555	
3	2013	5827	6131	
3	1365	6555	5827	
3	6131	5827	6555	
3	1432	6557	6559	
3	2013	6130	6557	
3	1547	6559	6130	
3	6557	6130	6559	
3	1396	5871	6113	
3	2014	6563	5871	
3	1393	6113	6563	
3	5871	6563	6113	
3	1397	6200	6218	
3	2014	5870	6200	
3	1414	6218	5870	
3	6200	5870	6218	
3	1401	6142	6095	
3	2015	6219	6142	
3	1414	6095	6219	
3	6142	6219	6095	
3	1289	6565	6264	
3	2015	6141	6565	
3	1420	6264	6141	
3	6565	6141	6264	
3	1582	6628	6639	
3	2016	6578	6628	
3	1591	6639	6578	
3	6628	6578	6639	
3	1670	6717	6887	
3	2016	6627	6717	
3	1592	6887	6627	
3	6717	6627	6887	
3	1951	7655	7650	
3	2017	7633	7655	
3	1934	7650	7633	
3	7655	7633	7650	
3	1919	7275	7602	
3	2017	7657	7275	
3	1942	7602	7657	
3	7275	7657	7602	
CELL_TYPES 15060
5 5 5 5 5 5 5 5 5 5 5 5 5 5 5 5 5 5 5 5 5 5 5 5 5 5 5 5 5 5 5 5 5 5 5 5 5 5 5 5 5 5 5 5 5 5 5 5 5 5 5 5 5 5 5 5 5 5 5 5 5 5 5 5 5 5 5 5 5 5 5 5 5 5 5 5 5 5 5 5 5 5 5 5 5 5 5 5 5 5 5 5 5 5 5 5 5 5 5 5 5 5 5 5 5 5 5 5 5 5 5 5 5 5 5 5 5 5 5 5 5 5 5 5 5 5 5 5 5 5 5 5 5 5 5 5 5 5 5 5 5 5 5 5 5 5 5 5 5 5 5 5 5 5 5 5 5 5 5 5 5 5 5 5 5 5 5 5 5 5 5 5 5 5 5 5 5 5 5 5 5 5 5 5 5 5 5 5 5 5 5 5 5 5 5 5 5 5 5 5 5 5 5 5 5 5 5 5 5 5 5 5 5 5 5 5 5 5 5 5 5 5 5 5 5 5 5 5 5 5 5 5 5 5 5 5 5 5 5 5 5 5 5 5 5 5 5 5 5 5 5 5 5 5 5 5 5 5 5 5 5 5 5 5 5 5 5 5 5 5 5 5 5 5 5 5 5 5 5 5 5 5 5 5 5 5 5 5 5 5 5 5 5 5 5 5 5 5 5 5 5 5 5 5 5 5 5 5 5 5 5 5 5 5 5 5 5 5 5 5 5 5 5 5 5 5 5 5 5 5 5 5 5 5 5 5 5 5 5 5 5 5 5 5 5 5 5 5 5 5 5 5 5 5 5 5 5 5 5 5 5 5 5 5 5 5 5 5 5 5 5 5 5 5 5 5 5 5 5 5 5 5 5 5 5 5 5 5 5 5 5 5 5 5 5 5 5 5 5 5 5 5 5 5 5 5 5 5 5 5 5 5 5 5 5 5 5 5 5 5 5 5 5 5 5 5 5 5 5 5 5 5 5 5 5 5 5 5 5 5 5 5 5 5 5 5 5 5 5 5 5 5 5 5 5 5 5 5 5 5 5 5 5 5 5 5 5 5 5 5 5 5 5 5 5 5 5 5 5 5 5 5 5 5 5 5 5 5 5 5 5 5 5 5 5 5 5 5 5 5 5 5 5 5 5 5 5 5 5 5 5 5 5 5 5 5 5 5 5 5 5 5 5 5 5 5 5 5 5 5 5 5 5 5 5 5 5 5 5 5 5 5 5 5 5 5 5 5 5 5 5 5 5 5 5 5 5 5 5 5 5 5 5 5 5 5 5 5 5 5 5 5 5 5 5 5 5 5 5 5 5 5 5 5 5 5 5 5 5 5 5 5 5 5 5 5 5 5 5 5 5 5 5 5 5 5 5 5 5 5 5 5 5 5 5 5 5 5 5 5 5 5 5 5 5 5 5 5 5 5 5 5 5 5 5 5 5 5 5 5 5 5 5 5 5 5 5 5 5 5 5 5 5 5 5 5 5 5 5 5 5 5 5 5 5 5 5 5 5 5 5 5 5 5 5 5 5 5 5 5 5 5 5 5 5 5 5 5 5 5 5 5 5 5 5 5 5 5 5 5 5 5 5 5 5 5 5 5 5 5 5 5 5 5 5 5 5 5 5 5 5 5 5 5 5 5 5 5 5 5 5 5 5 5 5 5 5 5 5 5 5 5 5 5 5 5 5 5 5 5 5 5 5 5 5 5 5 5 5 5 5 5 5 5 5 5 5 5 5 5 5 5 5 5 5 5 5 5 5 5 5 5 5 5 5 5 5 5 5 5 5 5 5 5 5 5 5 5 5 5 5 5 5 5 5 5 5 5 5 5 5 5 5 5 5 5 5 5 5 5 5 5 5 5 5 5 5 5 5 5 5 5 5 5 5 5 5 5 5 5 5 5 5 5 5 5 5 5 5 5 5 5 5 5 5 5 5 5 5 5 5 5 5 5 5 5 5 5 5 5 5 5 5 5 5 5 5 5 5 5 5 5 5 5 5 5 5 5 5 5 5 5 5 5 5 5 5 5 5 5 5 5 5 5 5 5 5 5 5 5 5 5 5 5 5 5 5 5 5 5 5 5 5 5 5 5 5 5 5 5 5 5 5 5 5 5 5 5 5 5 5 5 5 5 5 5 5 5 5 5 5 5 5 5 5 5 5 5 5 5 5 5 5 5 5 5 5 5 5 5 5 5 5 5 5 5 5 5 5 5 5 5 5 5 5 5 5 5 5 5 5 5 5 5 5 5 5 5 5 5 5 5 5 5 5 5 5 5 5 5 5 5 5 5 5 5 5 5 5 5 5 5 5 5 5 5 5 5 5 5 5 5 5 5 5 5 5 5 5 5 5 5 5 5 5 5 5 5 5 5 5 5 5 5 5 5 5 5 5 5 5 5 5 5 5 5 5 5 5 5 5 5 5 5 5 5 5 5 5 5 5 5 5 5 5 5 5 5 5 5 5 5 5 5 5 5 5 5 5 5 5 5 5 5 5 5 5 5 5 5 5 5 5 5 5 5 5 5 5 5 5 5 5 5 5 5 5 5 5 5 5 5 5 5 5 5 5 5 5 5 5 5 5 5 5 5 5 5 5 5 5 5 5 5 5 5 5 5 5 5 5 5 5 5 5 5 5 5 5 5 5 5 5 5 5 5 5 5 5 5 5 5 5 5 5 5 5 5 5 5 5 5 5 5 5 5 5 5 5 5 5 5 5 5 5 5 5 5 5 5 5 5 5 5 5 5 5 5 5 5 5 5 5 5 5 5 5 5 5 5 5 5 5 5 5 5 5 5 5 5 5 5 5 5 5 5 5 5 5 5 5 5 5 5 5 5 5 5 5 5 5 5 5 5 5 5 5 5 5 5 5 5 5 5 5 5 5 5 5 5 5 5 5 5 5 5 5 5 5 5 5 5 5 5 5 5 5 5 5 5 5 5 5 5 5 5 5 5 5 5 5 5 5 5 5 5 5 5 5 5 5 5 5 5 5 5 5 5 5 5 5 5 5 5 5 5 5 5 5 5 5 5 5 5 5 5 5 5 5 5 5 5 5 5 5 5 5 5 5 5 5 5 5 5 5 5 5 5 5 5 5 5 5 5 5 5 5 5 5 5 5 5 5 5 5 5 5 5 5 5 5 5 5 5 5 5 5 5 5 5 5 5 5 5 5 5 5 5 5 5 5 5 5 5 5 5 5 5 5 5 5 5 5 5 5 5 5 5 5 5 5 5 5 5 5 5 5 5 5 5 5 5 5 5 5 5 5 5 5 5 5 5 5 5 5 5 5 5 5 5 5 5 5 5 5 5 5 5 5 5 5 5 5 5 5 5 5 5 5 5 5 5 5 5 5 5 5 5 5 5 5 5 5 5 5 5 5 5 5 5 5 5 5 5 5 5 5 5 5 5 5 5 5 5 5 5 5 5 5 5 5 5 5 5 5 5 5 5 5 5 5 5 5 5 5 5 5 5 5 5 5 5 5 5 5 5 5 5 5 5 5 5 5 5 5 5 5 5 5 5 5 5 5 5 5 5 5 5 5 5 5 5 5 5 5 5 5 5 5 5 5 5 5 5 5 5 5 5 5 5 5 5 5 5 5 5 5 5 5 5 5 5 5 5 5 5 5 5 5 5 5 5 5 5 5 5 5 5 5 5 5 5 5 5 5 5 5 5 5 5 5 5 5 5 5 5 5 5 5 5 5 5 5 5 5 5 5 5 5 5 5 5 5 5 5 5 5 5 5 5 5 5 5 5 5 5 5 5 5 5 5 5 5 5 5 5 5 5 5 5 5 5 5 5 5 5 5 5 5 5 5 5 5 5 5 5 5 5 5 5 5 5 5 5 5 5 5 5 5 5 5 5 5 5 5 5 5 5 5 5 5 5 5 5 5 5 5 5 5 5 5 5 5 5 5 5 5 5 5 5 5 5 5 5 5 5 5 5 5 5 5 5 5 5 5 5 5 5 5 5 5 5 5 5 5 5 5 5 5 5 5 5 5 5 5 5 5 5 5 5 5 5 5 5 5 5 5 5 5 5 5 5 5 5 5 5 5 5 5 5 5 5 5 5 5 5 5 5 5 5 5 5 5 5 5 5 5 5 5 5 5 5 5 5 5 5 5 5 5 5 5 5 5 5 5 5 5 5 5 5 5 5 5 5 5 5 5 5 5 5 5 5 5 5 5 5 5 5 5 5 5 5 5 5 5 5 5 5 5 5 5 5 5 5 5 5 5 5 5 5 5 5 5 5 5 5 5 5 5 5 5 5 5 5 5 5 5 5 5 5 5 5 5 5 5 5 5 5 5 5 5 5 5 5 5 5 5 5 5 5 5 5 5 5 5 5 5 5 5 5 5 5 5 5 5 5 5 5 5 5 5 5 5 5 5 5 5 5 5 5 5 5 5 5 5 5 5 5 5 5 5 5 5 5 5 5 5 5 5 5 5 5 5 5 5 5 5 5 5 5 5 5 5 5 5 5 5 5 5 5 5 5 5 5 5 5 5 5 5 5 5 5 5 5 5 5 5 5 5 5 5 5 5 5 5 5 5 5 5 5 5 5 5 5 5 5 5 5 5 5 5 5 5 5 5 5 5 5 5 5 5 5 5 5 5 5 5 5 5 5 5 5 5 5 5 5 5 5 5 5 5 5 5 5 5 5 5 5 5 5 5 5 5 5 5 5 5 5 5 5 5 5 5 5 5 5 5 5 5 5 5 5 5 5 5 5 5 5 5 5 5 5 5 5 5 5 5 5 5 5 5 5 5 5 5 5 5 5 5 5 5 5 5 5 5 5 5 5 5 5 5 5 5 5 5 5 5 5 5 5 5 5 5 5 5 5 5 5 5 5 5 5 5 5 5 5 5 5 5 5 5 5 5 5 5 5 5 5 5 5 5 5 5 5 5 5 5 5 5 5 5 5 5 5 5 5 5 5 5 5 5 5 5 5 5 5 5 5 5 5 5 5 5 5 5 5 5 5 5 5 5 5 5 5 5 5 5 5 5 5 5 5 5 5 5 5 5 5 5 5 5 5 5 5 5 5 5 5 5 5 5 5 5 5 5 5 5 5 5 5 5 5 5 5 5 5 5 5 5 5 5 5 5 5 5 5 5 5 5 5 5 5 5 5 5 5 5 5 5 5 5 5 5 5 5 5 5 5 5 5 5 5 5 5 5 5 5 5 5 5 5 5 5 5 5 5 5 5 5 5 5 5 5 5 5 5 5 5 5 5 5 5 5 5 5 5 5 5 5 5 5 5 5 5 5 5 5 5 5 5 5 5 5 5 5 5 5 5 5 5 5 5 5 5 5 5 5 5 5 5 5 5 5 5 5 5 5 5 5 5 5 5 5 5 5 5 5 5 5 5 5 5 5 5 5 5 5 5 5 5 5 5 5 5 5 5 5 5 5 5 5 5 5 5 5 5 5 5 5 5 5 5 5 5 5 5 5 5 5 5 5 5 5 5 5 5 5 5 5 5 5 5 5 5 5 5 5 5 5 5 5 5 5 5 5 5 5 5 5 5 5 5 5 5 5 5 5 5 5 5 5 5 5 5 5 5 5 5 5 5 5 5 5 5 5 5 5 5 5 5 5 5 5 5 5 5 5 5 5 5 5 5 5 5 5 5 5 5 5 5 5 5 5 5 5 5 5 5 5 5 5 5 5 5 5 5 5 5 5 5 5 5 5 5 5 5 5 5 5 5 5 5 5 5 5 5 5 5 5 5 5 5 5 5 5 5 5 5 5 5 5 5 5 5 5 5 5 5 5 5 5 5 5 5 5 5 5 5 5 5 5 5 5 5 5 5 5 5 5 5 5 5 5 5 5 5 5 5 5 5 5 5 5 5 5 5 5 5 5 5 5 5 5 5 5 5 5 5 5 5 5 5 5 5 5 5 5 5 5 5 5 5 5 5 5 5 5 5 5 5 5 5 5 5 5 5 5 5 5 5 5 5 5 5 5 5 5 5 5 5 5 5 5 5 5 5 5 5 5 5 5 5 5 5 5 5 5 5 5 5 5 5 5 5 5 5 5 5 5 5 5 5 5 5 5 5 5 5 5 5 5 5 5 5 5 5 5 5 5 5 5 5 5 5 5 5 5 5 5 5 5 5 5 5 5 5 5 5 5 5 5 5 5 5 5 5 5 5 5 5 5 5 5 5 5 5 5 5 5 5 5 5 5 5 5 5 5 5 5 5 5 5 5 5 5 5 5 5 5 5 5 5 5 5 5 5 5 5 5 5 5 5 5 5 5 5 5 5 5 5 5 5 5 5 5 5 5 5 5 5 5 5 5 5 5 5 5 5 5 5 5 5 5 5 5 5 5 5 5 5 5 5 5 5 5 5 5 5 5 5 5 5 5 5 5 5 5 5 5 5 5 5 5 5 5 5 5 5 5 5 5 5 5 5 5 5 5 5 5 5 5 5 5 5 5 5 5 5 5 5 5 5 5 5 5 5 5 5 5 5 5 5 5 5 5 5 5 5 5 5 5 5 5 5 5 5 5 5 5 5 5 5 5 5 5 5 5 5 5 5 5 5 5 5 5 5 5 5 5 5 5 5 5 5 5 5 5 5 5 5 5 5 5 5 5 5 5 5 5 5 5 5 5 5 5 5 5 5 5 5 5 5 5 5 5 5 5 5 5 5 5 5 5 5 5 5 5 5 5 5 5 5 5 5 5 5 5 5 5 5 5 5 5 5 5 5 5 5 5 5 5 5 5 5 5 5 5 5 5 5 5 5 5 5 5 5 5 5 5 5 5 5 5 5 5 5 5 5 5 5 5 5 5 5 5 5 5 5 5 5 5 5 5 5 5 5 5 5 5 5 5 5 5 5 5 5 5 5 5 5 5 5 5 5 5 5 5 5 5 5 5 5 5 5 5 5 5 5 5 5 5 5 5 5 5 5 5 5 5 5 5 5 5 5 5 5 5 5 5 5 5 5 5 5 5 5 5 5 5 5 5 5 5 5 5 5 5 5 5 5 5 5 5 5 5 5 5 5 5 5 5 5 5 5 5 5 5 5 5 5 5 5 5 5 5 5 5 5 5 5 5 5 5 5 5 5 5 5 5 5 5 5 5 5 5 5 5 5 5 5 5 5 5 5 5 5 5 5 5 5 5 5 5 5 5 5 5 5 5 5 5 5 5 5 5 5 5 5 5 5 5 5 5 5 5 5 5 5 5 5 5 5 5 5 5 5 5 5 5 5 5 5 5 5 5 5 5 5 5 5 5 5 5 5 5 5 5 5 5 5 5 5 5 5 5 5 5 5 5 5 5 5 5 5 5 5 5 5 5 5 5 5 5 5 5 5 5 5 5 5 5 5 5 5 5 5 5 5 5 5 5 5 5 5 5 5 5 5 5 5 5 5 5 5 5 5 5 5 5 5 5 5 5 5 5 5 5 5 5 5 5 5 5 5 5 5 5 5 5 5 5 5 5 5 5 5 5 5 5 5 5 5 5 5 5 5 5 5 5 5 5 5 5 5 5 5 5 5 5 5 5 5 5 5 5 5 5 5 5 5 5 5 5 5 5 5 5 5 5 5 5 5 5 5 5 5 5 5 5 5 5 5 5 5 5 5 5 5 5 5 5 5 5 5 5 5 5 5 5 5 5 5 5 5 5 5 5 5 5 5 5 5 5 5 5 5 5 5 5 5 5 5 5 5 5 5 5 5 5 5 5 5 5 5 5 5 5 5 5 5 5 5 5 5 5 5 5 5 5 5 5 5 5 5 5 5 5 5 5 5 5 5 5 5 5 5 5 5 5 5 5 5 5 5 5 5 5 5 5 5 5 5 5 5 5 5 5 5 5 5 5 5 5 5 5 5 5 5 5 5 5 5 5 5 5 5 5 5 5 5 5 5 5 5 5 5 5 5 5 5 5 5 5 5 5 5 5 5 5 5 5 5 5 5 5 5 5 5 5 5 5 5 5 5 5 5 5 5 5 5 5 5 5 5 5 5 5 5 5 5 5 5 5 5 5 5 5 5 5 5 5 5 5 5 5 5 5 5 5 5 5 5 5 5 5 5 5 5 5 5 5 5 5 5 5 5 5 5 5 5 5 5 5 5 5 5 5 5 5 5 5 5 5 5 5 5 5 5 5 5 5 5 5 5 5 5 5 5 5 5 5 5 5 5 5 5 5 5 5 5 5 5 5 5 5 5 5 5 5 5 5 5 5 5 5 5 5 5 5 5 5 5 5 5 5 5 5 5 5 5 5 5 5 5 5 5 5 5 5 5 5 5 5 5 5 5 5 5 5 5 5 5 5 5 5 5 5 5 5 5 5 5 5 5 5 5 5 5 5 5 5 5 5 5 5 5 5 5 5 5 5 5 5 5 5 5 5 5 5 5 5 5 5 5 5 5 5 5 5 5 5 5 5 5 5 5 5 5 5 5 5 5 5 5 5 5 5 5 5 5 5 5 5 5 5 5 5 5 5 5 5 5 5 5 5 5 5 5 5 5 5 5 5 5 5 5 5 5 5 5 5 5 5 5 5 5 5 5 5 5 5 5 5 5 5 5 5 5 5 5 5 5 5 5 5 5 5 5 5 5 5 5 5 5 5 5 5 5 5 5 5 5 5 5 5 5 5 5 5 5 5 5 5 5 5 5 5 5 5 5 5 5 5 5 5 5 5 5 5 5 5 5 5 5 5 5 5 5 5 5 5 5 5 5 5 5 5 5 5 5 5 5 5 5 5 5 5 5 5 5 5 5 5 5 5 5 5 5 5 5 5 5 5 5 5 5 5 5 5 5 5 5 5 5 5 5 5 5 5 5 5 5 5 5 5 5 5 5 5 5 5 5 5 5 5 5 5 5 5 5 5 5 5 5 5 5 5 5 5 5 5 5 5 5 5 5 5 5 5 5 5 5 5 5 5 5 5 5 5 5 5 5 5 5 5 5 5 5 5 5 5 5 5 5 5 5 5 5 5 5 5 5 5 5 5 5 5 5 5 5 5 5 5 5 5 5 5 5 5 5 5 5 5 5 5 5 5 5 5 5 5 5 5 5 5 5 5 5 5 5 5 5 5 5 5 5 5 5 5 5 5 5 5 5 5 5 5 5 5 5 5 5 5 5 5 5 5 5 5 5 5 5 5 5 5 5 5 5 5 5 5 5 5 5 5 5 5 5 5 5 5 5 5 5 5 5 5 5 5 5 5 5 5 5 5 5 5 5 5 5 5 5 5 5 5 5 5 5 5 5 5 5 5 5 5 5 5 5 5 5 5 5 5 5 5 5 5 5 5 5 5 5 5 5 5 5 5 5 5 5 5 5 5 5 5 5 5 5 5 5 5 5 5 5 5 5 5 5 5 5 5 5 5 5 5 5 5 5 5 5 5 5 5 5 5 5 5 5 5 5 5 5 5 5 5 5 5 5 5 5 5 5 5 5 5 5 5 5 5 5 5 5 5 5 5 5 5 5 5 5 5 5 5 5 5 5 5 5 5 5 5 5 5 5 5 5 5 5 5 5 5 5 5 5 5 5 5 5 5 5 5 5 5 5 5 5 5 5 5 5 5 5 5 5 5 5 5 5 5 5 5 5 5 5 5 5 5 5 5 5 5 5 5 5 5 5 5 5 5 5 5 5 5 5 5 5 5 5 5 5 5 5 5 5 5 5 5 5 5 5 5 5 5 5 5 5 5 5 5 5 5 5 5 5 5 5 5 5 5 5 5 5 5 5 5 5 5 5 5 5 5 5 5 5 5 5 5 5 5 5 5 5 5 5 5 5 5 5 5 5 5 5 5 5 5 5 5 5 5 5 5 5 5 5 5 5 5 5 5 5 5 5 5 5 5 5 5 5 5 5 5 5 5 5 5 5 5 5 5 5 5 5 5 5 5 5 5 5 5 5 5 5 5 5 5 5 5 5 5 5 5 5 5 5 5 5 5 5 5 5 5 5 5 5 5 5 5 5 5 5 5 5 5 5 5 5 5 5 5 5 5 5 5 5 5 5 5 5 5 5 5 5 5 5 5 5 5 5 5 5 5 5 5 5 5 5 5 5 5 5 5 5 5 5 5 5 5 5 5 5 5 5 5 5 5 5 5 5 5 5 5 5 5 5 5 5 5 5 5 5 5 5 5 5 5 5 5 5 5 5 5 5 5 5 5 5 5 5 5 5 5 5 5 5 5 5 5 5 5 5 5 5 5 5 5 5 5 5 5 5 5 5 5 5 5 5 5 5 5 5 5 5 5 5 5 5 5 5 5 5 5 5 5 5 5 5 5 5 5 5 5 5 5 5 5 5 5 5 5 5 5 5 5 5 5 5 5 5 5 5 5 5 5 5 5 5 5 5 5 5 5 5 5 5 5 5 5 5 5 5 5 5 5 5 5 5 5 5 5 5 5 5 5 5 5 5 5 5 5 5 5 5 5 5 5 5 5 5 5 5 5 5 5 5 5 5 5 5 5 5 5 5 5 5 5 5 5 5 5 5 5 5 5 5 5 5 5 5 5 5 5 5 5 5 5 5 5 5 5 5 5 5 5 5 5 5 5 5 5 5 5 5 5 5 5 5 5 5 5 5 5 5 5 5 5 5 5 5 5 5 5 5 5 5 5 5 5 5 5 5 5 5 5 5 5 5 5 5 5 5 5 5 5 5 5 5 5 5 5 5 5 5 5 5 5 5 5 5 5 5 5 5 5 5 5 5 5 5 5 5 5 5 5 5 5 5 5 5 5 5 5 5 5 5 5 5 5 5 5 5 5 5 5 5 5 5 5 5 5 5 5 5 5 5 5 5 5 5 5 5 5 5 5 5 5 5 5 5 5 5 5 5 5 5 5 5 5 5 5 5 5 5 5 5 5 5 5 5 5 5 5 5 5 5 5 5 5 5 5 5 5 5 5 5 5 5 5 5 5 5 5 5 5 5 5 5 5 5 5 5 5 5 5 5 5 5 5 5 5 5 5 5 5 5 5 5 5 5 5 5 5 5 5 5 5 5 5 5 5 5 5 5 5 5 5 5 5 5 5 5 5 5 5 5 5 5 5 5 5 5 5 5 5 5 5 5 5 5 5 5 5 5 5 5 5 5 5 5 5 5 5 5 5 5 5 5 5 5 5 5 5 5 5 5 5 5 5 5 5 5 5 5 5 5 5 5 5 5 5 5 5 5 5 5 5 5 5 5 5 5 5 5 5 5 5 5 5 5 5 5 5 5 5 5 5 5 5 5 5 5 5 5 5 5 5 5 5 5 5 5 5 5 5 5 5 5 5 5 5 5 5 5 5 5 5 5 5 5 5 5 5 5 5 5 5 5 5 5 5 5 5 5 5 5 5 5 5 5 5 5 5 5 5 5 5 5 5 5 5 5 5 5 5 5 5 5 5 5 5 5 5 5 5 5 5 5 5 5 5 5 5 5 5 5 5 5 5 5 5 5 5 5 5 5 5 5 5 5 5 5 5 5 5 5 5 5 5 5 5 5 5 5 5 5 5 5 5 5 5 5 5 5 5 5 5 5 5 5 5 5 5 5 5 5 5 5 5 5 5 5 5 5 5 5 5 5 5 5 5 5 5 5 5 5 5 5 5 5 5 5 5 5 5 5 5 5 5 5 5 5 5 5 5 5 5 5 5 5 5 5 5 5 5 5 5 5 5 5 5 5 5 5 5 5 5 5 5 5 5 5 5 5 5 5 5 5 5 5 5 5 5 5 5 5 5 5 5 5 5 5 5 5 5 5 5 5 5 5 5 5 5 5 5 5 5 5 5 5 5 5 5 5 5 5 5 5 5 5 5 5 5 5 5 5 5 5 5 5 5 5 5 5 5 5 5 5 5 5 5 5 5 5 5 5 5 5 5 5 5 5 5 5 5 5 5 5 5 5 5 5 5 5 5 5 5 5 5 5 5 5 5 5 5 5 5 5 5 5 5 5 5 5 5 5 5 5 5 5 5 5 5 5 5 5 5 5 5 5 5 5 5 5 5 5 5 5 5 5 5 5 5 5 5 5 5 5 5 5 5 5 5 5 5 5 5 5 5 5 5 5 5 5 5 5 5 5 5 5 5 5 5 5 5 5 5 5 5 5 5 5 5 5 5 5 5 5 5 5 5 5 5 5 5 5 5 5 5 5 5 5 5 5 5 5 5 5 5 5 5 5 5 5 5 5 5 5 5 5 5 5 5 5 5 5 5 5 5 5 5 5 5 5 5 5 5 5 5 5 5 5 5 5 5 5 5 5 5 5 5 5 5 5 5 5 5 5 5 5 5 5 5 5 5 5 5 5 5 5 5 5 5 5 5 5 5 5 5 5 5 5 5 5 5 5 5 5 5 5 5 5 5 5 5 5 5 5 5 5 5 5 5 5 5 5 5 5 5 5 5 5 5 5 5 5 5 5 5 5 5 5 5 5 5 5 5 5 5 5 5 5 5 5 5 5 5 5 5 5 5 5 5 5 5 5 5 5 5 5 5 5 5 5 5 5 5 5 5 5 5 5 5 5 5 5 5 5 5 5 5 5 5 5 5 5 5 5 5 5 5 5 5 5 5 5 5 5 5 5 5 5 5 5 5 5 5 5 5 5 5 5 5 5 5 5 5 5 5 5 5 5 5 5 5 5 5 5 5 5 5 5 5 5 5 5 5 5 5 5 5 5 5 5 5 5 5 5 5 5 5 5 5 5 5 5 5 5 5 5 5 5 5 5 5 5 5 5 5 5 5 5 5 5 5 5 5 5 5 5 5 5 5 5 5 5 5 5 5 5 5 5 5 5 5 5 5 5 5 5 5 5 5 5 5 5 5 5 5 5 5 5 5 5 5 5 5 5 5 5 5 5 5 5 5 5 5 5 5 5 5 5 5 5 5 5 5 5 5 5 5 5 5 5 5 5 5 5 5 5 5 5 5 5 5 5 5 5 5 5 5 5 5 5 5 5 5 5 5 5 5 5 5 5 5 5 5 5 5 5 5 5 5 5 5 5 5 5 5 5 5 5 5 5 5 5 5 5 5 5 5 5 5 5 5 5 5 5 5 5 5 5 5 5 5 5 5 5 5 5 5 5 5 5 5 5 5 5 5 5 5 5 5 5 5 5 5 5 5 5 5 5 5 5 5 5 5 5 5 5 5 5 5 5 5 5 5 5 5 5 5 5 5 5 5 5 5 5 5 5 5 5 5 5 5 5 5 5 5 5 5 5 5 5 5 5 5 5 5 5 5 5 5 5 5 5 5 5 5 5 5 5 5 5 5 5 5 5 5 5 5 5 5 5 5 5 5 5 5 5 5 5 5 5 5 5 5 5 5 5 5 5 5 5 5 5 5 5 5 5 5 5 5 5 5 5 5 5 5 5 5 5 5 5 5 5 5 5 5 5 5 5 5 5 5 5 5 5 5 5 5 5 5 5 5 5 5 5 5 5 5 5 5 5 5 5 5 5 5 5 5 5 5 5 5 5 5 5 5 5 5 5 5 5 5 5 5 5 5 5 5 5 5 5 5 5 5 5 5 5 5 5 5 5 5 5 5 5 5 5 5 5 5 5 5 5 5 5 5 5 5 5 5 5 5 5 5 5 5 5 5 5 5 5 5 5 5 5 5 5 5 5 5 5 5 5 5 5 5 5 5 5 5 5 5 5 5 5 5 5 5 5 5 5 5 5 5 5 5 5 5 5 5 5 5 5 5 5 5 5 5 5 5 5 5 5 5 5 5 5 5 5 5 5 5 5 5 5 5 5 5 5 5 5 5 5 5 5 5 5 5 5 5 5 5 5 5 5 5 5 5 5 5 5 5 5 5 5 5 5 5 5 5 5 5 5 5 5 5 5 5 5 5 5 5 5 5 5 5 5 5 5 5 5 5 5 5 5 5 5 5 5 5 5 5 5 5 5 5 5 5 5 5 5 5 5 5 5 5 5 5 5 5 5 5 5 5 5 5 5 5 5 5 5 5 5 5 5 5 5 5 5 5 5 5 5 5 5 5 5 5 5 5 5 5 5 5 5 5 5 5 5 5 5 5 5 5 5 5 5 5 5 5 5 5 5 5 5 5 5 5 5 5 5 5 5 5 5 5 5 5 5 5 5 5 5 5 5 5 5 5 5 5 5 5 5 5 5 5 5 5 5 5 5 5 5 5 5 5 5 5 5 5 5 5 5 5 5 5 5 5 5 5 5 5 5 5 5 5 5 5 5 5 5 5 5 5 5 5 5 5 5 5 5 5 5 5 5 5 5 5 5 5 5 5 5 5 5 5 5 5 5 5 5 5 5 5 5 5 5 5 5 5 5 5 5 5 5 5 5 5 5 5 5 5 5 5 5 5 5 5 5 5 5 5 5 5 5 5 5 5 5 5 5 5 5 5 5 5 5 5 5 5 5 5 5 5 5 5 5 5 5 5 5 5 5 5 5 5 5 5 5 5 5 5 5 5 5 5 5 5 5 5 5 5 5 5 5 5 5 5 5 5 5 5 5 5 5 5 5 5 5 5 5 5 5 5 5 5 5 5 5 5 5 5 5 5 5 5 5 5 5 5 5 5 5 5 5 5 5 5 5 5 5 5 5 5 5 5 5 5 5 5 5 5 5 5 5 5 5 5 5 5 5 5 5 5 5 5 5 5 5 5 5 5 5 5 5 5 5 5 5 5 5 5 5 5 5 5 5 5 5 5 5 5 5 5 5 5 5 5 5 5 5 5 5 5 5 5 5 5 5 5 5 5 5 5 5 5 5 5 5 5 5 5 5 5 5 5 5 5 5 5 5 5 5 5 5 5 5 5 5 5 5 5 5 5 5 5 5 5 5 5 5 5 5 5 5 5 5 5 5 5 5 5 5 5 5 5 5 5 5 5 5 5 5 5 5 5 5 5 5 5 5 5 5 5 5 5 5 5 5 5 5 5 5 5 5 5 5 5 5 5 5 5 5 5 5 5 5 5 5 5 5 5 5 5 5 5 5 5 5 5 5 5 5 5 5 5 5 5 5 5 5 5 5 5 5 5 5 5 5 5 5 5 5 5 5 5 5 5 5 5 5 5 5 5 5 5 5 5 5 5 5 5 5 5 5 5 5 5 5 5 5 5 5 5 5 5 5 5 5 5 5 5 5 5 5 5 5 5 5 5 5 5 5 5 5 5 5 5 5 5 5 5 5 5 5 5 5 5 5 5 5 5 5 5 5 5 5 5 5 5 5 5 5 5 5 5 5 5 5 5 5 5 5 5 5 5 5 5 5 5 5 5 5 5 5 5 5 5 5 5 5 5 5 5 5 5 5 5 5 5 5 5 5 5 5 5 5 5 5 5 5 5 5 5 5 5 5 5 5 5 5 5 5 5 5 5 5 5 5 5 5 5 5 5 5 5 5 5 5 5 5 5 5 5 5 5 5 5 5 5 5 5 5 5 5 5 5 5 5 5 5 5 5 5 5 5 5 5 5 5 5 5 5 5 5 5 5 5 5 5 5 5 5 5 5 5 5 5 5 5 5 5 5 5 5 5 5 5 5 5 5 5 5 5 5 5 5 5 5 5 5 5 5 5 5 5 5 5 5 5 5 5 5 5 5 5 5 5 5 5 5 5 5 5 5 5 5 5 5 5 5 5 5 5 5 5 5 5 5 5 5 5 5 5 5 5 5 5 5 5 5 5 5 5 5 5 5 5 5 5 5 5 5 5 5 5 5 5 5 5 5 5 5 5 5 5 5 5 5 5 5 5 5 5 5 5 5 5 5 5 5 5 5 5 5 5 5 5 5 5 5 5 5 5 5 5 5 5 5 5 5 5 5 5 5 5 5 5 5 5 5 5 5 5 5 5 5 5 5 5 5 5 5 5 5 5 5 5 5 5 5 5 5 5 5 5 5 5 5 5 5 5 5 5 5 5 5 5 5 5 5 5 5 5 5 5 5 5 5 5 5 5 5 5 5 5 5 5 5 5 5 5 5 5 5 5 5 5 5 5 5 5 5 5 5 5 5 5 5 5 5 5 5 5 5 5 5 5 5 5 5 5 5 5 5 5 5 5 5 5 5 5 5 5 5 5 5 5 5 5 5 5 5 5 5 5 5 5 5 5 5 5 5 5 5 5 5 5 5 5 5 5 5 5 5 5 5 5 5 5 5 5 5 5 5 5 5 5 5 5 5 5 5 5 5 5 5 5 5 5 5 5 5 5 5 5 5 5 5 5 5 5 5 5 5 5 5 5 5 5 5 5 5 5 5 5 5 5 5 5 5 5 5 5 5 5 5 5 5 5 5 5 5 5 5 5 5 5 5 5 5 5 5 5 5 5 5 5 5 5 5 5 5 5 5 5 5 5 5 5 5 5 5 5 5 5 5 5 5 5 5 5 5 5 5 5 5 5 5 5 5 5 5 5 5 5 5 5 5 5 5 5 5 5 5 5 5 5 5 5 5 5 5 5 5 5 5 5 5 5 5 5 5 5 5 5 5 5 5 5 5 5 5 5 5 5 5 5 5 5 5 5 5 5 5 5 5 5 5 5 5 5 5 5 5 5 5 5 5 5 5 5 5 5 5 5 5 5 5 5 5 5 5 5 5 5 5 5 5 5 5 5 5 5 5 5 5 5 5 5 5 5 5 5 5 5 5 5 5 5 5 5 5 5 5 5 5 5 5 5 5 5 5 5 5 5 5 5 5 5 5 5 5 5 5 5 5 5 5 5 5 5 5 5 5 5 5 5 5 5 5 5 5 5 5 5 5 5 5 5 5 5 5 5 5 5 5 5 5 5 5 5 5 5 5 5 5 5 5 5 5 5 5 5 5 5 5 5 5 5 5 5 5 5 5 5 5 5 5 5 5 5 5 5 5 5 5 5 5 5 5 5 5 5 5 5 5 5 5 5 5 5 5 5 5 5 5 5 5 5 5 5 5 5 5 5 5 5 5 5 5 5 5 5 5 5 5 5 5 5 5 5 5 5 5 5 5 5 5 5 5 5 5 5 5 5 5 5 5 5 5 5 5 5 5 5 5 5 5 5 5 5 5 5 5 5 5 5 5 5 5 5 5 5 5 5 5 5 5 5 5 5 5 5 5 5 5 5 5 5 5 5 5 5 5 5 5 5 5 5 5 5 5 5 5 5 5 5 5 5 5 5 5 5 5 5 5 5 5 5 5 5 5 5 5 5 5 5 5 5 5 5 5 5 5 5 5 5 5 5 5 5 5 5 5 5 5 5 5 5 5 5 5 5 5 5 5 5 5 5 5 5 5 5 5 5 5 5 5 5 5 5 5 5 5 5 5 5 5 5 5 5 5 5 5 5 5 5 5 5 5 5 5 5 5 5 5 5 5 5 5 5 5 5 5 5 5 5 5 5 5 5 5 5 5 5 5 5 5 5 5 5 5 5 5 5 5 5 5 5 5 5 5 5 5 5 5 5 5 5 5 5 5 5 5 5 5 5 5 5 5 5 5 5 5 5 5 5 5 5 5 5 5 5 5 5 5 5 5 5 5 5 5 5 5 5 5 5 5 5 5 5 5 5 5 5 5 5 5 5 5 5 5 5 5 5 5 5 5 5 5 5 5 5 5 5 5 5 5 5 5 5 5 5 5 5 5 5 5 5 5 5 5 5 5 5 5 5 5 5 5 5 5 5 5 5 5 5 5 5 5 5 5 5 5 5 5 5 5 5 5 5 5 5 5 5 5 5 5 5 5 5 5 5 5 5 5 5 5 5 5 5 5 5 5 5 5 5 5 5 5 5 5 5 5 5 5 5 5 5 5 5 5 5 5 5 5 5 5 5 5 5 5 5 5 5 5 5 5 5 5 5 5 5 5 5 5 5 5 5 5 5 5 5 5 5 5 5 5 5 5 5 5 5 5 5 5 5 5 5 5 5 5 5 5 5 5 5 5 5 5 5 5 5 5 5 5 5 5 5 5 5 5 5 5 5 5 5 5 5 5 5 5 5 5 5 5 5 5 5 5 5 5 5 5 5 5 5 5 5 5 5 5 5 5 5 5 5 5 5 5 5 5 5 5 5 5 5 5 5 5 5 5 5 5 5 5 5 5 5 5 5 5 5 5 5 5 5 5 5 5 5 5 5 5 5 5 5 5 5 5 5 5 5 5 5 5 5 5 5 5 5 5 5 5 5 5 5 5 5 5 5 5 5 5 5 5 5 5 5 5 5 5 5 5 5 5 5 5 5 5 5 5 5 5 5 5 5 5 5 5 5 5 5 5 5 5 5 5 5 5 5 5 5 5 5 5 5 5 5 5 5 5 5 5 5 5 5 5 5 5 5 5 5 5 5 5 5 5 5 5 5 5 5 5 5 5 5 5 5 5 5 5 5 5 5 5 5 5 5 5 5 5 5 5 5 5 5 5 5 5 5 5 5 5 5 5 5 5 5 5 5 5 5 5 5 5 5 5 5 5 5 5 5 5 5 5 5 5 5 5 5 5 5 5 5 5 5 5 5 5 5 5 5 5 5 5 5 5 5 5 5 5 5 5 5 5 5 5 5 5 5 5 5 5 5 5 5 5 5 5 5 5 5 5 5 5 5 5 5 5 5 5 5 5 5 5 5 5 5 5 5 5 5 5 5 5 5 5 5 5 5 5 5 5 5 5 5 5 5 5 5 5 5 5 5 5 5 5 5 5 5 5 5 5 5 5 5 5 5 5 5 5 5 5 5 5 5 5 5 5 5 5 5 5 5 5 5 5 5 5 5 5 5 5 5 5 5 5 5 5 5 5 5 5 5 5 5 5 5 5 5 5 5 5 5 5 5 5 5 5 5 5 5 5 5 5 5 5 5 5 5 5 5 5 5 5 5 5 5 5 5 5 5 5 5 5 5 5 5 5 5 5 5 5 5 5 5 5 5 5 5 5 5 5 5 5 5 5 5 5 5 5 5 5 5 5 5 5 5 5 5 5 5 5 5 5 5 5 5 5 5 5 5 5 5 5 5 5 5 5 5 5 5 5 5 5 5 5 5 5 5 5 5 5 5 5 5 5 5 5 5 5 5 5 5 5 5 5 5 5 5 5 5 5 5 5 5 5 5 5 5 5 5 5 5 5 5 5 5 5 5 5 5 5 5 5 5 5 5 5 5 5 5 5 5 5 5 5 5 5 5 5 5 5 5 5 5 5 5 5 5 5 5 5 5 5 5 5 5 5 5 5 5 5 5 5 5 5 5 5 5 5 5 5 5 5 5 5 5 5 5 5 5 5 5 5 5 5 5 5 5 5 5 5 5 5 5 5 5 5 5 5 5 5 5 5 5 5 5 5 5 5 5 5 5 5 5 5 5 5 5 5 5 5 5 5 5 5 5 5 5 5 5 5 5 5 5 5 5 5 5 5 5 5 5 5 5 5 5 5 5 5 5 5 5 5 5 5 5 5 5 5 5 5 5 5 5 5 5 5 5 5 5 5 5 5 5 5 5 5 5 5 5 5 5 5 5 5 5 5 5 5 5 5 5 5 5 5 5 5 5 5 5 5 5 5 5 5 5 5 5 5 5 5 5 5 5 5 5 5 5 5 5 5 5 5 5 5 5 5 5 5 5 5 5 5 5 5 5 5 5 5 5 5 5 5 5 5 5 5 5 5 5 5 5 5 5 5 5 5 5 5 5 5 5 5 5 5 5 5 5 5 5 5 5 5 5 5 5 5 5 5 5 5 5 5 5 5 5 5 5 5 5 5 5 5 5 5 5 5 5 5 5 5 5 5 5 5 5 5 5 5 5 5 5 5 5 5 5 5 5 5 5 5 5 5 5 5 5 5 5 5 5 5 5 5 5 5 5 5 5 5 5 5 5 5 5 5 5 5 5 5 5 5 5 5 5 5 5 5 5 5 5 5 5 5 5 5 5 5 5 5 5 5 5 5 5 5 5 5 5 5 5 5 5 5 5 5 5 5 5 5 5 5 5 5 5 5 5 5 5 5 5 5 5 5 5 5 5 5 5 5 5 5 5 5 5 5 5 5 5 5 5 5 5 5 5 5 5 5 5 5 5 5 5 5 5 5 5 5 5 5 5 5 5 5 5 5 5 5 5 5 5 5 5 5 5 5 5 5 5 5 5 5 5 5 5 5 5 5 5 5 5 5 5 5 5 5 5 5 5 5 5 5 5 5 5 5 5 5 5 5 5 5 5 5 5 5 5 5 5 5 5 5 5 5 5 5 5 5 5 5 5 5 5 5 5 5 5 5 5 5 5 5 5 5 5 5 5 5 5 5 5 5 5 5 5 5 5 5 5 5 5 5 5 5 5 5 5 5 5 5 5 5 5 5 5 5 5 5 5 5 5 5 5 5 5 5 5 5 5 5 5 5 5 5 5 5 5 5 5 5 5 5 5 5 5 5 5 5 5 5 5 5 5 5 5 5 5 5 5 5 5 5 5 5 5 5 5 5 5 5 5 5 5 5 5 5 5 5 5 5 5 5 5 5 5 5 5 5 5 5 5 5 5 5 5 5 5 5 5 5 5 5 5 5 5 5 5 5 5 5 5 5 5 5 5 5 5 5 5 5 5 5 5 5 5 5 5 5 5 5 5 5 5 5 5 5 5 5 5 5 5 5 5 5 5 5 5 5 5 5 5 5 5 5 5 5 5 5 5 5 5 5 5 5 5 5 5 5 5 5 5 5 5 5 5 5 5 5 5 5 5 5 5 5 5 5 5 5 5 5 5 5 5 5 5 5 5 5 5 5 5 5 5 5 5 5 5 5 5 5 5 5 5 5 5 5 5 5 5 5 5 5 5 5 5 5 5 5 5 5 5 5 5 5 5 5 5 5 5 5 5 5 5 5 5 5 5 5 5 5 5 5 5 5 5 5 5 5 5 5 5 5 5 5 5 5 5 5 5 5 5 5 5 5 5 5 5 5 5 5 5 5 5 5 5 5 5 5 5 5 5 5 5 5 5 5 5 5 5 5 5 5 5 5 5 5 5 5 5 5 5 5 5 5 5 5 5 5 5 5 5 5 5 5 5 5 5 5 5 5 5 5 5 5 5 5 5 5 5 5 5 5 5 5 5 5 5 5 5 5 5 5 5 5 5 5 5 5 5 5 5 5 5 5 5 5 5 5 5 5 5 5 5 5 5 5 5 5 5 5 5 5 5 5 5 5 5 5 5 5 5 5 5 5 5 5 5 5 5 5 5 5 5 5 5 5 5 5 5 5 5 5 5 5 5 5 5 5 5 5 5 5 5 5 5 5 5 5 5 5 5 5 5 5 5 5 5 5 5 5 5 5 5 5 5 5 5 5 5 5 5 5 5 5 5 5 5 5 5 5 5 5 5 5 5 5 5 5 5 5 5 5 5 5 5 5 5 5 5 5 5 5 5 5 5 5 5 5 5 5 5 5 5 5 5 5 5 5 5 5 5 5 5 5 5 5 5 5 5 5 5 5 5 5 5 5 5 5 5 5 5 5 5 5 5 5 5 5 5 5 5 5 5 5 5 5 5 5 5 5 5 5 5 5 5 5 5 5 5 5 5 5 5 5 5 5 5 5 5 5 5 5 5 5 5 5 5 5 5 5 5 5 5 5 5 5 5 5 5 5 5 5 5 5 5 5 5 5 5 5 5 5 5 5 5 5 5 5 5 5 5 5 5 5 5 5 5 5 5 5 5 5 5 5 5 5 5 5 5 5 5 5 5 5 5 5 5 5 5 5 5 5 5 5 5 5 5 5 5 5 5 5 5 5 5 5 5 5 5 5 5 5 5 5 5 5 5 5 5 5 5 5 5 5 5 5 5 5 5 5 5 5 5 5 5 5 5 5 5 5 5 5 5 5 5 5 5 5 5 5 5 5 5 5 5 5 5 5 5 5 5 5 5 5 5 5 5 5 5 5 5 5 5 5 5 5 5 5 5 5 5 5 5 5 5 5 5 5 5 5 5 5 5 5 5 5 5 5 5 5 5 5 5 5 5 5 5 5 5 5 5 5 5 5 5 5 5 5 5 5 5 5 5 5 5 5 5 5 5 5 5 5 5 5 5 5 5 5 5 5 5 5 5 5 5 5 5 5 5 5 5 5 5 5 5 5 5 5 5 5 5 5 5 5 5 5 5 5 5 5 5 5 5 5 5 5 5 5 5 5 5 5 5 5 5 5 5 5 5 5 5 5 5 5 5 5 5 5 5 5 5 5 5 5 5 5 5 5 5 5 5 5 5 5 5 5 5 5 5 5 5 5 5 5 5 5 5 5 5 5 5 5 5 5 5 5 5 5 5 5 5 5 5 5 5 5 5 5 5 5 5 5 5 5 5 5 5 5 5 5 5 5 5 5 5 5 5 5 5 5 5 5 5 5 5 5 5 5 5 5 5 5 5 5 5 5 5 5 5 5 5 5 5 5 5 5 5 5 5 5 5 5 5 5 5 5 5 5 5 5 5 5 5 5 5 5 5 5 5 5 5 5 5 5 5 5 5 5 5 5 5 5 5 5 5 5 5 5 5 5 5 5 5 5 5 5 5 5 5 5 5 5 5 5 5 5 5 5 5 5 5 5 5 5 5 5 5 5 5 5 5 5 5 5 5 5 5 5 5 5 5 5 5 5 5 5 5 5 5 5 5 5 5 5 5 5 5 5 5 5 5 5 5 5 5 5 5 5 5 5 5 5 5 5 5 5 5 5 5 5 5 5 5 5 5 5 5 5 5 5 5 5 5 5 5 5 5 5 5 5 5 5 5 5 5 5 5 5 5 5 5 5 5 5 5 5 5 5 5 5 5 5 5 5 5 5 5 5 5 5 5 5 5 5 5 5 5 5 5 5 5 5 5 5 5 5 5 5 5 5 5 5 5 5 5 5 5 5 5 5 5 5 5 5 5 5 5 5 5 5 5 5 5 5 5 5 5 5 5 5 5 5 5 5 5 5 5 5 5 5 5 5 5 5 5 5 5 5 5 5 5 5 5 5 5 5 5 5 5 5 5 5 5 5 5 5 5 5 5 5 5 5 5 5 5 5 5 5 5 5 5 5 5 5 5 5 5 5 5 5 5 5 5 5 5 5 5 5 5 5 5 5 5 5 5 5 5 5 5 5 5 5 5 5 5 5 5 5 5 5 5 5 5 5 5 5 5 5 5 5 5 5 5 5 5 5 5 5 5 5 5 5 5 5 5 5 5 5 5 5 5 5 5 5 5 5 5 5 5 5 5 5 5 5 5 5 5 5 5 5 5 5 5 5 5 5 5 5 5 5 5 5 5 5 5 5 5 5 5 5 5 5 5 5 5 5 5 5 5 5 5 5 5 5 5 5 5 5 5 5 5 5 5 5 5 5 5 5 5 5 5 5 5 5 5 5 5 5 5 5 5 5 5 5 5 5 5 5 5 5 5 5 5 5 5 5 5 5 5 5 5 5 5 5 5 5 5 5 5 5 5 5 5 5 5 5 5 5 5 5 5 5 5 5 5 5 5 5 5 5 5 5 5 5 5 5 5 5 5 5 5 5 5 5 5 5 5 5 5 5 5 5 5 5 5 5 5 5 5 5 5 5 5 5 5 5 5 5 5 5 5 5 5 5 5 5 5 5 5 5 5 5 5 5 5 5 5 5 5 5 5 5 5 5 5 5 5 5 5 5 5 5 5 5 5 5 5 5 5 5 5 5 5 5 5 5 5 5 5 5 5 5 5 5 5 5 5 5 5 5 5 5 5 5 5 5 5 5 5 5 5 5 5 5 5 5 5 5 5 5 5 5 5 5 5 5 5 5 5 5 5 5 5 5 5 5 5 5 5 5 5 5 5 5 5 5 5 5 5 5 5 5 5 5 5 5 5 5 5 5 5 5 5 5 5 5 5 5 5 5 5 5 5 5 5 5 5 5 5 5 5 5 5 5 5 5 5 5 5 5 5 5 5 5 5 5 5 5 5 5 5 5 5 5 5 5 5 5 5 5 5 5 5 5 5 5 5 5 5 5 5 5 5 5 5 5 5 5 5 5 5 5 5 5 5 5 5 5 5 5 5 5 5 5 5 5 5 5 5 5 5 5 5 5 5 5 5 5 5 5 5 5 5 5 5 5 5 5 5 5 5 5 5 5 5 5 5 5 5 5 5 5 5 5 5 5 5 5 5 5 5 5 5 5 5 5 5 5 5 5 5 5 5 5 5 5 5 5 5 5 5 5 5 5 5 5 5 5 5 5 5 5 5 5 5 5 5 5 5 5 5 5 5 5 5 5 5 5 5 5 5 5 5 5 5 5 5 5 5 5 5 5 5 5 5 5 5 5 5 5 5 5 5 5 5 5 5 5 5 5 5 5 5 5 5 5 5 5 5 5 5 5 5 5 5 5 5 5 5 5 5 5 5 5 5 5 5 5 5 5 5 5 5 5 5 5 5 5 5 5 5 5 5 5 5 5 5 5 5 5 5 5 5 5 5 5 5 5 5 5 5 5 5 5 5 5 5 5 5 5 5 5 5 5 5 5 5 5 5 5 5 5 5 5 5 5 5 5 5 5 5 5 5 5 5 5 5 5 5 5 5 5 5 5 5 5 5 5 5 5 5 5 5 5 5 5 5 5 5 5 5 5 5 5 5 5 5 5 5 5 5 5 5 5 5 5 5 5 5 5 5 5 5 5 5 5 5 5 5 5 5 5 5 5 5 5 5 5 5 5 5 5 5 5 5 5 5 5 5 5 5 5 5 5 5 5 5 5 5 5 5 5 5 5 5 5 5 5 5 5 5 5 5 5 5 5 5 5 5 5 5 5 5 5 5 5 5 5 5 5 5 5 5 5 5 5 5 5 5 5 5 5 5 5 5 5 5 5 5 5 5 5 5 5 5 5 5 5 5 5 5 5 5 5 5 5 5 5 5 5 5 5 5 5 5 5 5 5 5 5 5 5 5 5 5 5 5 5 5 5 5 5 5 5 5 5 5 5 5 5 5 5 5 5 5 5 5 5 5 5 5 5 5 5 5 5 5 5 5 5 5 5 5 5 5 5 5 5 5 5 5 5 5 5 5 5 5 5 5 5 5 5 5 5 5 5 5 5 5 5 5 5 5 5 5 5 5 5 5 5 5 5 5 5 5 5 5 5 5 5 5 5 5 5 5 5 5 5 5 5 5 5 5 5 5 5 5 5 5 5 5 5 5 5 5 5 5 5 5 5 5 5 5 5 5 5 5 5 5 5 5 5 5 5 5 5 5 5 5 5 5 5 5 5 5 5 5 5 5 5 5 5 5 5 5 5 5 5 5 5 5 5 5 5 5 5 5 5 5 5 5 5 5 5 5 5 5 5 5 5 5 5 5 5 5 5 5 5 5 5 5 5 5 5 5 5 5 5 5 5 5 5 5 5 5 5 5 5 5 5 5 5 5 5 5 5 5 5 5 5 5 5 5 5 5 5 5 5 5 5 5 5 5 5 5 5 5 5 5 5 5 5 5 5 5 5 5 5 5 5 5 5 5 5 5 5 5 5 5 5 5 5 5 5 5 5 5 5 5 5 5 5 5 5 5 5 5 5 5 5 5 5 5 5 5 5 5 5 5 5 5 5 5 5 5 5 5 5 5 5 5 5 5 5 5 5 5 5 5 5 5 5 5 5 5 5 5 5 5 5 5 5 5 5 5 5 5 5 5 5 5 5 5 5 5 5 5 5 5 5 5 5 5 5 5 5 5 5 5 5 5 5 5 5 5 5 5 5 5 5 5 5 5 5 5 5 5 5 5 5 5 5 5 5 5 5 5 5 5 5 5 5 5 5 5 5 5 5 5 5 5 5 5 5 5 5 5 5 5 5 5 5 5 5 5 5 5 5 5 5 5 5 5 5 5 5 5 5 5 5 5 5 5 5 5 5 5 5 5 5 5 5 5 5 5 5 5 5 5 5 5 5 5 5 5 5 5 5 5 5 5 5 5 5 5 5 5 5 5 5 5 5 5 5 5 5 5 5 5 5 5 5 5 5 5 5 5 5 5 5 5 5 5 5 5 5 5 5 5 5 5 5 5 5 5 5 5 5 5 5 5 5 5 5 5 5 5 5 5 5 5 5 5 5 5 5 5 5 5 5 5 5 5 5 5 5 5 5 5 5 5 5 5 5 5 5 5 5 5 5 5 5 5 5 5 5 5 5 5 5 5 5 5 5 5 5 5 5 5 5 5 5 5 5 5 5 5 5 5 5 5 5 5 5 5 5 5 5 5 5 5 5 5 5 5 5 5 5 5 5 5 5 5 5 5 5 5 5 5 5 5 5 5 5 5 5 5 5 5 5 5 5 5 5 5 5 5 5 5 5 5 5 5 5 5 5 5 5 5 5 5 5 5 5 5 5 5 5 5 5 5 5 5 5 5 5 5 5 5 5 5 5 5 5 5 5 5 5 5 5 5 5 5 5 5 5 5 5 5 5 5 5 5 5 5 5 5 5 5 5 5 5 5 5 5 5 5 5 5 5 5 5 5 5 5 5 5 5 5 5 5 5 5 5 5 5 5 5 5 5 5 5 5 5 5 5 5 5 5 5 5 5 5 5 5 5 5 5 5 5 5 5 5 5 5 5 5 5 5 5 5 5 5 5 5 5 5 5 5 5 5 5 5 5 5 5 5 5 5 5 5 5 5 5 5 5 5 5 5 5 5 5 5 5 5 5 5 5 5 5 5 5 5 5 5 5 5 5 5 5 5 5 5 5 5 5 5 5 5 5 5 5 5 5 5 5 5 5 5 5 5 5 5 5 5 5 5 5 5 5 5 5 5 5 5 5 5 5 5 5 5 5 5 5 5 5 5 5 5 5 5 5 5 5 5 5 5 5 5 5 5 5 5 5 5 5 5 5 5 5 5 5 5 5 5 5 5 5 5 5 5 5 5 5 5 5 5 5 5 5 5 5 5 5 5 5 5 5 5 5 5 5 5 5 5 5 5 5 5 5 5 5 5 5 5 5 5 5 5 5 5 5 5 5 5 5 5 5 5 5 5 5 5 5 5 5 5 5 5 5 5 5 5 5 5 5 5 5 5 5 5 5 5 5 5 5 5 5 5 5 5 5 5 5 5 5 5 5 5 5 5 5 5 5 5 5 5 5 5 5 5 5 5 5 5 5 5 5 5 5 5 5 5 5 5 5 5 5 5 5 5 5 5 5 5 5 5 5 5 5 5 5 5 5 5 5 5 5 5 5 5 5 5 5 5 5 5 5 5 5 5 5 5 5 5 5 5 5 5 5 5 5 5 5 5 5 5 5 5 5 5 5 5 5 5 5 5 5 5 5 5 5 5 5 5 5 5 5 5 5 5 5 5 5 5 5 5 5 5 5 5 5 5 5 5 5 5 5 5 5 5 5 5 5 5 5 5 5 5 5 5 5 5 5 5 5 5 5 5 5 5 5 5 5 5 5 5 5 5 5 5 5 5 5 5 5 5 5 5 5 5 5 5 5 5 5 5 5 5 5 5 5 5 5 5 5 5 5 5 5 5 5 5 5 5 5 5 5 5 5 5 5 5 5 5 5 5 5 5 5 5 5 5 5 5 5 5 5 5 5 5 5 5 5 5 5 5 5 5 5 5 5 5 5 5 5 5 5 5 5 5 5 5 5 5 5 5 5 5 5 5 5 5 5 5 5 5 5 5 5 5 5 5 5 5 5 5 5 5 5 5 5 5 5 5 5 5 5 5 5 5 5 5 5 5 5 5 5 5 5 5 5 5 5 5 5 5 5 5 5 5 5 5 5 5 5 5 5 5 5 5 5 5 5 5 5 5 5 5 5 5 5 5 5 5 5 5 5 5 5 5 5 5 5 5 5 5 5 5 5 5 5 5 5 5 5 5 5 5 5 5 5 5 5 5 5 5 5 5 5 5 5 5 5 5 5 5 5 5 5 5 5 5 5 5 5 5 5 5 5 5 5 5 5 5 5 5 5 5 5 5 5 5 5 5 5 5 5 5 5 5 5 5 5 5 5 5 5 5 5 5 5 5 5 5 5 5 5 5 5 5 5 5 5 5 5 5 5 5 5 5 5 5 5 5 5 5 5 5 5 5 5 5 5 5 5 5 5 5 5 5 5 5 5 5 5 5 5 5 5 5 5 5 5 5 5 5 5 5 5 5 5 5 5 5 5 5 5 5 5 5 5 5 5 5 5 5 5 5 5 5 5 5 5 5 5 5 5 5 5 5 5 5 5 5 5 5 5 5 5 5 5 5 5 5 5 5 5 5 5 5 5 5 5 5 5 5 5 5 5 5 5 5 5 5 5 5 5 5 5 5 5 5 5 5 5 5 5 5 5 5 5 5 5 5 5 5 5 5 5 5 5 5 5 5 5 5 5 5 5 5 5 5 5 5 5 5 5 5 5 5 5 5 5 5 5 5 5 5 5 5 5 5 5 5 5 5 5 5 5 5 5 5 5 5 5 5 5 5 5 5 5 5 5 5 5 5 5 5 5 5 5 5 5 5 5 5 5 5 5 5 5 5 5 5 5 5 5 5 5 5 5 5 5 5 5 5 5 5 5 5 5 5 5 5 5 5 5 5 5 5 5 5 5 5 5 5 5 5 5 5 5 5 5 5 5 5 5 5 5 5 5 5 5 5 5 5 5 5 5 5 5 5 5 5 5 5 5 5 5 5 5 5 5 5 5 5 5 5 5 5 5 5 5 5 5 5 5 5 5 5 5 5 5 5 5 5 5 5 5 5 5 5 5 5 5 5 5 5 5 5 5 5 5 5 5 5 5 5 5 5 5 5 5 5 5 5 5 5 5 5 5 5 5 5 5 5 5 5 5 5 5 5 5 5 5 5 5 5 5 5 5 5 5 5 5 5 5 5 5 5 5 5 5 5 5 5 5 5 5 5 5 5 5 5 5 5 5 5 5 5 5 5 5 5 5 5 5 5 5 5 5 5 5 5 5 5 5 5 5 5 5 5 5 5 5 5 5 5 5 5 5 5 5 5 5 5 5 5 5 5 5 5 5 5 5 5 5 5 5 5 5 5 5 5 5 5 5 5 5 5 5 5 5 5 5 5 5 5 5 5 5 5 5 5 5 5 5 5 5 5 5 5 5 5 5 5 5 5 5 5 5 5 5 5 5 5 5 5 5 5 5 5 5 5 5 5 5 5 5 5 5 5 5 5 5 5 5 5 5 5 5 5 5 5 5 5 5 5 5 5 5 5 5 5 5 5 5 5 5 5 5 5 5 5 5 5 5 5 5 5 5 5 5 5 5 5 5 5 5 5 5 5 5 5 5 5 5 5 5 5 5 5 5 5 5 5 5 5 5 5 5 5 5 5 5 5 5 5 5 5 5 5 5 5 5 5 5 5 5 5 5 5 5 5 5 5 5 5 5 5 5 5 5 5 5 5 5 5 5 5 5 5 5 5 5 5 5 5 5 5 5 5 5 5 5 5 5 5 5 5 5 5 5 5 5 5 5 5 5 5 5 5 5 5 5 5 5 5 5 5 5 5 5 5 5 5 5 5 5 5 5 5 5 5 5 5 5 5 5 5 5 5 5 5 5 5 5 5 5 5 5 5 5 5 5 5 5 5 5 5 5 5 5 5 5 5 5 5 5 5 5 5 5 5 5 5 5 5 5 5 5 5 5 5 5 5 5 5 5 5 5 5 5 5 5 5 5 5 5 5 5 5 5 5 5 5 5 5 5 5 5 5 5 5 5 5 5 5 5 5 5 5 5 5 5 5 5 5 5 5 5 5 5 5 5 5 5 5 5 5 5 5 5 5 5 5 5 5 5 5 5 5 5 5 5 5 5 5 5 5 5 5 5 5 5 5 5 5 5 5 5 5 5 5 5 5 5 5 5 5 5 5 5 5 5 5 5 5 5 5 5 5 5 5 5 5 5 5 5 5 5 5 5 5 5 5 5 5 5 5 5 5 5 5 5 5 5 5 5 5 5 5 5 5 5 5 5 5 5 5 5 5 5 5 5 5 5 5 5 5 5 5 5 5 5 5 5 5 5 5 5 5 5 5 5 5 5 5 5 5 5 5 5 5 5 5 5 5 5 5 5 5 5 5 5 5 5 5 5 5 5 5 5 5 5 5 5 5 5 5 5 5 5 5 5 5 5 5 5 5 5 5 5 5 5 5 5 5 5 5 5 5 5 5 5 5 5 5 5 5 5 5 5 5 5 5 5 5 5 5 5 5 5 5 5 5 5 5 5 5 5 5 5 5 5 5 5 5 5 5 5 5 5 5 5 5 5 5 5 5 5 5 5 5 5 5 5 5 5 5 5 5 5 5 5 5 5 5 5 5 5 5 5 5 5 5 5 5 5 5 5 5 5 5 5 5 5 5 5 5 5 5 5 5 5 5 5 5 5 5 5 5 5 5 5 5 5 5 5 5 5 5 5 5 5 5 5 5 5 5 5 5 5 5 5 5 5 5 5 5 5 5 5 5 5 5 5 5 5 5 5 5 5 5 5 5 5 5 5 5 5 5 5 5 5 5 5 5 5 5 5 5 5 5 5 5 5 5 5 5 5 5 5 5 5 5 5 5 5 5 5 5 5 5 5 5 5 5 5 5 5 5 5 5 5 5 5 5 5 5 5 5 5 5 5 5 5 5 5 5 5 5 5 5 5 5 5 5 5 5 5 5 5 5 5 5 5 5 5 5 5 5 5 5 5 5 5 5 5 5 5 5 5 5 5 5 5 5 5 5 5 5 5 5 5 5 5 5 5 5 5 5 5 5 5 5 5 5 5 5 5 5 5 5 5 5 5 5 5 5 5 5 5 5 5 5 5 5 5 5 5 5 5 5 5 5 5 5 5 5 5 5 5 5 5 5 5 5 5 5 5 5 5 5 5 5 5 5 5 5 5 5 5 5 5 5 5 5 5 5 5 5 5 5 5 5 5 5 5 5 5 5 5 5 5 5 5 5 5 5 5 5 5 5 5 5 5 5 5 5 5 5 5 5 5 5 5 5 5 5 5 5 5 5 5 5 5 5 5 5 5 5 5 5 5 5 5 5 5 5 5 5 5 5 5 5 5 5 5 5 5 5 5 5 5 5 5 5 5 5 5 5 5 5 5 5 5 5 5 5 5 5 5 5 5 5 5 5 5 5 5 5 5 5 5 5 5 5 5 5 5 5 5 5 5 5 5 5 5 5 5 5 5 5 5 5 5 5 5 5 5 5 5 5 5 5 5 5 5 5 5 5 5 5 5 5 5 5 5 5 5 5 5 5 5 5 5 5 5 5 5 5 5 5 5 5 5 5 5 5 5 5 5 5 5 5 5 5 5 5 5 5 5 5 5 5 5 5 5 5 5 5 5 5 5 5 5 5 5 5 5 5 5 5 5 5 5 5 5 5 5 5 5 5 5 5 5 5 5 5 5 5 5 5 5 5 5 5 5 5 5 5 5 5 5 5 5 5 5 5 5 5 5 5 5 5 5 5 5 5 5 5 5 5 5 5 5 5 5 5 5 5 5 5 5 5 5 5 5 5 5 5 5 5 5 5 5 5 5 5 5 5 5 5 5 5 5 5 5 5 5 5 5 5 5 5 5 5 5 5 5 5 5 5 5 5 5 5 5 5 5 5 5 5 5 5 5 5 5 5 5 5 5 5 5 5 5 5 5 5 5 5 5 5 5 5 5 5 5 5 5 5 5 5 5 5 5 5 5 5 5 5 5 5 5 5 5 5 5 5 5 5 5 5 5 5 5 5 5 5 5 5 5 5 5 5 5 5 5 5 5 5 5 5 5 5 5 5 5 5 5 5 5 5 5 5 5 5 5 5 5 5 5 5 5 5 5 5 5 5 5 5 5 5 5 5 5 5 5 5 5 5 5 5 5 5 5 5 5 5 5 5 5 5 5 5 5 5 5 5 5 5 5 5 5 5 5 5 5 5 5 5 5 5 5 5 5 5 5 5 5 5 5 5 5 5 5 5 5 5 5 5 5 5 5 5 5 5 5 5 5 5 5 5 5 5 5 5 5 5 5 5 5 5 5 5 5 5 5 5 5 5 5 5 5 5 5 5 5 5 5 5 5 5 5 5 5 5 5 5 5 5 5 5 5 5 5 5 5 5 5 5 5 5 5 5 5 5 5 5 5 5 5 5 5 5 5 5 5 5 5 5 5 5 5 5 5 5 5 5 5 5 5 5 5 5 5 5 5 5 5 5 5 5 5 5 5 5 5 5 5 5 5 5 5 5 5 5 5 5 5 5 5 5 5 5 5 5 5 5 5 5 5 5 5 5 5 5 5 5 5 5 5 5 5 5 5 5 5 5 5 5 5 5 5 5 5 5 5 5 5 5 5 5 5 5 5 5 5 5 5 5 5 5 5 5 5 5 5 5 5 5 5 5 5 5 5 5 5 5 5 5 5 5 5 5 5 5 5 5 5 5 5 5 5 5 5 5 5 5 5 5 5 5 5 5 5 5 5 5 5 5 5 5 5 5 5 5 5 5 5 5 5 5 5 5 5 5 5 5 5 5 5 5 5 5 5 5 5 5 5 5 5 5 5 5 5 5 5 5 5 5 5 5 5 5 5 5 5 5 5 5 5 5 5 5 5 5 5 5 5 5 5 5 5 5 5 5 5 5 5 5 5 5 5 5 5 5 5 5 5 5 5 5 5 5 5 5 5 5 5 5 5 5 5 5 5 5 5 5 5 5 5 5 5 5 5 5 5 5 5 5 5 5 5 5 5 5 5 5 5 5 5 5 5 5 5 5 5 5 5 5 5 5 5 5 5 5 5 5 5 5 5 5 5 5 5 5 5 5 5 5 5 5 5 5 5 5 5 5 5 5 5 5 5 5 5 5 5 5 5 5 5 5 5 5 5 5 5 5 5 5 5 5 5 5 5 5 5 5 5 5 5 5 5 5 5 5 5 5 5 5 5 5 5 5 5 5 5 5 5 5 5 5 5 5 5 5 5 5 5 5 5 5 5 5 5 5 5 5 5 5 5 5 5 5 5 5 5 5 5 5 5 5 5 5 5 5 5 5 5 5 5 5 5 5 5 5 5 5 5 5 5 5 5 5 5 5 5 5 5 5 5 5 5 5 5 5 5 5 5 5 5 5 5 5 5 5 5 5 5 5 5 5 5 5 5 5 5 5 5 5 5 5 5 5 5 5 5 5 5 5 5 5 5 5 5 5 5 5 5 5 5 5 5 5 5 5 5 5 5 5 5 5 5 5 5 5 5 5 5 5 5 5 5 5 5 5 5 5 5 5 5 5 5 5 5 5 5 5 5 5 5 5 5 5 5 5 5 5 5 5 5 5 5 5 5 5 5 5 5 5 5 5 5 5 5 5 5 5 5 5 5 5 5 5 5 5 5 5 5 5 5 5 5 5 5 5 5 5 5 5 5 5 5 5 5 5 5 5 5 5 5 5 5 5 5 5 5 5 5 5 5 5 5 5 5 5 5 5 5 5 5 5 5 5 5 5 5 5 5 5 5 5 5 5 5 5 5 5 5 5 5 5 5 5 5 5 5 5 5 5 5 5 5 5 5 5 5 5 5 5 5 5 5 5 5 5 5 5 5 5 5 5 5 5 5 5 5 5 5 5 5 5 5 5 5 5 5 5 5 5 5 5 5 5 5 5 5 5 5 5 5 5 5 5 5 5 5 5 5 5 5 5 5 5 5 5 5 5 5 5 5 5 5 5 5 5 5 5 5 5 5 5 5 5 5 5 5 5 5 5 5 5 5 5 5 5 5 5 5 5 5 5 5 5 5 5 5 5 5 5 5 5 5 5 5 5 5 5 5 5 5 5 5 5 5 5 5 5 5 5 5 5 5 5 5 5 5 5 5 5 5 5 5 5 5 5 5 5 5 5 5 5 5 5 5 5 5 5 5 5 5 5 5 5 5 5 5 5 5 5 5 5 5 5 5 5 5 5 5 5 5 5 5 5 5 5 5 5 5 5 5 5 5 5 5 5 5 5 5 5 5 5 5 5 5 5 5 5 5 5 5 5 5 5 5 5 5 5 5 5 5 5 5 5 5 5 5 5 5 5 5 5 5 5 5 5 5 5 5 5 5 5 5 5 5 5 5 5 5 5 5 5 5 5 5 5 5 5 5 5 5 5 5 
CELL_DATA 15060
SCALARS Marker double 1
LOOKUP_TABLE default
0 0 0 0 1 1 1 1 2 2 2 2 -1 -1 -1 -1 3 3 3 3 4 4 4 4 5 5 5 5 -1 -1 -1 -1 -1 -1 -1 -1 -1 -1 -1 -1 6 6 6 6 -1 -1 -1 -1 -1 -1 -1 -1 7 7 7 7 -1 -1 -1 -1 8 8 8 8 9 9 9 9 10 10 10 10 -1 -1 -1 -1 11 11 11 11 -1 -1 -1 -1 -1 -1 -1 -1 12 12 12 12 13 13 13 13 14 14 14 14 -1 -1 -1 -1 15 15 15 15 16 16 16 16 -1 -1 -1 -1 17 17 17 17 18 18 18 18 -1 -1 -1 -1 -1 -1 -1 -1 19 19 19 19 -1 -1 -1 -1 -1 -1 -1 -1 20 20 20 20 -1 -1 -1 -1 -1 -1 -1 -1 21 21 21 21 -1 -1 -1 -1 22 22 22 22 -1 -1 -1 -1 -1 -1 -1 -1 23 23 23 23 -1 -1 -1 -1 -1 -1 -1 -1 24 24 24 24 -1 -1 -1 -1 -1 -1 -1 -1 -1 -1 -1 -1 25 25 25 25 -1 -1 -1 -1 -1 -1 -1 -1 26 26 26 26 -1 -1 -1 -1 -1 -1 -1 -1 27 27 27 27 -1 -1 -1 -1 -1 -1 -1 -1 -1 -1 -1 -1 28 28 28 28 -1 -1 -1 -1 -1 -1 -1 -1 -1 -1 -1 -1 29 29 29 29 -1 -1 -1 -1 30 30 30 30 -1 -1 -1 -1 31 31 31 31 -1 -1 -1 -1 -1 -1 -1 -1 32 32 32 32 -1 -1 -1 -1 -1 -1 -1 -1 33 33 33 33 -1 -1 -1 -1 34 34 34 34 -1 -1 -1 -1 35 35 35 35 -1 -1 -1 -1 -1 -1 -1 -1 -1 -1 -1 -1 36 36 36 36 -1 -1 -1 -1 37 37 37 37 -1 -1 -1 -1 -1 -1 -1 -1 -1 -1 -1 -1 38 38 38 38 -1 -1 -1 -1 -1 -1 -1 -1 39 39 39 39 40 40 40 40 41 41 41 41 -1 -1 -1 -1 -1 -1 -1 -1 -1 -1 -1 -1 42 42 42 42 -1 -1 -1 -1 -1 -1 -1 -1 43 43 43 43 -1 -1 -1 -1 -1 -1 -1 -1 44 44 44 44 -1 -1 -1 -1 45 45 45 45 46 46 46 46 -1 -1 -1 -1 -1 -1 -1 -1 47 47 47 47 -1 -1 -1 -1 48 48 48 48 -1 -1 -1 -1 -1 -1 -1 -1 49 49 49 49 50 50 50 50 51 51 51 51 -1 -1 -1 -1 52 52 52 52 53 53 53 53 54 54 54 54 55 55 55 55 56 56 56 56 -1 -1 -1 -1 -1 -1 -1 -1 -1 -1 -1 -1 -1 -1 -1 -1 57 57 57 57 58 58 58 58 59 59 59 59 -1 -1 -1 -1 -1 -1 -1 -1 -1 -1 -1 -1 60 60 60 60 -1 -1 -1 -1 -1 -1 -1 -1 -1 -1 -1 -1 -1 -1 -1 -1 61 61 61 61 -1 -1 -1 -1 -1 -1 -1 -1 -1 -1 -1 -1 -1 -1 -1 -1 -1 -1 -1 -1 -1 -1 -1 -1 -1 -1 -1 -1 62 62 62 62 -1 -1 -1 -1 63 63 63 63 -1 -1 -1 -1 -1 -1 -1 -1 64 64 64 64 -1 -1 -1 -1 65 65 65 65 66 66 66 66 67 67 67 67 68 68 68 68 69 69 69 69 70 70 70 70 71 71 71 71 72 72 72 72 73 73 73 73 74 74 74 74 75 75 75 75 76 76 76 76 77 77 77 77 78 78 78 78 -1 -1 -1 -1 79 79 79 79 80 80 80 80 81 81 81 81 82 82 82 82 83 83 83 83 84 84 84 84 -1 -1 -1 -1 -1 -1 -1 -1 -1 -1 -1 -1 -1 -1 -1 -1 85 85 85 85 86 86 86 86 87 87 87 87 88 88 88 88 89 89 89 89 90 90 90 90 91 91 91 91 92 92 92 92 93 93 93 93 94 94 94 94 95 95 95 95 96 96 96 96 97 97 97 97 98 98 98 98 99 99 99 99 100 100 100 100 -1 -1 -1 -1 -1 -1 -1 -1 -1 -1 -1 -1 101 101 101 101 -1 -1 -1 -1 -1 -1 -1 -1 -1 -1 -1 -1 -1 -1 -1 -1 -1 -1 -1 -1 -1 -1 -1 -1 102 102 102 102 103 103 103 103 -1 -1 -1 -1 -1 -1 -1 -1 104 104 104 104 105 105 105 105 -1 -1 -1 -1 106 106 106 106 107 107 107 107 108 108 108 108 109 109 109 109 110 110 110 110 111 111 111 111 112 112 112 112 113 113 113 113 114 114 114 114 115 115 115 115 116 116 116 116 117 117 117 117 118 118 118 118 119 119 119 119 120 120 120 120 121 121 121 121 122 122 122 122 123 123 123 123 -1 -1 -1 -1 -1 -1 -1 -1 124 124 124 124 125 125 125 125 126 126 126 126 127 127 127 127 128 128 128 128 129 129 129 129 130 130 130 130 131 131 131 131 132 132 132 132 -1 -1 -1 -1 -1 -1 -1 -1 -1 -1 -1 -1 133 133 133 133 134 134 134 134 135 135 135 135 136 136 136 136 -1 -1 -1 -1 -1 -1 -1 -1 -1 -1 -1 -1 -1 -1 -1 -1 137 137 137 137 138 138 138 138 -1 -1 -1 -1 -1 -1 -1 -1 -1 -1 -1 -1 -1 -1 -1 -1 -1 -1 -1 -1 139 139 139 139 140 140 140 140 -1 -1 -1 -1 -1 -1 -1 -1 -1 -1 -1 -1 -1 -1 -1 -1 -1 -1 -1 -1 -1 -1 -1 -1 141 141 141 141 142 142 142 142 143 143 143 143 144 144 144 144 145 145 145 145 146 146 146 146 147 147 147 147 148 148 148 148 149 149 149 149 150 150 150 150 151 151 151 151 152 152 152 152 153 153 153 153 154 154 154 154 155 155 155 155 156 156 156 156 157 157 157 157 158 158 158 158 159 159 159 159 160 160 160 160 -1 -1 -1 -1 -1 -1 -1 -1 -1 -1 -1 -1 161 161 161 161 -1 -1 -1 -1 -1 -1 -1 -1 -1 -1 -1 -1 -1 -1 -1 -1 -1 -1 -1 -1 -1 -1 -1 -1 -1 -1 -1 -1 162 162 162 162 -1 -1 -1 -1 -1 -1 -1 -1 163 163 163 163 -1 -1 -1 -1 -1 -1 -1 -1 -1 -1 -1 -1 -1 -1 -1 -1 -1 -1 -1 -1 164 164 164 164 -1 -1 -1 -1 -1 -1 -1 -1 -1 -1 -1 -1 -1 -1 -1 -1 165 165 165 165 166 166 166 166 167 167 167 167 168 168 168 168 169 169 169 169 170 170 170 170 171 171 171 171 172 172 172 172 173 173 173 173 174 174 174 174 175 175 175 175 176 176 176 176 177 177 177 177 178 178 178 178 -1 -1 -1 -1 -1 -1 -1 -1 179 179 179 179 180 180 180 180 -1 -1 -1 -1 -1 -1 -1 -1 181 181 181 181 182 182 182 182 183 183 183 183 184 184 184 184 185 185 185 185 186 186 186 186 187 187 187 187 188 188 188 188 189 189 189 189 190 190 190 190 191 191 191 191 192 192 192 192 193 193 193 193 194 194 194 194 -1 -1 -1 -1 -1 -1 -1 -1 -1 -1 -1 -1 -1 -1 -1 -1 -1 -1 -1 -1 195 195 195 195 -1 -1 -1 -1 -1 -1 -1 -1 196 196 196 196 -1 -1 -1 -1 197 197 197 197 198 198 198 198 199 199 199 199 200 200 200 200 201 201 201 201 202 202 202 202 203 203 203 203 204 204 204 204 205 205 205 205 206 206 206 206 207 207 207 207 208 208 208 208 209 209 209 209 210 210 210 210 211 211 211 211 212 212 212 212 -1 -1 -1 -1 -1 -1 -1 -1 -1 -1 -1 -1 213 213 213 213 -1 -1 -1 -1 -1 -1 -1 -1 214 214 214 214 -1 -1 -1 -1 -1 -1 -1 -1 -1 -1 -1 -1 215 215 215 215 216 216 216 216 -1 -1 -1 -1 -1 -1 -1 -1 217 217 217 217 218 218 218 218 219 219 219 219 220 220 220 220 221 221 221 221 222 222 222 222 223 223 223 223 224 224 224 224 225 225 225 225 226 226 226 226 227 227 227 227 228 228 228 228 229 229 229 229 230 230 230 230 231 231 231 231 232 232 232 232 233 233 233 233 234 234 234 234 235 235 235 235 236 236 236 236 237 237 237 237 238 238 238 238 239 239 239 239 240 240 240 240 241 241 241 241 242 242 242 242 243 243 243 243 244 244 244 244 245 245 245 245 246 246 246 246 247 247 247 247 248 248 248 248 249 249 249 249 250 250 250 250 251 251 251 251 252 252 252 252 -1 -1 -1 -1 253 253 253 253 254 254 254 254 255 255 255 255 256 256 256 256 257 257 257 257 258 258 258 258 259 259 259 259 260 260 260 260 261 261 261 261 262 262 262 262 263 263 263 263 264 264 264 264 -1 -1 -1 -1 265 265 265 265 266 266 266 266 267 267 267 267 268 268 268 268 269 269 269 269 270 270 270 270 271 271 271 271 -1 -1 -1 -1 272 272 272 272 273 273 273 273 274 274 274 274 275 275 275 275 276 276 276 276 277 277 277 277 278 278 278 278 279 279 279 279 280 280 280 280 281 281 281 281 282 282 282 282 283 283 283 283 284 284 284 284 285 285 285 285 286 286 286 286 287 287 287 287 288 288 288 288 289 289 289 289 290 290 290 290 291 291 291 291 292 292 292 292 293 293 293 293 294 294 294 294 295 295 295 295 296 296 296 296 297 297 297 297 298 298 298 298 299 299 299 299 300 300 300 300 301 301 301 301 302 302 302 302 303 303 303 303 304 304 304 304 305 305 305 305 306 306 306 306 307 307 307 307 308 308 308 308 309 309 309 309 310 310 310 310 311 311 311 311 312 312 312 312 313 313 313 313 314 314 314 314 315 315 315 315 316 316 316 316 317 317 317 317 318 318 318 318 319 319 319 319 320 320 320 320 321 321 321 321 322 322 322 322 323 323 323 323 324 324 324 324 325 325 325 325 326 326 326 326 327 327 327 327 328 328 328 328 329 329 329 329 330 330 330 330 331 331 331 331 332 332 332 332 333 333 333 333 334 334 334 334 335 335 335 335 336 336 336 336 337 337 337 337 338 338 338 338 339 339 339 339 340 340 340 340 341 341 341 341 342 342 342 342 343 343 343 343 344 344 344 344 345 345 345 345 346 346 346 346 347 347 347 347 348 348 348 348 349 349 349 349 350 350 350 350 351 351 351 351 352 352 352 352 353 353 353 353 354 354 354 354 355 355 355 355 356 356 356 356 357 357 357 357 358 358 358 358 359 359 359 359 360 360 360 360 361 361 361 361 362 362 362 362 363 363 363 363 364 364 364 364 365 365 365 365 366 366 366 366 367 367 367 367 368 368 368 368 369 369 369 369 370 370 370 370 371 371 371 371 372 372 372 372 373 373 373 373 374 374 374 374 375 375 375 375 376 376 376 376 377 377 377 377 378 378 378 378 379 379 379 379 380 380 380 380 381 381 381 381 382 382 382 382 383 383 383 383 384 384 384 384 385 385 385 385 386 386 386 386 387 387 387 387 388 388 388 388 389 389 389 389 390 390 390 390 391 391 391 391 392 392 392 392 393 393 393 393 394 394 394 394 395 395 395 395 396 396 396 396 397 397 397 397 398 398 398 398 399 399 399 399 400 400 400 400 401 401 401 401 402 402 402 402 403 403 403 403 404 404 404 404 405 405 405 405 406 406 406 406 407 407 407 407 408 408 408 408 409 409 409 409 410 410 410 410 411 411 411 411 412 412 412 412 413 413 413 413 414 414 414 414 415 415 415 415 416 416 416 416 417 417 417 417 418 418 418 418 419 419 419 419 420 420 420 420 421 421 421 421 422 422 422 422 423 423 423 423 424 424 424 424 425 425 425 425 426 426 426 426 427 427 427 427 428 428 428 428 429 429 429 429 430 430 430 430 431 431 431 431 432 432 432 432 433 433 433 433 434 434 434 434 435 435 435 435 436 436 436 436 437 437 437 437 438 438 438 438 439 439 439 439 440 440 440 440 441 441 441 441 442 442 442 442 443 443 443 443 444 444 444 444 445 445 445 445 446 446 446 446 447 447 447 447 448 448 448 448 449 449 449 449 450 450 450 450 451 451 451 451 452 452 452 452 453 453 453 453 454 454 454 454 455 455 455 455 456 456 456 456 457 457 457 457 458 458 458 458 459 459 459 459 460 460 460 460 461 461 461 461 462 462 462 462 463 463 463 463 464 464 464 464 465 465 465 465 466 466 466 466 467 467 467 467 468 468 468 468 469 469 469 469 470 470 470 470 471 471 471 471 472 472 472 472 473 473 473 473 474 474 474 474 475 475 475 475 476 476 476 476 477 477 477 477 478 478 478 478 479 479 479 479 480 480 480 480 481 481 481 481 482 482 482 482 483 483 483 483 484 484 484 484 485 485 485 485 486 486 486 486 487 487 487 487 488 488 488 488 489 489 489 489 490 490 490 490 491 491 491 491 492 492 492 492 493 493 493 493 494 494 494 494 495 495 495 495 496 496 496 496 497 497 497 497 498 498 498 498 499 499 499 499 500 500 500 500 501 501 501 501 502 502 502 502 503 503 503 503 504 504 504 504 505 505 505 505 506 506 506 506 507 507 507 507 508 508 508 508 509 509 509 509 510 510 510 510 511 511 511 511 512 512 512 512 513 513 513 513 514 514 514 514 515 515 515 515 516 516 516 516 517 517 517 517 518 518 518 518 519 519 519 519 520 520 520 520 521 521 521 521 522 522 522 522 523 523 523 523 524 524 524 524 525 525 525 525 526 526 526 526 527 527 527 527 -1 -1 -1 -1 -1 -1 -1 -1 528 528 528 528 529 529 529 529 530 530 530 530 531 531 531 531 532 532 532 532 -1 -1 -1 -1 -1 -1 -1 -1 533 533 533 533 -1 -1 -1 -1 534 534 534 534 -1 -1 -1 -1 -1 -1 -1 -1 535 535 535 535 536 536 536 536 -1 -1 -1 -1 -1 -1 -1 -1 537 537 537 537 538 538 538 538 539 539 539 539 540 540 540 540 541 541 541 541 542 542 542 542 543 543 543 543 544 544 544 544 545 545 545 545 546 546 546 546 547 547 547 547 -1 -1 -1 -1 548 548 548 548 549 549 549 549 550 550 550 550 551 551 551 551 552 552 552 552 553 553 553 553 554 554 554 554 555 555 555 555 556 556 556 556 -1 -1 -1 -1 -1 -1 -1 -1 -1 -1 -1 -1 -1 -1 -1 -1 -1 -1 -1 -1 -1 -1 -1 -1 -1 -1 -1 -1 -1 -1 -1 -1 -1 -1 -1 -1 -1 -1 -1 -1 -1 -1 -1 -1 -1 -1 -1 -1 -1 -1 -1 -1 557 557 557 557 -1 -1 -1 -1 558 558 558 558 559 559 559 559 560 560 560 560 561 561 561 561 562 562 562 562 563 563 563 563 564 564 564 564 565 565 565 565 -1 -1 -1 -1 566 566 566 566 567 567 567 567 568 568 568 568 569 569 569 569 570 570 570 570 571 571 571 571 572 572 572 572 573 573 573 573 574 574 574 574 -1 -1 -1 -1 575 575 575 575 576 576 576 576 577 577 577 577 578 578 578 578 579 579 579 579 580 580 580 580 581 581 581 581 582 582 582 582 583 583 583 583 584 584 584 584 585 585 585 585 586 586 586 586 587 587 587 587 588 588 588 588 589 589 589 589 590 590 590 590 591 591 591 591 592 592 592 592 593 593 593 593 594 594 594 594 595 595 595 595 596 596 596 596 597 597 597 597 598 598 598 598 599 599 599 599 600 600 600 600 601 601 601 601 602 602 602 602 603 603 603 603 604 604 604 604 605 605 605 605 606 606 606 606 607 607 607 607 608 608 608 608 609 609 609 609 610 610 610 610 611 611 611 611 612 612 612 612 613 613 613 613 614 614 614 614 615 615 615 615 616 616 616 616 617 617 617 617 618 618 618 618 619 619 619 619 620 620 620 620 621 621 621 621 622 622 622 622 623 623 623 623 624 624 624 624 625 625 625 625 626 626 626 626 627 627 627 627 628 628 628 628 629 629 629 629 630 630 630 630 631 631 631 631 632 632 632 632 633 633 633 633 634 634 634 634 635 635 635 635 636 636 636 636 637 637 637 637 638 638 638 638 639 639 639 639 640 640 640 640 641 641 641 641 642 642 642 642 643 643 643 643 644 644 644 644 645 645 645 645 646 646 646 646 647 647 647 647 648 648 648 648 649 649 649 649 650 650 650 650 651 651 651 651 652 652 652 652 653 653 653 653 654 654 654 654 655 655 655 655 656 656 656 656 657 657 657 657 658 658 658 658 659 659 659 659 660 660 660 660 661 661 661 661 662 662 662 662 663 663 663 663 664 664 664 664 665 665 665 665 666 666 666 666 667 667 667 667 668 668 668 668 669 669 669 669 670 670 670 670 671 671 671 671 672 672 672 672 673 673 673 673 674 674 674 674 675 675 675 675 676 676 676 676 677 677 677 677 678 678 678 678 679 679 679 679 680 680 680 680 681 681 681 681 682 682 682 682 683 683 683 683 684 684 684 684 685 685 685 685 686 686 686 686 687 687 687 687 688 688 688 688 689 689 689 689 690 690 690 690 691 691 691 691 692 692 692 692 693 693 693 693 694 694 694 694 695 695 695 695 696 696 696 696 697 697 697 697 698 698 698 698 699 699 699 699 700 700 700 700 701 701 701 701 702 702 702 702 703 703 703 703 704 704 704 704 705 705 705 705 706 706 706 706 707 707 707 707 708 708 708 708 709 709 709 709 710 710 710 710 711 711 711 711 712 712 712 712 713 713 713 713 714 714 714 714 715 715 715 715 716 716 716 716 717 717 717 717 718 718 718 718 719 719 719 719 720 720 720 720 721 721 721 721 722 722 722 722 723 723 723 723 724 724 724 724 725 725 725 725 726 726 726 726 727 727 727 727 728 728 728 728 729 729 729 729 730 730 730 730 731 731 731 731 732 732 732 732 733 733 733 733 734 734 734 734 735 735 735 735 736 736 736 736 737 737 737 737 738 738 738 738 739 739 739 739 740 740 740 740 741 741 741 741 742 742 742 742 743 743 743 743 744 744 744 744 745 745 745 745 746 746 746 746 747 747 747 747 748 748 748 748 749 749 749 749 750 750 750 750 751 751 751 751 752 752 752 752 753 753 753 753 754 754 754 754 755 755 755 755 756 756 756 756 757 757 757 757 758 758 758 758 759 759 759 759 760 760 760 760 761 761 761 761 762 762 762 762 763 763 763 763 764 764 764 764 765 765 765 765 766 766 766 766 767 767 767 767 768 768 768 768 769 769 769 769 770 770 770 770 771 771 771 771 772 772 772 772 773 773 773 773 774 774 774 774 775 775 775 775 776 776 776 776 777 777 777 777 778 778 778 778 779 779 779 779 780 780 780 780 781 781 781 781 782 782 782 782 783 783 783 783 784 784 784 784 785 785 785 785 786 786 786 786 787 787 787 787 788 788 788 788 789 789 789 789 790 790 790 790 791 791 791 791 792 792 792 792 793 793 793 793 794 794 794 794 795 795 795 795 796 796 796 796 797 797 797 797 798 798 798 798 799 799 799 799 800 800 800 800 801 801 801 801 802 802 802 802 803 803 803 803 804 804 804 804 805 805 805 805 806 806 806 806 807 807 807 807 808 808 808 808 809 809 809 809 810 810 810 810 811 811 811 811 812 812 812 812 813 813 813 813 814 814 814 814 815 815 815 815 816 816 816 816 817 817 817 817 818 818 818 818 819 819 819 819 820 820 820 820 821 821 821 821 822 822 822 822 823 823 823 823 824 824 824 824 825 825 825 825 826 826 826 826 827 827 827 827 828 828 828 828 829 829 829 829 830 830 830 830 831 831 831 831 832 832 832 832 833 833 833 833 834 834 834 834 835 835 835 835 836 836 836 836 837 837 837 837 838 838 838 838 839 839 839 839 840 840 840 840 841 841 841 841 842 842 842 842 843 843 843 843 844 844 844 844 845 845 845 845 846 846 846 846 847 847 847 847 848 848 848 848 849 849 849 849 850 850 850 850 851 851 851 851 852 852 852 852 853 853 853 853 854 854 854 854 855 855 855 855 856 856 856 856 857 857 857 857 858 858 858 858 859 859 859 859 860 860 860 860 861 861 861 861 862 862 862 862 863 863 863 863 864 864 864 864 865 865 865 865 866 866 866 866 867 867 867 867 868 868 868 868 869 869 869 869 870 870 870 870 871 871 871 871 872 872 872 872 873 873 873 873 874 874 874 874 875 875 875 875 876 876 876 876 877 877 877 877 878 878 878 878 879 879 879 879 880 880 880 880 881 881 881 881 882 882 882 882 883 883 883 883 884 884 884 884 885 885 885 885 886 886 886 886 887 887 887 887 888 888 888 888 889 889 889 889 890 890 890 890 891 891 891 891 892 892 892 892 893 893 893 893 894 894 894 894 895 895 895 895 896 896 896 896 897 897 897 897 898 898 898 898 899 899 899 899 900 900 900 900 901 901 901 901 902 902 902 902 903 903 903 903 904 904 904 904 905 905 905 905 906 906 906 906 907 907 907 907 908 908 908 908 909 909 909 909 910 910 910 910 911 911 911 911 912 912 912 912 913 913 913 913 -1 -1 -1 -1 914 914 914 914 915 915 915 915 916 916 916 916 917 917 917 917 918 918 918 918 919 919 919 919 920 920 920 920 921 921 921 921 922 922 922 922 923 923 923 923 924 924 924 924 925 925 925 925 926 926 926 926 927 927 927 927 928 928 928 928 929 929 929 929 930 930 930 930 931 931 931 931 932 932 932 932 933 933 933 933 934 934 934 934 935 935 935 935 936 936 936 936 937 937 937 937 938 938 938 938 939 939 939 939 940 940 940 940 941 941 941 941 942 942 942 942 943 943 943 943 944 944 944 944 945 945 945 945 946 946 946 946 947 947 947 947 948 948 948 948 949 949 949 949 950 950 950 950 951 951 951 951 952 952 952 952 953 953 953 953 954 954 954 954 955 955 955 955 956 956 956 956 957 957 957 957 958 958 958 958 959 959 959 959 960 960 960 960 961 961 961 961 962 962 962 962 963 963 963 963 964 964 964 964 965 965 965 965 966 966 966 966 967 967 967 967 968 968 968 968 969 969 969 969 970 970 970 970 971 971 971 971 972 972 972 972 973 973 973 973 974 974 974 974 975 975 975 975 976 976 976 976 977 977 977 977 978 978 978 978 979 979 979 979 980 980 980 980 981 981 981 981 982 982 982 982 983 983 983 983 984 984 984 984 985 985 985 985 986 986 986 986 987 987 987 987 988 988 988 988 989 989 989 989 990 990 990 990 991 991 991 991 992 992 992 992 993 993 993 993 994 994 994 994 995 995 995 995 996 996 996 996 997 997 997 997 998 998 998 998 999 999 999 999 1000 1000 1000 1000 1001 1001 1001 1001 1002 1002 1002 1002 1003 1003 1003 1003 1004 1004 1004 1004 1005 1005 1005 1005 1006 1006 1006 1006 1007 1007 1007 1007 1008 1008 1008 1008 1009 1009 1009 1009 1010 1010 1010 1010 1011 1011 1011 1011 1012 1012 1012 1012 1013 1013 1013 1013 1014 1014 1014 1014 1015 1015 1015 1015 1016 1016 1016 1016 1017 1017 1017 1017 1018 1018 1018 1018 1019 1019 1019 1019 1020 1020 1020 1020 1021 1021 1021 1021 1022 1022 1022 1022 1023 1023 1023 1023 1024 1024 1024 1024 1025 1025 1025 1025 1026 1026 1026 1026 1027 1027 1027 1027 1028 1028 1028 1028 1029 1029 1029 1029 1030 1030 1030 1030 1031 1031 1031 1031 1032 1032 1032 1032 1033 1033 1033 1033 1034 1034 1034 1034 1035 1035 1035 1035 1036 1036 1036 1036 1037 1037 1037 1037 1038 1038 1038 1038 1039 1039 1039 1039 1040 1040 1040 1040 1041 1041 1041 1041 1042 1042 1042 1042 1043 1043 1043 1043 1044 1044 1044 1044 1045 1045 1045 1045 1046 1046 1046 1046 1047 1047 1047 1047 1048 1048 1048 1048 1049 1049 1049 1049 1050 1050 1050 1050 1051 1051 1051 1051 1052 1052 1052 1052 1053 1053 1053 1053 1054 1054 1054 1054 1055 1055 1055 1055 1056 1056 1056 1056 1057 1057 1057 1057 1058 1058 1058 1058 1059 1059 1059 1059 1060 1060 1060 1060 1061 1061 1061 1061 1062 1062 1062 1062 1063 1063 1063 1063 1064 1064 1064 1064 1065 1065 1065 1065 1066 1066 1066 1066 1067 1067 1067 1067 1068 1068 1068 1068 1069 1069 1069 1069 1070 1070 1070 1070 1071 1071 1071 1071 1072 1072 1072 1072 1073 1073 1073 1073 1074 1074 1074 1074 1075 1075 1075 1075 1076 1076 1076 1076 1077 1077 1077 1077 1078 1078 1078 1078 1079 1079 1079 1079 1080 1080 1080 1080 1081 1081 1081 1081 1082 1082 1082 1082 1083 1083 1083 1083 1084 1084 1084 1084 1085 1085 1085 1085 1086 1086 1086 1086 1087 1087 1087 1087 1088 1088 1088 1088 1089 1089 1089 1089 1090 1090 1090 1090 1091 1091 1091 1091 1092 1092 1092 1092 1093 1093 1093 1093 1094 1094 1094 1094 1095 1095 1095 1095 1096 1096 1096 1096 1097 1097 1097 1097 1098 1098 1098 1098 1099 1099 1099 1099 1100 1100 1100 1100 1101 1101 1101 1101 1102 1102 1102 1102 1103 1103 1103 1103 1104 1104 1104 1104 1105 1105 1105 1105 1106 1106 1106 1106 1107 1107 1107 1107 1108 1108 1108 1108 1109 1109 1109 1109 1110 1110 1110 1110 1111 1111 1111 1111 1112 1112 1112 1112 1113 1113 1113 1113 1114 1114 1114 1114 1115 1115 1115 1115 1116 1116 1116 1116 1117 1117 1117 1117 1118 1118 1118 1118 1119 1119 1119 1119 1120 1120 1120 1120 1121 1121 1121 1121 1122 1122 1122 1122 1123 1123 1123 1123 1124 1124 1124 1124 1125 1125 1125 1125 1126 1126 1126 1126 1127 1127 1127 1127 1128 1128 1128 1128 1129 1129 1129 1129 1130 1130 1130 1130 1131 1131 1131 1131 1132 1132 1132 1132 1133 1133 1133 1133 1134 1134 1134 1134 1135 1135 1135 1135 1136 1136 1136 1136 1137 1137 1137 1137 1138 1138 1138 1138 1139 1139 1139 1139 1140 1140 1140 1140 1141 1141 1141 1141 1142 1142 1142 1142 1143 1143 1143 1143 -1 -1 -1 -1 1144 1144 1144 1144 1145 1145 1145 1145 1146 1146 1146 1146 1147 1147 1147 1147 1148 1148 1148 1148 1149 1149 1149 1149 1150 1150 1150 1150 1151 1151 1151 1151 1152 1152 1152 1152 1153 1153 1153 1153 1154 1154 1154 1154 1155 1155 1155 1155 1156 1156 1156 1156 1157 1157 1157 1157 1158 1158 1158 1158 1159 1159 1159 1159 1160 1160 1160 1160 1161 1161 1161 1161 1162 1162 1162 1162 1163 1163 1163 1163 1164 1164 1164 1164 1165 1165 1165 1165 1166 1166 1166 1166 1167 1167 1167 1167 1168 1168 1168 1168 1169 1169 1169 1169 1170 1170 1170 1170 1171 1171 1171 1171 1172 1172 1172 1172 1173 1173 1173 1173 1174 1174 1174 1174 1175 1175 1175 1175 1176 1176 1176 1176 1177 1177 1177 1177 1178 1178 1178 1178 1179 1179 1179 1179 1180 1180 1180 1180 1181 1181 1181 1181 1182 1182 1182 1182 1183 1183 1183 1183 1184 1184 1184 1184 1185 1185 1185 1185 1186 1186 1186 1186 1187 1187 1187 1187 1188 1188 1188 1188 1189 1189 1189 1189 1190 1190 1190 1190 1191 1191 1191 1191 1192 1192 1192 1192 1193 1193 1193 1193 1194 1194 1194 1194 1195 1195 1195 1195 1196 1196 1196 1196 1197 1197 1197 1197 1198 1198 1198 1198 1199 1199 1199 1199 1200 1200 1200 1200 1201 1201 1201 1201 1202 1202 1202 1202 1203 1203 1203 1203 1204 1204 1204 1204 1205 1205 1205 1205 1206 1206 1206 1206 1207 1207 1207 1207 1208 1208 1208 1208 1209 1209 1209 1209 1210 1210 1210 1210 1211 1211 1211 1211 1212 1212 1212 1212 1213 1213 1213 1213 1214 1214 1214 1214 1215 1215 1215 1215 1216 1216 1216 1216 1217 1217 1217 1217 1218 1218 1218 1218 1219 1219 1219 1219 1220 1220 1220 1220 1221 1221 1221 1221 1222 1222 1222 1222 1223 1223 1223 1223 1224 1224 1224 1224 1225 1225 1225 1225 1226 1226 1226 1226 -1 -1 -1 -1 1227 1227 1227 1227 1228 1228 1228 1228 1229 1229 1229 1229 1230 1230 1230 1230 1231 1231 1231 1231 1232 1232 1232 1232 1233 1233 1233 1233 1234 1234 1234 1234 1235 1235 1235 1235 1236 1236 1236 1236 1237 1237 1237 1237 1238 1238 1238 1238 1239 1239 1239 1239 1240 1240 1240 1240 1241 1241 1241 1241 1242 1242 1242 1242 1243 1243 1243 1243 1244 1244 1244 1244 1245 1245 1245 1245 1246 1246 1246 1246 1247 1247 1247 1247 1248 1248 1248 1248 1249 1249 1249 1249 -1 -1 -1 -1 1250 1250 1250 1250 1251 1251 1251 1251 1252 1252 1252 1252 1253 1253 1253 1253 1254 1254 1254 1254 1255 1255 1255 1255 1256 1256 1256 1256 1257 1257 1257 1257 1258 1258 1258 1258 1259 1259 1259 1259 1260 1260 1260 1260 1261 1261 1261 1261 1262 1262 1262 1262 1263 1263 1263 1263 1264 1264 1264 1264 1265 1265 1265 1265 1266 1266 1266 1266 1267 1267 1267 1267 1268 1268 1268 1268 -1 -1 -1 -1 1269 1269 1269 1269 1270 1270 1270 1270 -1 -1 -1 -1 -1 -1 -1 -1 -1 -1 -1 -1 1271 1271 1271 1271 1272 1272 1272 1272 -1 -1 -1 -1 -1 -1 -1 -1 -1 -1 -1 -1 -1 -1 -1 -1 -1 -1 -1 -1 1273 1273 1273 1273 -1 -1 -1 -1 -1 -1 -1 -1 1274 1274 1274 1274 1275 1275 1275 1275 -1 -1 -1 -1 -1 -1 -1 -1 -1 -1 -1 -1 -1 -1 -1 -1 -1 -1 -1 -1 -1 -1 -1 -1 -1 -1 -1 -1 -1 -1 -1 -1 -1 -1 -1 -1 -1 -1 -1 -1 -1 -1 -1 -1 1276 1276 1276 1276 -1 -1 -1 -1 1277 1277 1277 1277 -1 -1 -1 -1 -1 -1 -1 -1 1278 1278 1278 1278 -1 -1 -1 -1 -1 -1 -1 -1 -1 -1 -1 -1 -1 -1 -1 -1 -1 -1 -1 -1 -1 -1 -1 -1 -1 -1 -1 -1 1279 1279 1279 1279 1280 1280 1280 1280 1281 1281 1281 1281 1282 1282 1282 1282 1283 1283 1283 1283 1284 1284 1284 1284 1285 1285 1285 1285 1286 1286 1286 1286 1287 1287 1287 1287 1288 1288 1288 1288 1289 1289 1289 1289 1290 1290 1290 1290 1291 1291 1291 1291 1292 1292 1292 1292 -1 -1 -1 -1 1293 1293 1293 1293 -1 -1 -1 -1 1294 1294 1294 1294 1295 1295 1295 1295 1296 1296 1296 1296 1297 1297 1297 1297 1298 1298 1298 1298 1299 1299 1299 1299 1300 1300 1300 1300 1301 1301 1301 1301 1302 1302 1302 1302 1303 1303 1303 1303 1304 1304 1304 1304 1305 1305 1305 1305 1306 1306 1306 1306 1307 1307 1307 1307 1308 1308 1308 1308 1309 1309 1309 1309 1310 1310 1310 1310 1311 1311 1311 1311 1312 1312 1312 1312 1313 1313 1313 1313 1314 1314 1314 1314 1315 1315 1315 1315 1316 1316 1316 1316 1317 1317 1317 1317 1318 1318 1318 1318 1319 1319 1319 1319 1320 1320 1320 1320 1321 1321 1321 1321 1322 1322 1322 1322 1323 1323 1323 1323 1324 1324 1324 1324 1325 1325 1325 1325 1326 1326 1326 1326 1327 1327 1327 1327 1328 1328 1328 1328 1329 1329 1329 1329 1330 1330 1330 1330 1331 1331 1331 1331 1332 1332 1332 1332 1333 1333 1333 1333 1334 1334 1334 1334 1335 1335 1335 1335 1336 1336 1336 1336 1337 1337 1337 1337 1338 1338 1338 1338 1339 1339 1339 1339 1340 1340 1340 1340 1341 1341 1341 1341 1342 1342 1342 1342 1343 1343 1343 1343 1344 1344 1344 1344 1345 1345 1345 1345 1346 1346 1346 1346 1347 1347 1347 1347 1348 1348 1348 1348 1349 1349 1349 1349 1350 1350 1350 1350 1351 1351 1351 1351 1352 1352 1352 1352 1353 1353 1353 1353 1354 1354 1354 1354 1355 1355 1355 1355 1356 1356 1356 1356 1357 1357 1357 1357 1358 1358 1358 1358 1359 1359 1359 1359 1360 1360 1360 1360 1361 1361 1361 1361 1362 1362 1362 1362 1363 1363 1363 1363 1364 1364 1364 1364 1365 1365 1365 1365 1366 1366 1366 1366 1367 1367 1367 1367 1368 1368 1368 1368 1369 1369 1369 1369 1370 1370 1370 1370 1371 1371 1371 1371 1372 1372 1372 1372 1373 1373 1373 1373 1374 1374 1374 1374 1375 1375 1375 1375 1376 1376 1376 1376 1377 1377 1377 1377 1378 1378 1378 1378 1379 1379 1379 1379 1380 1380 1380 1380 1381 1381 1381 1381 1382 1382 1382 1382 1383 1383 1383 1383 1384 1384 1384 1384 1385 1385 1385 1385 1386 1386 1386 1386 1387 1387 1387 1387 1388 1388 1388 1388 1389 1389 1389 1389 1390 1390 1390 1390 1391 1391 1391 1391 1392 1392 1392 1392 1393 1393 1393 1393 1394 1394 1394 1394 1395 1395 1395 1395 1396 1396 1396 1396 1397 1397 1397 1397 1398 1398 1398 1398 1399 1399 1399 1399 1400 1400 1400 1400 1401 1401 1401 1401 1402 1402 1402 1402 1403 1403 1403 1403 1404 1404 1404 1404 1405 1405 1405 1405 1406 1406 1406 1406 1407 1407 1407 1407 -1 -1 -1 -1 1408 1408 1408 1408 1409 1409 1409 1409 1410 1410 1410 1410 1411 1411 1411 1411 1412 1412 1412 1412 1413 1413 1413 1413 1414 1414 1414 1414 1415 1415 1415 1415 1416 1416 1416 1416 1417 1417 1417 1417 1418 1418 1418 1418 1419 1419 1419 1419 1420 1420 1420 1420 1421 1421 1421 1421 1422 1422 1422 1422 1423 1423 1423 1423 1424 1424 1424 1424 1425 1425 1425 1425 -1 -1 -1 -1 1426 1426 1426 1426 1427 1427 1427 1427 1428 1428 1428 1428 1429 1429 1429 1429 1430 1430 1430 1430 1431 1431 1431 1431 1432 1432 1432 1432 1433 1433 1433 1433 1434 1434 1434 1434 1435 1435 1435 1435 1436 1436 1436 1436 1437 1437 1437 1437 1438 1438 1438 1438 1439 1439 1439 1439 1440 1440 1440 1440 1441 1441 1441 1441 1442 1442 1442 1442 1443 1443 1443 1443 1444 1444 1444 1444 1445 1445 1445 1445 1446 1446 1446 1446 1447 1447 1447 1447 1448 1448 1448 1448 1449 1449 1449 1449 1450 1450 1450 1450 1451 1451 1451 1451 1452 1452 1452 1452 1453 1453 1453 1453 1454 1454 1454 1454 1455 1455 1455 1455 1456 1456 1456 1456 1457 1457 1457 1457 1458 1458 1458 1458 1459 1459 1459 1459 1460 1460 1460 1460 1461 1461 1461 1461 1462 1462 1462 1462 1463 1463 1463 1463 1464 1464 1464 1464 -1 -1 -1 -1 1465 1465 1465 1465 1466 1466 1466 1466 1467 1467 1467 1467 1468 1468 1468 1468 1469 1469 1469 1469 1470 1470 1470 1470 1471 1471 1471 1471 1472 1472 1472 1472 1473 1473 1473 1473 1474 1474 1474 1474 1475 1475 1475 1475 1476 1476 1476 1476 1477 1477 1477 1477 1478 1478 1478 1478 1479 1479 1479 1479 1480 1480 1480 1480 1481 1481 1481 1481 1482 1482 1482 1482 1483 1483 1483 1483 1484 1484 1484 1484 1485 1485 1485 1485 -1 -1 -1 -1 1486 1486 1486 1486 1487 1487 1487 1487 1488 1488 1488 1488 1489 1489 1489 1489 1490 1490 1490 1490 1491 1491 1491 1491 1492 1492 1492 1492 1493 1493 1493 1493 1494 1494 1494 1494 1495 1495 1495 1495 1496 1496 1496 1496 1497 1497 1497 1497 -1 -1 -1 -1 -1 -1 -1 -1 -1 -1 -1 -1 -1 -1 -1 -1 1498 1498 1498 1498 1499 1499 1499 1499 -1 -1 -1 -1 1500 1500 1500 1500 1501 1501 1501 1501 1502 1502 1502 1502 1503 1503 1503 1503 1504 1504 1504 1504 1505 1505 1505 1505 1506 1506 1506 1506 1507 1507 1507 1507 1508 1508 1508 1508 -1 -1 -1 -1 1509 1509 1509 1509 1510 1510 1510 1510 1511 1511 1511 1511 1512 1512 1512 1512 1513 1513 1513 1513 1514 1514 1514 1514 1515 1515 1515 1515 1516 1516 1516 1516 1517 1517 1517 1517 1518 1518 1518 1518 1519 1519 1519 1519 1520 1520 1520 1520 -1 -1 -1 -1 -1 -1 -1 -1 -1 -1 -1 -1 -1 -1 -1 -1 -1 -1 -1 -1 -1 -1 -1 -1 -1 -1 -1 -1 -1 -1 -1 -1 -1 -1 -1 -1 1521 1521 1521 1521 1522 1522 1522 1522 -1 -1 -1 -1 1523 1523 1523 1523 1524 1524 1524 1524 1525 1525 1525 1525 -1 -1 -1 -1 1526 1526 1526 1526 1527 1527 1527 1527 1528 1528 1528 1528 1529 1529 1529 1529 -1 -1 -1 -1 1530 1530 1530 1530 1531 1531 1531 1531 -1 -1 -1 -1 1532 1532 1532 1532 1533 1533 1533 1533 -1 -1 -1 -1 -1 -1 -1 -1 -1 -1 -1 -1 -1 -1 -1 -1 1534 1534 1534 1534 1535 1535 1535 1535 1536 1536 1536 1536 1537 1537 1537 1537 1538 1538 1538 1538 1539 1539 1539 1539 1540 1540 1540 1540 1541 1541 1541 1541 1542 1542 1542 1542 -1 -1 -1 -1 -1 -1 -1 -1 -1 -1 -1 -1 -1 -1 -1 -1 1543 1543 1543 1543 1544 1544 1544 1544 -1 -1 -1 -1 1545 1545 1545 1545 1546 1546 1546 1546 -1 -1 -1 -1 1547 1547 1547 1547 1548 1548 1548 1548 1549 1549 1549 1549 1550 1550 1550 1550 1551 1551 1551 1551 1552 1552 1552 1552 1553 1553 1553 1553 1554 1554 1554 1554 1555 1555 1555 1555 1556 1556 1556 1556 1557 1557 1557 1557 1558 1558 1558 1558 1559 1559 1559 1559 1560 1560 1560 1560 1561 1561 1561 1561 1562 1562 1562 1562 1563 1563 1563 1563 1564 1564 1564 1564 1565 1565 1565 1565 1566 1566 1566 1566 1567 1567 1567 1567 1568 1568 1568 1568 -1 -1 -1 -1 1569 1569 1569 1569 1570 1570 1570 1570 1571 1571 1571 1571 1572 1572 1572 1572 1573 1573 1573 1573 1574 1574 1574 1574 -1 -1 -1 -1 -1 -1 -1 -1 -1 -1 -1 -1 -1 -1 -1 -1 1575 1575 1575 1575 1576 1576 1576 1576 1577 1577 1577 1577 1578 1578 1578 1578 1579 1579 1579 1579 1580 1580 1580 1580 -1 -1 -1 -1 1581 1581 1581 1581 1582 1582 1582 1582 -1 -1 -1 -1 1583 1583 1583 1583 1584 1584 1584 1584 1585 1585 1585 1585 1586 1586 1586 1586 1587 1587 1587 1587 -1 -1 -1 -1 1588 1588 1588 1588 1589 1589 1589 1589 1590 1590 1590 1590 1591 1591 1591 1591 1592 1592 1592 1592 1593 1593 1593 1593 1594 1594 1594 1594 1595 1595 1595 1595 1596 1596 1596 1596 1597 1597 1597 1597 1598 1598 1598 1598 -1 -1 -1 -1 1599 1599 1599 1599 1600 1600 1600 1600 -1 -1 -1 -1 -1 -1 -1 -1 -1 -1 -1 -1 -1 -1 -1 -1 -1 -1 -1 -1 1601 1601 1601 1601 1602 1602 1602 1602 1603 1603 1603 1603 1604 1604 1604 1604 1605 1605 1605 1605 1606 1606 1606 1606 1607 1607 1607 1607 1608 1608 1608 1608 1609 1609 1609 1609 -1 -1 -1 -1 -1 -1 -1 -1 -1 -1 -1 -1 -1 -1 -1 -1 1610 1610 1610 1610 1611 1611 1611 1611 1612 1612 1612 1612 -1 -1 -1 -1 1613 1613 1613 1613 1614 1614 1614 1614 1615 1615 1615 1615 1616 1616 1616 1616 1617 1617 1617 1617 1618 1618 1618 1618 1619 1619 1619 1619 1620 1620 1620 1620 1621 1621 1621 1621 1622 1622 1622 1622 1623 1623 1623 1623 1624 1624 1624 1624 1625 1625 1625 1625 1626 1626 1626 1626 1627 1627 1627 1627 1628 1628 1628 1628 1629 1629 1629 1629 1630 1630 1630 1630 1631 1631 1631 1631 1632 1632 1632 1632 -1 -1 -1 -1 1633 1633 1633 1633 -1 -1 -1 -1 1634 1634 1634 1634 -1 -1 -1 -1 -1 -1 -1 -1 1635 1635 1635 1635 1636 1636 1636 1636 -1 -1 -1 -1 1637 1637 1637 1637 1638 1638 1638 1638 1639 1639 1639 1639 1640 1640 1640 1640 1641 1641 1641 1641 1642 1642 1642 1642 1643 1643 1643 1643 1644 1644 1644 1644 1645 1645 1645 1645 1646 1646 1646 1646 1647 1647 1647 1647 1648 1648 1648 1648 1649 1649 1649 1649 1650 1650 1650 1650 1651 1651 1651 1651 1652 1652 1652 1652 1653 1653 1653 1653 1654 1654 1654 1654 1655 1655 1655 1655 1656 1656 1656 1656 1657 1657 1657 1657 1658 1658 1658 1658 1659 1659 1659 1659 1660 1660 1660 1660 1661 1661 1661 1661 1662 1662 1662 1662 1663 1663 1663 1663 1664 1664 1664 1664 1665 1665 1665 1665 1666 1666 1666 1666 1667 1667 1667 1667 1668 1668 1668 1668 1669 1669 1669 1669 1670 1670 1670 1670 1671 1671 1671 1671 1672 1672 1672 1672 1673 1673 1673 1673 1674 1674 1674 1674 1675 1675 1675 1675 1676 1676 1676 1676 1677 1677 1677 1677 1678 1678 1678 1678 1679 1679 1679 1679 1680 1680 1680 1680 1681 1681 1681 1681 1682 1682 1682 1682 1683 1683 1683 1683 1684 1684 1684 1684 1685 1685 1685 1685 1686 1686 1686 1686 1687 1687 1687 1687 1688 1688 1688 1688 1689 1689 1689 1689 1690 1690 1690 1690 1691 1691 1691 1691 1692 1692 1692 1692 -1 -1 -1 -1 -1 -1 -1 -1 -1 -1 -1 -1 -1 -1 -1 -1 -1 -1 -1 -1 -1 -1 -1 -1 -1 -1 -1 -1 -1 -1 -1 -1 1693 1693 1693 1693 1694 1694 1694 1694 1695 1695 1695 1695 1696 1696 1696 1696 1697 1697 1697 1697 1698 1698 1698 1698 1699 1699 1699 1699 1700 1700 1700 1700 1701 1701 1701 1701 1702 1702 1702 1702 1703 1703 1703 1703 1704 1704 1704 1704 1705 1705 1705 1705 1706 1706 1706 1706 1707 1707 1707 1707 1708 1708 1708 1708 1709 1709 1709 1709 1710 1710 1710 1710 1711 1711 1711 1711 1712 1712 1712 1712 1713 1713 1713 1713 1714 1714 1714 1714 1715 1715 1715 1715 1716 1716 1716 1716 1717 1717 1717 1717 1718 1718 1718 1718 1719 1719 1719 1719 1720 1720 1720 1720 1721 1721 1721 1721 1722 1722 1722 1722 1723 1723 1723 1723 1724 1724 1724 1724 1725 1725 1725 1725 1726 1726 1726 1726 1727 1727 1727 1727 1728 1728 1728 1728 1729 1729 1729 1729 1730 1730 1730 1730 1731 1731 1731 1731 1732 1732 1732 1732 1733 1733 1733 1733 1734 1734 1734 1734 1735 1735 1735 1735 1736 1736 1736 1736 1737 1737 1737 1737 1738 1738 1738 1738 1739 1739 1739 1739 1740 1740 1740 1740 1741 1741 1741 1741 1742 1742 1742 1742 1743 1743 1743 1743 1744 1744 1744 1744 1745 1745 1745 1745 1746 1746 1746 1746 1747 1747 1747 1747 1748 1748 1748 1748 1749 1749 1749 1749 1750 1750 1750 1750 1751 1751 1751 1751 1752 1752 1752 1752 1753 1753 1753 1753 1754 1754 1754 1754 1755 1755 1755 1755 1756 1756 1756 1756 1757 1757 1757 1757 1758 1758 1758 1758 1759 1759 1759 1759 1760 1760 1760 1760 1761 1761 1761 1761 1762 1762 1762 1762 1763 1763 1763 1763 1764 1764 1764 1764 1765 1765 1765 1765 1766 1766 1766 1766 1767 1767 1767 1767 1768 1768 1768 1768 1769 1769 1769 1769 1770 1770 1770 1770 1771 1771 1771 1771 1772 1772 1772 1772 1773 1773 1773 1773 1774 1774 1774 1774 1775 1775 1775 1775 1776 1776 1776 1776 1777 1777 1777 1777 1778 1778 1778 1778 1779 1779 1779 1779 1780 1780 1780 1780 1781 1781 1781 1781 1782 1782 1782 1782 1783 1783 1783 1783 1784 1784 1784 1784 1785 1785 1785 1785 1786 1786 1786 1786 1787 1787 1787 1787 1788 1788 1788 1788 1789 1789 1789 1789 1790 1790 1790 1790 1791 1791 1791 1791 1792 1792 1792 1792 1793 1793 1793 1793 1794 1794 1794 1794 1795 1795 1795 1795 1796 1796 1796 1796 1797 1797 1797 1797 1798 1798 1798 1798 1799 1799 1799 1799 1800 1800 1800 1800 1801 1801 1801 1801 1802 1802 1802 1802 1803 1803 1803 1803 1804 1804 1804 1804 1805 1805 1805 1805 1806 1806 1806 1806 1807 1807 1807 1807 1808 1808 1808 1808 1809 1809 1809 1809 1810 1810 1810 1810 1811 1811 1811 1811 1812 1812 1812 1812 1813 1813 1813 1813 1814 1814 1814 1814 1815 1815 1815 1815 1816 1816 1816 1816 1817 1817 1817 1817 1818 1818 1818 1818 1819 1819 1819 1819 1820 1820 1820 1820 1821 1821 1821 1821 1822 1822 1822 1822 1823 1823 1823 1823 1824 1824 1824 1824 1825 1825 1825 1825 1826 1826 1826 1826 1827 1827 1827 1827 1828 1828 1828 1828 1829 1829 1829 1829 1830 1830 1830 1830 1831 1831 1831 1831 1832 1832 1832 1832 1833 1833 1833 1833 1834 1834 1834 1834 1835 1835 1835 1835 1836 1836 1836 1836 1837 1837 1837 1837 1838 1838 1838 1838 1839 1839 1839 1839 1840 1840 1840 1840 1841 1841 1841 1841 1842 1842 1842 1842 1843 1843 1843 1843 1844 1844 1844 1844 1845 1845 1845 1845 1846 1846 1846 1846 1847 1847 1847 1847 1848 1848 1848 1848 1849 1849 1849 1849 1850 1850 1850 1850 1851 1851 1851 1851 1852 1852 1852 1852 1853 1853 1853 1853 1854 1854 1854 1854 1855 1855 1855 1855 1856 1856 1856 1856 1857 1857 1857 1857 1858 1858 1858 1858 1859 1859 1859 1859 1860 1860 1860 1860 1861 1861 1861 1861 1862 1862 1862 1862 1863 1863 1863 1863 1864 1864 1864 1864 1865 1865 1865 1865 1866 1866 1866 1866 1867 1867 1867 1867 1868 1868 1868 1868 1869 1869 1869 1869 1870 1870 1870 1870 1871 1871 1871 1871 1872 1872 1872 1872 1873 1873 1873 1873 1874 1874 1874 1874 1875 1875 1875 1875 1876 1876 1876 1876 1877 1877 1877 1877 1878 1878 1878 1878 1879 1879 1879 1879 1880 1880 1880 1880 1881 1881 1881 1881 1882 1882 1882 1882 1883 1883 1883 1883 1884 1884 1884 1884 1885 1885 1885 1885 1886 1886 1886 1886 1887 1887 1887 1887 1888 1888 1888 1888 1889 1889 1889 1889 1890 1890 1890 1890 1891 1891 1891 1891 1892 1892 1892 1892 1893 1893 1893 1893 1894 1894 1894 1894 1895 1895 1895 1895 1896 1896 1896 1896 1897 1897 1897 1897 1898 1898 1898 1898 1899 1899 1899 1899 1900 1900 1900 1900 -1 -1 -1 -1 -1 -1 -1 -1 -1 -1 -1 -1 -1 -1 -1 -1 -1 -1 -1 -1 -1 -1 -1 -1 -1 -1 -1 -1 -1 -1 -1 -1 -1 -1 -1 -1 1901 1901 1901 1901 1902 1902 1902 1902 -1 -1 -1 -1 1903 1903 1903 1903 1904 1904 1904 1904 1905 1905 1905 1905 1906 1906 1906 1906 1907 1907 1907 1907 1908 1908 1908 1908 1909 1909 1909 1909 1910 1910 1910 1910 1911 1911 1911 1911 1912 1912 1912 1912 1913 1913 1913 1913 1914 1914 1914 1914 1915 1915 1915 1915 1916 1916 1916 1916 -1 -1 -1 -1 -1 -1 -1 -1 -1 -1 -1 -1 -1 -1 -1 -1 -1 -1 -1 -1 -1 -1 -1 -1 -1 -1 -1 -1 -1 -1 -1 -1 1917 1917 1917 1917 1918 1918 1918 1918 -1 -1 -1 -1 -1 -1 -1 -1 1919 1919 1919 1919 -1 -1 -1 -1 1920 1920 1920 1920 1921 1921 1921 1921 1922 1922 1922 1922 1923 1923 1923 1923 1924 1924 1924 1924 1925 1925 1925 1925 1926 1926 1926 1926 1927 1927 1927 1927 1928 1928 1928 1928 1929 1929 1929 1929 1930 1930 1930 1930 1931 1931 1931 1931 1932 1932 1932 1932 1933 1933 1933 1933 1934 1934 1934 1934 1935 1935 1935 1935 1936 1936 1936 1936 1937 1937 1937 1937 1938 1938 1938 1938 1939 1939 1939 1939 1940 1940 1940 1940 1941 1941 1941 1941 1942 1942 1942 1942 1943 1943 1943 1943 1944 1944 1944 1944 1945 1945 1945 1945 1946 1946 1946 1946 1947 1947 1947 1947 1948 1948 1948 1948 1949 1949 1949 1949 1950 1950 1950 1950 1951 1951 1951 1951 1952 1952 1952 1952 1953 1953 1953 1953 1954 1954 1954 1954 1955 1955 1955 1955 1956 1956 1956 1956 1957 1957 1957 1957 1958 1958 1958 1958 1959 1959 1959 1959 1960 1960 1960 1960 1961 1961 1961 1961 1962 1962 1962 1962 1963 1963 1963 1963 1964 1964 1964 1964 1965 1965 1965 1965 1966 1966 1966 1966 1967 1967 1967 1967 1968 1968 1968 1968 1969 1969 1969 1969 1970 1970 1970 1970 1971 1971 1971 1971 1972 1972 1972 1972 1973 1973 1973 1973 -1 -1 -1 -1 -1 -1 -1 -1 -1 -1 -1 -1 -1 -1 -1 -1 -1 -1 -1 -1 -1 -1 -1 -1 1974 1974 1974 1974 1975 1975 1975 1975 1976 1976 1976 1976 1977 1977 1977 1977 1978 1978 1978 1978 1979 1979 1979 1979 1980 1980 1980 1980 1981 1981 1981 1981 1982 1982 1982 1982 1983 1983 1983 1983 1984 1984 1984 1984 1985 1985 1985 1985 1986 1986 1986 1986 1987 1987 1987 1987 1988 1988 1988 1988 1989 1989 1989 1989 1990 1990 1990 1990 1991 1991 1991 1991 1992 1992 1992 1992 1993 1993 1993 1993 1994 1994 1994 1994 1995 1995 1995 1995 1996 1996 1996 1996 1997 1997 1997 1997 1998 1998 1998 1998 1999 1999 1999 1999 2000 2000 2000 2000 2001 2001 2001 2001 2002 2002 2002 2002 2003 2003 2003 2003 2004 2004 2004 2004 -1 -1 -1 -1 2005 2005 2005 2005 2006 2006 2006 2006 2007 2007 2007 2007 2008 2008 2008 2008 2009 2009 2009 2009 2010 2010 2010 2010 2011 2011 2011 2011 2012 2012 2012 2012 2013 2013 2013 2013 2014 2014 2014 2014 -1 -1 -1 -1 2015 2015 2015 2015 2016 2016 2016 2016 2017 2017 2017 2017 2018 2018 2018 2018 2019 2019 2019 2019 2020 2020 2020 2020 2021 2021 2021 2021 2022 2022 2022 2022 2023 2023 2023 2023 2024 2024 2024 2024 2025 2025 2025 2025 2026 2026 2026 2026 -1 -1 -1 -1 -1 -1 -1 -1 -1 -1 -1 -1 -1 -1 -1 -1 -1 -1 -1 -1 2027 2027 2027 2027 2028 2028 2028 2028 2029 2029 2029 2029 2030 2030 2030 2030 2031 2031 2031 2031 2032 2032 2032 2032 -1 -1 -1 -1 -1 -1 -1 -1 -1 -1 -1 -1 -1 -1 -1 -1 -1 -1 -1 -1 -1 -1 -1 -1 2033 2033 2033 2033 2034 2034 2034 2034 2035 2035 2035 2035 2036 2036 2036 2036 2037 2037 2037 2037 2038 2038 2038 2038 2039 2039 2039 2039 2040 2040 2040 2040 2041 2041 2041 2041 2042 2042 2042 2042 2043 2043 2043 2043 2044 2044 2044 2044 2045 2045 2045 2045 2046 2046 2046 2046 2047 2047 2047 2047 2048 2048 2048 2048 2049 2049 2049 2049 2050 2050 2050 2050 2051 2051 2051 2051 2052 2052 2052 2052 2053 2053 2053 2053 2054 2054 2054 2054 2055 2055 2055 2055 2056 2056 2056 2056 2057 2057 2057 2057 2058 2058 2058 2058 2059 2059 2059 2059 2060 2060 2060 2060 2061 2061 2061 2061 2062 2062 2062 2062 2063 2063 2063 2063 2064 2064 2064 2064 2065 2065 2065 2065 2066 2066 2066 2066 2067 2067 2067 2067 2068 2068 2068 2068 2069 2069 2069 2069 2070 2070 2070 2070 2071 2071 2071 2071 2072 2072 2072 2072 2073 2073 2073 2073 2074 2074 2074 2074 2075 2075 2075 2075 2076 2076 2076 2076 2077 2077 2077 2077 2078 2078 2078 2078 2079 2079 2079 2079 2080 2080 2080 2080 2081 2081 2081 2081 2082 2082 2082 2082 2083 2083 2083 2083 2084 2084 2084 2084 2085 2085 2085 2085 2086 2086 2086 2086 2087 2087 2087 2087 2088 2088 2088 2088 2089 2089 2089 2089 2090 2090 2090 2090 2091 2091 2091 2091 2092 2092 2092 2092 2093 2093 2093 2093 -1 -1 -1 -1 -1 -1 -1 -1 -1 -1 -1 -1 -1 -1 -1 -1 2094 2094 2094 2094 2095 2095 2095 2095 -1 -1 -1 -1 2096 2096 2096 2096 2097 2097 2097 2097 2098 2098 2098 2098 2099 2099 2099 2099 2100 2100 2100 2100 2101 2101 2101 2101 2102 2102 2102 2102 2103 2103 2103 2103 2104 2104 2104 2104 2105 2105 2105 2105 2106 2106 2106 2106 2107 2107 2107 2107 2108 2108 2108 2108 2109 2109 2109 2109 2110 2110 2110 2110 2111 2111 2111 2111 2112 2112 2112 2112 2113 2113 2113 2113 2114 2114 2114 2114 -1 -1 -1 -1 2115 2115 2115 2115 2116 2116 2116 2116 2117 2117 2117 2117 2118 2118 2118 2118 2119 2119 2119 2119 2120 2120 2120 2120 2121 2121 2121 2121 2122 2122 2122 2122 2123 2123 2123 2123 2124 2124 2124 2124 2125 2125 2125 2125 2126 2126 2126 2126 2127 2127 2127 2127 2128 2128 2128 2128 2129 2129 2129 2129 2130 2130 2130 2130 2131 2131 2131 2131 2132 2132 2132 2132 2133 2133 2133 2133 2134 2134 2134 2134 2135 2135 2135 2135 2136 2136 2136 2136 2137 2137 2137 2137 2138 2138 2138 2138 2139 2139 2139 2139 2140 2140 2140 2140 2141 2141 2141 2141 2142 2142 2142 2142 2143 2143 2143 2143 2144 2144 2144 2144 2145 2145 2145 2145 2146 2146 2146 2146 2147 2147 2147 2147 2148 2148 2148 2148 2149 2149 2149 2149 2150 2150 2150 2150 2151 2151 2151 2151 2152 2152 2152 2152 2153 2153 2153 2153 2154 2154 2154 2154 -1 -1 -1 -1 -1 -1 -1 -1 -1 -1 -1 -1 -1 -1 -1 -1 -1 -1 -1 -1 2155 2155 2155 2155 2156 2156 2156 2156 2157 2157 2157 2157 2158 2158 2158 2158 2159 2159 2159 2159 2160 2160 2160 2160 2161 2161 2161 2161 2162 2162 2162 2162 2163 2163 2163 2163 2164 2164 2164 2164 2165 2165 2165 2165 2166 2166 2166 2166 2167 2167 2167 2167 2168 2168 2168 2168 2169 2169 2169 2169 2170 2170 2170 2170 2171 2171 2171 2171 2172 2172 2172 2172 2173 2173 2173 2173 2174 2174 2174 2174 2175 2175 2175 2175 2176 2176 2176 2176 2177 2177 2177 2177 2178 2178 2178 2178 2179 2179 2179 2179 2180 2180 2180 2180 2181 2181 2181 2181 2182 2182 2182 2182 2183 2183 2183 2183 2184 2184 2184 2184 2185 2185 2185 2185 2186 2186 2186 2186 2187 2187 2187 2187 2188 2188 2188 2188 2189 2189 2189 2189 2190 2190 2190 2190 2191 2191 2191 2191 2192 2192 2192 2192 2193 2193 2193 2193 2194 2194 2194 2194 2195 2195 2195 2195 2196 2196 2196 2196 2197 2197 2197 2197 2198 2198 2198 2198 2199 2199 2199 2199 2200 2200 2200 2200 2201 2201 2201 2201 2202 2202 2202 2202 2203 2203 2203 2203 2204 2204 2204 2204 2205 2205 2205 2205 2206 2206 2206 2206 2207 2207 2207 2207 2208 2208 2208 2208 2209 2209 2209 2209 2210 2210 2210 2210 2211 2211 2211 2211 2212 2212 2212 2212 2213 2213 2213 2213 2214 2214 2214 2214 2215 2215 2215 2215 2216 2216 2216 2216 2217 2217 2217 2217 2218 2218 2218 2218 2219 2219 2219 2219 2220 2220 2220 2220 2221 2221 2221 2221 2222 2222 2222 2222 -1 -1 -1 -1 2223 2223 2223 2223 2224 2224 2224 2224 2225 2225 2225 2225 2226 2226 2226 2226 2227 2227 2227 2227 2228 2228 2228 2228 2229 2229 2229 2229 2230 2230 2230 2230 2231 2231 2231 2231 2232 2232 2232 2232 2233 2233 2233 2233 2234 2234 2234 2234 2235 2235 2235 2235 2236 2236 2236 2236 2237 2237 2237 2237 2238 2238 2238 2238 2239 2239 2239 2239 2240 2240 2240 2240 2241 2241 2241 2241 2242 2242 2242 2242 2243 2243 2243 2243 2244 2244 2244 2244 2245 2245 2245 2245 2246 2246 2246 2246 2247 2247 2247 2247 2248 2248 2248 2248 2249 2249 2249 2249 2250 2250 2250 2250 2251 2251 2251 2251 2252 2252 2252 2252 2253 2253 2253 2253 2254 2254 2254 2254 2255 2255 2255 2255 2256 2256 2256 2256 2257 2257 2257 2257 2258 2258 2258 2258 2259 2259 2259 2259 2260 2260 2260 2260 2261 2261 2261 2261 2262 2262 2262 2262 2263 2263 2263 2263 2264 2264 2264 2264 2265 2265 2265 2265 2266 2266 2266 2266 2267 2267 2267 2267 2268 2268 2268 2268 2269 2269 2269 2269 2270 2270 2270 2270 2271 2271 2271 2271 2272 2272 2272 2272 2273 2273 2273 2273 2274 2274 2274 2274 2275 2275 2275 2275 2276 2276 2276 2276 2277 2277 2277 2277 2278 2278 2278 2278 2279 2279 2279 2279 2280 2280 2280 2280 2281 2281 2281 2281 2282 2282 2282 2282 -1 -1 -1 -1 2283 2283 2283 2283 2284 2284 2284 2284 2285 2285 2285 2285 2286 2286 2286 2286 2287 2287 2287 2287 2288 2288 2288 2288 2289 2289 2289 2289 2290 2290 2290 2290 2291 2291 2291 2291 2292 2292 2292 2292 2293 2293 2293 2293 2294 2294 2294 2294 2295 2295 2295 2295 2296 2296 2296 2296 2297 2297 2297 2297 2298 2298 2298 2298 2299 2299 2299 2299 2300 2300 2300 2300 2301 2301 2301 2301 2302 2302 2302 2302 2303 2303 2303 2303 2304 2304 2304 2304 2305 2305 2305 2305 2306 2306 2306 2306 -1 -1 -1 -1 2307 2307 2307 2307 2308 2308 2308 2308 -1 -1 -1 -1 2309 2309 2309 2309 2310 2310 2310 2310 2311 2311 2311 2311 2312 2312 2312 2312 2313 2313 2313 2313 2314 2314 2314 2314 2315 2315 2315 2315 2316 2316 2316 2316 2317 2317 2317 2317 2318 2318 2318 2318 2319 2319 2319 2319 2320 2320 2320 2320 2321 2321 2321 2321 2322 2322 2322 2322 2323 2323 2323 2323 2324 2324 2324 2324 2325 2325 2325 2325 2326 2326 2326 2326 2327 2327 2327 2327 2328 2328 2328 2328 -1 -1 -1 -1 2329 2329 2329 2329 2330 2330 2330 2330 2331 2331 2331 2331 2332 2332 2332 2332 2333 2333 2333 2333 2334 2334 2334 2334 2335 2335 2335 2335 2336 2336 2336 2336 2337 2337 2337 2337 2338 2338 2338 2338 2339 2339 2339 2339 2340 2340 2340 2340 2341 2341 2341 2341 -1 -1 -1 -1 -1 -1 -1 -1 2342 2342 2342 2342 -1 -1 -1 -1 -1 -1 -1 -1 -1 -1 -1 -1 -1 -1 -1 -1 -1 -1 -1 -1 2343 2343 2343 2343 2344 2344 2344 2344 2345 2345 2345 2345 2346 2346 2346 2346 2347 2347 2347 2347 2348 2348 2348 2348 2349 2349 2349 2349 2350 2350 2350 2350 2351 2351 2351 2351 2352 2352 2352 2352 2353 2353 2353 2353 2354 2354 2354 2354 2355 2355 2355 2355 2356 2356 2356 2356 2357 2357 2357 2357 2358 2358 2358 2358 2359 2359 2359 2359 2360 2360 2360 2360 2361 2361 2361 2361 2362 2362 2362 2362 2363 2363 2363 2363 2364 2364 2364 2364 2365 2365 2365 2365 2366 2366 2366 2366 2367 2367 2367 2367 2368 2368 2368 2368 -1 -1 -1 -1 2369 2369 2369 2369 2370 2370 2370 2370 2371 2371 2371 2371 2372 2372 2372 2372 2373 2373 2373 2373 2374 2374 2374 2374 2375 2375 2375 2375 2376 2376 2376 2376 2377 2377 2377 2377 2378 2378 2378 2378 2379 2379 2379 2379 2380 2380 2380 2380 2381 2381 2381 2381 -1 -1 -1 -1 -1 -1 -1 -1 -1 -1 -1 -1 -1 -1 -1 -1 2382 2382 2382 2382 2383 2383 2383 2383 2384 2384 2384 2384 2385 2385 2385 2385 2386 2386 2386 2386 2387 2387 2387 2387 2388 2388 2388 2388 2389 2389 2389 2389 2390 2390 2390 2390 2391 2391 2391 2391 2392 2392 2392 2392 2393 2393 2393 2393 2394 2394 2394 2394 2395 2395 2395 2395 2396 2396 2396 2396 2397 2397 2397 2397 2398 2398 2398 2398 2399 2399 2399 2399 -1 -1 -1 -1 2400 2400 2400 2400 -1 -1 -1 -1 2401 2401 2401 2401 2402 2402 2402 2402 2403 2403 2403 2403 2404 2404 2404 2404 2405 2405 2405 2405 2406 2406 2406 2406 2407 2407 2407 2407 2408 2408 2408 2408 2409 2409 2409 2409 2410 2410 2410 2410 2411 2411 2411 2411 2412 2412 2412 2412 2413 2413 2413 2413 2414 2414 2414 2414 2415 2415 2415 2415 2416 2416 2416 2416 2417 2417 2417 2417 2418 2418 2418 2418 2419 2419 2419 2419 2420 2420 2420 2420 2421 2421 2421 2421 2422 2422 2422 2422 2423 2423 2423 2423 2424 2424 2424 2424 2425 2425 2425 2425 2426 2426 2426 2426 2427 2427 2427 2427 2428 2428 2428 2428 -1 -1 -1 -1 2429 2429 2429 2429 2430 2430 2430 2430 2431 2431 2431 2431 -1 -1 -1 -1 -1 -1 -1 -1 -1 -1 -1 -1 -1 -1 -1 -1 2432 2432 2432 2432 2433 2433 2433 2433 2434 2434 2434 2434 2435 2435 2435 2435 2436 2436 2436 2436 2437 2437 2437 2437 2438 2438 2438 2438 2439 2439 2439 2439 2440 2440 2440 2440 2441 2441 2441 2441 2442 2442 2442 2442 2443 2443 2443 2443 2444 2444 2444 2444 2445 2445 2445 2445 2446 2446 2446 2446 2447 2447 2447 2447 -1 -1 -1 -1 -1 -1 -1 -1 2448 2448 2448 2448 -1 -1 -1 -1 -1 -1 -1 -1 -1 -1 -1 -1 -1 -1 -1 -1 -1 -1 -1 -1 -1 -1 -1 -1 -1 -1 -1 -1 -1 -1 -1 -1 -1 -1 -1 -1 -1 -1 -1 -1 -1 -1 -1 -1 -1 -1 -1 -1 2449 2449 2449 2449 2450 2450 2450 2450 2451 2451 2451 2451 2452 2452 2452 2452 2453 2453 2453 2453 2454 2454 2454 2454 2455 2455 2455 2455 2456 2456 2456 2456 2457 2457 2457 2457 2458 2458 2458 2458 2459 2459 2459 2459 2460 2460 2460 2460 2461 2461 2461 2461 2462 2462 2462 2462 2463 2463 2463 2463 2464 2464 2464 2464 2465 2465 2465 2465 2466 2466 2466 2466 2467 2467 2467 2467 2468 2468 2468 2468 2469 2469 2469 2469 2470 2470 2470 2470 2471 2471 2471 2471 2472 2472 2472 2472 2473 2473 2473 2473 2474 2474 2474 2474 2475 2475 2475 2475 2476 2476 2476 2476 2477 2477 2477 2477 2478 2478 2478 2478 2479 2479 2479 2479 2480 2480 2480 2480 2481 2481 2481 2481 2482 2482 2482 2482 2483 2483 2483 2483 2484 2484 2484 2484 2485 2485 2485 2485 2486 2486 2486 2486 2487 2487 2487 2487 2488 2488 2488 2488 2489 2489 2489 2489 2490 2490 2490 2490 2491 2491 2491 2491 2492 2492 2492 2492 2493 2493 2493 2493 2494 2494 2494 2494 2495 2495 2495 2495 2496 2496 2496 2496 2497 2497 2497 2497 2498 2498 2498 2498 2499 2499 2499 2499 2500 2500 2500 2500 2501 2501 2501 2501 2502 2502 2502 2502 2503 2503 2503 2503 2504 2504 2504 2504 2505 2505 2505 2505 2506 2506 2506 2506 2507 2507 2507 2507 2508 2508 2508 2508 2509 2509 2509 2509 2510 2510 2510 2510 2511 2511 2511 2511 2512 2512 2512 2512 2513 2513 2513 2513 2514 2514 2514 2514 2515 2515 2515 2515 2516 2516 2516 2516 2517 2517 2517 2517 2518 2518 2518 2518 2519 2519 2519 2519 2520 2520 2520 2520 2521 2521 2521 2521 2522 2522 2522 2522 2523 2523 2523 2523 2524 2524 2524 2524 2525 2525 2525 2525 2526 2526 2526 2526 2527 2527 2527 2527 2528 2528 2528 2528 2529 2529 2529 2529 -1 -1 -1 -1 -1 -1 -1 -1 2530 2530 2530 2530 2531 2531 2531 2531 2532 2532 2532 2532 2533 2533 2533 2533 2534 2534 2534 2534 -1 -1 -1 -1 -1 -1 -1 -1 -1 -1 -1 -1 -1 -1 -1 -1 -1 -1 -1 -1 -1 -1 -1 -1 2535 2535 2535 2535 2536 2536 2536 2536 2537 2537 2537 2537 2538 2538 2538 2538 -1 -1 -1 -1 -1 -1 -1 -1 -1 -1 -1 -1 -1 -1 -1 -1 -1 -1 -1 -1 2539 2539 2539 2539 2540 2540 2540 2540 2541 2541 2541 2541 2542 2542 2542 2542 2543 2543 2543 2543 2544 2544 2544 2544 2545 2545 2545 2545 2546 2546 2546 2546 2547 2547 2547 2547 2548 2548 2548 2548 2549 2549 2549 2549 2550 2550 2550 2550 2551 2551 2551 2551 2552 2552 2552 2552 2553 2553 2553 2553 2554 2554 2554 2554 2555 2555 2555 2555 2556 2556 2556 2556 2557 2557 2557 2557 2558 2558 2558 2558 2559 2559 2559 2559 2560 2560 2560 2560 2561 2561 2561 2561 2562 2562 2562 2562 2563 2563 2563 2563 2564 2564 2564 2564 2565 2565 2565 2565 2566 2566 2566 2566 2567 2567 2567 2567 2568 2568 2568 2568 2569 2569 2569 2569 2570 2570 2570 2570 2571 2571 2571 2571 2572 2572 2572 2572 2573 2573 2573 2573 2574 2574 2574 2574 2575 2575 2575 2575 2576 2576 2576 2576 2577 2577 2577 2577 2578 2578 2578 2578 2579 2579 2579 2579 2580 2580 2580 2580 2581 2581 2581 2581 2582 2582 2582 2582 2583 2583 2583 2583 2584 2584 2584 2584 2585 2585 2585 2585 2586 2586 2586 2586 2587 2587 2587 2587 2588 2588 2588 2588 2589 2589 2589 2589 2590 2590 2590 2590 2591 2591 2591 2591 2592 2592 2592 2592 2593 2593 2593 2593 2594 2594 2594 2594 2595 2595 2595 2595 2596 2596 2596 2596 2597 2597 2597 2597 2598 2598 2598 2598 2599 2599 2599 2599 2600 2600 2600 2600 2601 2601 2601 2601 2602 2602 2602 2602 2603 2603 2603 2603 2604 2604 2604 2604 2605 2605 2605 2605 2606 2606 2606 2606 2607 2607 2607 2607 2608 2608 2608 2608 2609 2609 2609 2609 2610 2610 2610 2610 2611 2611 2611 2611 2612 2612 2612 2612 2613 2613 2613 2613 2614 2614 2614 2614 2615 2615 2615 2615 2616 2616 2616 2616 2617 2617 2617 2617 2618 2618 2618 2618 2619 2619 2619 2619 2620 2620 2620 2620 2621 2621 2621 2621 2622 2622 2622 2622 2623 2623 2623 2623 2624 2624 2624 2624 2625 2625 2625 2625 2626 2626 2626 2626 2627 2627 2627 2627 2628 2628 2628 2628 2629 2629 2629 2629 2630 2630 2630 2630 2631 2631 2631 2631 2632 2632 2632 2632 2633 2633 2633 2633 2634 2634 2634 2634 2635 2635 2635 2635 2636 2636 2636 2636 2637 2637 2637 2637 2638 2638 2638 2638 2639 2639 2639 2639 2640 2640 2640 2640 2641 2641 2641 2641 2642 2642 2642 2642 2643 2643 2643 2643 2644 2644 2644 2644 2645 2645 2645 2645 2646 2646 2646 2646 2647 2647 2647 2647 2648 2648 2648 2648 2649 2649 2649 2649 2650 2650 2650 2650 2651 2651 2651 2651 2652 2652 2652 2652 2653 2653 2653 2653 2654 2654 2654 2654 2655 2655 2655 2655 2656 2656 2656 2656 2657 2657 2657 2657 2658 2658 2658 2658 2659 2659 2659 2659 2660 2660 2660 2660 2661 2661 2661 2661 2662 2662 2662 2662 2663 2663 2663 2663 2664 2664 2664 2664 2665 2665 2665 2665 2666 2666 2666 2666 2667 2667 2667 2667 2668 2668 2668 2668 2669 2669 2669 2669 2670 2670 2670 2670 2671 2671 2671 2671 2672 2672 2672 2672 2673 2673 2673 2673 2674 2674 2674 2674 2675 2675 2675 2675 2676 2676 2676 2676 2677 2677 2677 2677 2678 2678 2678 2678 2679 2679 2679 2679 2680 2680 2680 2680 -1 -1 -1 -1 2681 2681 2681 2681 2682 2682 2682 2682 2683 2683 2683 2683 2684 2684 2684 2684 2685 2685 2685 2685 2686 2686 2686 2686 2687 2687 2687 2687 2688 2688 2688 2688 2689 2689 2689 2689 2690 2690 2690 2690 2691 2691 2691 2691 2692 2692 2692 2692 2693 2693 2693 2693 2694 2694 2694 2694 2695 2695 2695 2695 2696 2696 2696 2696 2697 2697 2697 2697 2698 2698 2698 2698 2699 2699 2699 2699 2700 2700 2700 2700 2701 2701 2701 2701 2702 2702 2702 2702 2703 2703 2703 2703 2704 2704 2704 2704 2705 2705 2705 2705 2706 2706 2706 2706 2707 2707 2707 2707 2708 2708 2708 2708 2709 2709 2709 2709 2710 2710 2710 2710 2711 2711 2711 2711 2712 2712 2712 2712 2713 2713 2713 2713 2714 2714 2714 2714 2715 2715 2715 2715 2716 2716 2716 2716 2717 2717 2717 2717 2718 2718 2718 2718 2719 2719 2719 2719 2720 2720 2720 2720 2721 2721 2721 2721 2722 2722 2722 2722 2723 2723 2723 2723 2724 2724 2724 2724 2725 2725 2725 2725 2726 2726 2726 2726 2727 2727 2727 2727 2728 2728 2728 2728 2729 2729 2729 2729 2730 2730 2730 2730 2731 2731 2731 2731 2732 2732 2732 2732 2733 2733 2733 2733 2734 2734 2734 2734 2735 2735 2735 2735 2736 2736 2736 2736 2737 2737 2737 2737 2738 2738 2738 2738 2739 2739 2739 2739 2740 2740 2740 2740 2741 2741 2741 2741 2742 2742 2742 2742 2743 2743 2743 2743 2744 2744 2744 2744 2745 2745 2745 2745 2746 2746 2746 2746 2747 2747 2747 2747 2748 2748 2748 2748 2749 2749 2749 2749 2750 2750 2750 2750 2751 2751 2751 2751 2752 2752 2752 2752 2753 2753 2753 2753 2754 2754 2754 2754 2755 2755 2755 2755 2756 2756 2756 2756 2757 2757 2757 2757 2758 2758 2758 2758 2759 2759 2759 2759 2760 2760 2760 2760 2761 2761 2761 2761 2762 2762 2762 2762 2763 2763 2763 2763 2764 2764 2764 2764 2765 2765 2765 2765 2766 2766 2766 2766 2767 2767 2767 2767 2768 2768 2768 2768 2769 2769 2769 2769 2770 2770 2770 2770 2771 2771 2771 2771 2772 2772 2772 2772 2773 2773 2773 2773 2774 2774 2774 2774 2775 2775 2775 2775 2776 2776 2776 2776 2777 2777 2777 2777 2778 2778 2778 2778 2779 2779 2779 2779 -1 -1 -1 -1 -1 -1 -1 -1 2780 2780 2780 2780 2781 2781 2781 2781 2782 2782 2782 2782 2783 2783 2783 2783 2784 2784 2784 2784 2785 2785 2785 2785 2786 2786 2786 2786 2787 2787 2787 2787 2788 2788 2788 2788 2789 2789 2789 2789 2790 2790 2790 2790 2791 2791 2791 2791 2792 2792 2792 2792 2793 2793 2793 2793 2794 2794 2794 2794 2795 2795 2795 2795 2796 2796 2796 2796 2797 2797 2797 2797 2798 2798 2798 2798 2799 2799 2799 2799 2800 2800 2800 2800 -1 -1 -1 -1 -1 -1 -1 -1 -1 -1 -1 -1 2801 2801 2801 2801 -1 -1 -1 -1 2802 2802 2802 2802 2803 2803 2803 2803 -1 -1 -1 -1 2804 2804 2804 2804 2805 2805 2805 2805 -1 -1 -1 -1 -1 -1 -1 -1 -1 -1 -1 -1 2806 2806 2806 2806 2807 2807 2807 2807 2808 2808 2808 2808 -1 -1 -1 -1 -1 -1 -1 -1 -1 -1 -1 -1 -1 -1 -1 -1 -1 -1 -1 -1 2809 2809 2809 2809 2810 2810 2810 2810 2811 2811 2811 2811 2812 2812 2812 2812 2813 2813 2813 2813 2814 2814 2814 2814 -1 -1 -1 -1 -1 -1 -1 -1 -1 -1 -1 -1 -1 -1 -1 -1 2815 2815 2815 2815 -1 -1 -1 -1 2816 2816 2816 2816 2817 2817 2817 2817 2818 2818 2818 2818 2819 2819 2819 2819 2820 2820 2820 2820 -1 -1 -1 -1 -1 -1 -1 -1 2821 2821 2821 2821 2822 2822 2822 2822 2823 2823 2823 2823 2824 2824 2824 2824 2825 2825 2825 2825 2826 2826 2826 2826 2827 2827 2827 2827 2828 2828 2828 2828 2829 2829 2829 2829 2830 2830 2830 2830 2831 2831 2831 2831 -1 -1 -1 -1 2832 2832 2832 2832 2833 2833 2833 2833 2834 2834 2834 2834 -1 -1 -1 -1 -1 -1 -1 -1 2835 2835 2835 2835 2836 2836 2836 2836 2837 2837 2837 2837 2838 2838 2838 2838 -1 -1 -1 -1 -1 -1 -1 -1 -1 -1 -1 -1 -1 -1 -1 -1 2839 2839 2839 2839 2840 2840 2840 2840 2841 2841 2841 2841 2842 2842 2842 2842 2843 2843 2843 2843 2844 2844 2844 2844 2845 2845 2845 2845 2846 2846 2846 2846 2847 2847 2847 2847 -1 -1 -1 -1 -1 -1 -1 -1 -1 -1 -1 -1 -1 -1 -1 -1 2848 2848 2848 2848 2849 2849 2849 2849 2850 2850 2850 2850 2851 2851 2851 2851 2852 2852 2852 2852 2853 2853 2853 2853 2854 2854 2854 2854 2855 2855 2855 2855 2856 2856 2856 2856 2857 2857 2857 2857 2858 2858 2858 2858 -1 -1 -1 -1 2859 2859 2859 2859 2860 2860 2860 2860 2861 2861 2861 2861 2862 2862 2862 2862 2863 2863 2863 2863 2864 2864 2864 2864 2865 2865 2865 2865 2866 2866 2866 2866 2867 2867 2867 2867 2868 2868 2868 2868 2869 2869 2869 2869 2870 2870 2870 2870 2871 2871 2871 2871 2872 2872 2872 2872 2873 2873 2873 2873 2874 2874 2874 2874 2875 2875 2875 2875 2876 2876 2876 2876 2877 2877 2877 2877 2878 2878 2878 2878 2879 2879 2879 2879 2880 2880 2880 2880 2881 2881 2881 2881 2882 2882 2882 2882 2883 2883 2883 2883 2884 2884 2884 2884 2885 2885 2885 2885 2886 2886 2886 2886 2887 2887 2887 2887 2888 2888 2888 2888 2889 2889 2889 2889 2890 2890 2890 2890 2891 2891 2891 2891 2892 2892 2892 2892 2893 2893 2893 2893 2894 2894 2894 2894 2895 2895 2895 2895 2896 2896 2896 2896 2897 2897 2897 2897 2898 2898 2898 2898 2899 2899 2899 2899 2900 2900 2900 2900 2901 2901 2901 2901 2902 2902 2902 2902 2903 2903 2903 2903 2904 2904 2904 2904 2905 2905 2905 2905 2906 2906 2906 2906 2907 2907 2907 2907 2908 2908 2908 2908 2909 2909 2909 2909 2910 2910 2910 2910 2911 2911 2911 2911 2912 2912 2912 2912 2913 2913 2913 2913 2914 2914 2914 2914 2915 2915 2915 2915 2916 2916 2916 2916 2917 2917 2917 2917 2918 2918 2918 2918 2919 2919 2919 2919 2920 2920 2920 2920 2921 2921 2921 2921 2922 2922 2922 2922 2923 2923 2923 2923 2924 2924 2924 2924 2925 2925 2925 2925 2926 2926 2926 2926 2927 2927 2927 2927 2928 2928 2928 2928 2929 2929 2929 2929 2930 2930 2930 2930 2931 2931 2931 2931 2932 2932 2932 2932 2933 2933 2933 2933 2934 2934 2934 2934 2935 2935 2935 2935 2936 2936 2936 2936 2937 2937 2937 2937 2938 2938 2938 2938 2939 2939 2939 2939 2940 2940 2940 2940 2941 2941 2941 2941 2942 2942 2942 2942 2943 2943 2943 2943 2944 2944 2944 2944 2945 2945 2945 2945 2946 2946 2946 2946 2947 2947 2947 2947 2948 2948 2948 2948 2949 2949 2949 2949 2950 2950 2950 2950 2951 2951 2951 2951 2952 2952 2952 2952 2953 2953 2953 2953 2954 2954 2954 2954 2955 2955 2955 2955 2956 2956 2956 2956 2957 2957 2957 2957 2958 2958 2958 2958 2959 2959 2959 2959 2960 2960 2960 2960 -1 -1 -1 -1 -1 -1 -1 -1 -1 -1 -1 -1 -1 -1 -1 -1 -1 -1 -1 -1 -1 -1 -1 -1 2961 2961 2961 2961 -1 -1 -1 -1 2962 2962 2962 2962 2963 2963 2963 2963 2964 2964 2964 2964 2965 2965 2965 2965 2966 2966 2966 2966 2967 2967 2967 2967 2968 2968 2968 2968 2969 2969 2969 2969 -1 -1 -1 -1 2970 2970 2970 2970 2971 2971 2971 2971 -1 -1 -1 -1 2972 2972 2972 2972 2973 2973 2973 2973 2974 2974 2974 2974 -1 -1 -1 -1 2975 2975 2975 2975 2976 2976 2976 2976 2977 2977 2977 2977 2978 2978 2978 2978 2979 2979 2979 2979 2980 2980 2980 2980 2981 2981 2981 2981 2982 2982 2982 2982 -1 -1 -1 -1 2983 2983 2983 2983 -1 -1 -1 -1 2984 2984 2984 2984 2985 2985 2985 2985 2986 2986 2986 2986 2987 2987 2987 2987 2988 2988 2988 2988 2989 2989 2989 2989 2990 2990 2990 2990 2991 2991 2991 2991 2992 2992 2992 2992 2993 2993 2993 2993 2994 2994 2994 2994 2995 2995 2995 2995 2996 2996 2996 2996 -1 -1 -1 -1 2997 2997 2997 2997 2998 2998 2998 2998 -1 -1 -1 -1 -1 -1 -1 -1 -1 -1 -1 -1 -1 -1 -1 -1 2999 2999 2999 2999 3000 3000 3000 3000 -1 -1 -1 -1 3001 3001 3001 3001 3002 3002 3002 3002 -1 -1 -1 -1 -1 -1 -1 -1 3003 3003 3003 3003 3004 3004 3004 3004 -1 -1 -1 -1 -1 -1 -1 -1 -1 -1 -1 -1 -1 -1 -1 -1 3005 3005 3005 3005 3006 3006 3006 3006 3007 3007 3007 3007 3008 3008 3008 3008 -1 -1 -1 -1 -1 -1 -1 -1 -1 -1 -1 -1 -1 -1 -1 -1 3009 3009 3009 3009 3010 3010 3010 3010 3011 3011 3011 3011 3012 3012 3012 3012 -1 -1 -1 -1 3013 3013 3013 3013 3014 3014 3014 3014 3015 3015 3015 3015 3016 3016 3016 3016 3017 3017 3017 3017 3018 3018 3018 3018 3019 3019 3019 3019 3020 3020 3020 3020 3021 3021 3021 3021 -1 -1 -1 -1 3022 3022 3022 3022 3023 3023 3023 3023 -1 -1 -1 -1 3024 3024 3024 3024 3025 3025 3025 3025 -1 -1 -1 -1 3026 3026 3026 3026 -1 -1 -1 -1 -1 -1 -1 -1 -1 -1 -1 -1 -1 -1 -1 -1 -1 -1 -1 -1 3027 3027 3027 3027 -1 -1 -1 -1 -1 -1 -1 -1 -1 -1 -1 -1 3028 3028 3028 3028 3029 3029 3029 3029 3030 3030 3030 3030 3031 3031 3031 3031 3032 3032 3032 3032 3033 3033 3033 3033 3034 3034 3034 3034 3035 3035 3035 3035 3036 3036 3036 3036 3037 3037 3037 3037 3038 3038 3038 3038 3039 3039 3039 3039 3040 3040 3040 3040 3041 3041 3041 3041 3042 3042 3042 3042 3043 3043 3043 3043 3044 3044 3044 3044 3045 3045 3045 3045 3046 3046 3046 3046 3047 3047 3047 3047 3048 3048 3048 3048 3049 3049 3049 3049 3050 3050 3050 3050 3051 3051 3051 3051 3052 3052 3052 3052 3053 3053 3053 3053 3054 3054 3054 3054 3055 3055 3055 3055 3056 3056 3056 3056 3057 3057 3057 3057 3058 3058 3058 3058 3059 3059 3059 3059 3060 3060 3060 3060 3061 3061 3061 3061 3062 3062 3062 3062 3063 3063 3063 3063 3064 3064 3064 3064 3065 3065 3065 3065 3066 3066 3066 3066 3067 3067 3067 3067 3068 3068 3068 3068 3069 3069 3069 3069 3070 3070 3070 3070 3071 3071 3071 3071 3072 3072 3072 3072 -1 -1 -1 -1 3073 3073 3073 3073 3074 3074 3074 3074 3075 3075 3075 3075 3076 3076 3076 3076 3077 3077 3077 3077 3078 3078 3078 3078 3079 3079 3079 3079 3080 3080 3080 3080 3081 3081 3081 3081 3082 3082 3082 3082 3083 3083 3083 3083 3084 3084 3084 3084 3085 3085 3085 3085 3086 3086 3086 3086 3087 3087 3087 3087 3088 3088 3088 3088 3089 3089 3089 3089 3090 3090 3090 3090 3091 3091 3091 3091 3092 3092 3092 3092 3093 3093 3093 3093 3094 3094 3094 3094 3095 3095 3095 3095 3096 3096 3096 3096 3097 3097 3097 3097 3098 3098 3098 3098 3099 3099 3099 3099 3100 3100 3100 3100 3101 3101 3101 3101 3102 3102 3102 3102 3103 3103 3103 3103 3104 3104 3104 3104 3105 3105 3105 3105 3106 3106 3106 3106 3107 3107 3107 3107 3108 3108 3108 3108 3109 3109 3109 3109 3110 3110 3110 3110 3111 3111 3111 3111 3112 3112 3112 3112 3113 3113 3113 3113 3114 3114 3114 3114 3115 3115 3115 3115 3116 3116 3116 3116 3117 3117 3117 3117 3118 3118 3118 3118 3119 3119 3119 3119 3120 3120 3120 3120 3121 3121 3121 3121 3122 3122 3122 3122 3123 3123 3123 3123 3124 3124 3124 3124 3125 3125 3125 3125 3126 3126 3126 3126 3127 3127 3127 3127 3128 3128 3128 3128 3129 3129 3129 3129 3130 3130 3130 3130 3131 3131 3131 3131 3132 3132 3132 3132 3133 3133 3133 3133 3134 3134 3134 3134 3135 3135 3135 3135 3136 3136 3136 3136 3137 3137 3137 3137 3138 3138 3138 3138 3139 3139 3139 3139 3140 3140 3140 3140 3141 3141 3141 3141 3142 3142 3142 3142 3143 3143 3143 3143 3144 3144 3144 3144 3145 3145 3145 3145 3146 3146 3146 3146 3147 3147 3147 3147 3148 3148 3148 3148 3149 3149 3149 3149 3150 3150 3150 3150 3151 3151 3151 3151 3152 3152 3152 3152 3153 3153 3153 3153 3154 3154 3154 3154 3155 3155 3155 3155 3156 3156 3156 3156 3157 3157 3157 3157 3158 3158 3158 3158 3159 3159 3159 3159 3160 3160 3160 3160 3161 3161 3161 3161 3162 3162 3162 3162 3163 3163 3163 3163 3164 3164 3164 3164 3165 3165 3165 3165 3166 3166 3166 3166 3167 3167 3167 3167 3168 3168 3168 3168 3169 3169 3169 3169 3170 3170 3170 3170 3171 3171 3171 3171 3172 3172 3172 3172 3173 3173 3173 3173 3174 3174 3174 3174 3175 3175 3175 3175 3176 3176 3176 3176 3177 3177 3177 3177 3178 3178 3178 3178 3179 3179 3179 3179 3180 3180 3180 3180 3181 3181 3181 3181 3182 3182 3182 3182 3183 3183 3183 3183 3184 3184 3184 3184 3185 3185 3185 3185 3186 3186 3186 3186 3187 3187 3187 3187 3188 3188 3188 3188 3189 3189 3189 3189 3190 3190 3190 3190 3191 3191 3191 3191 3192 3192 3192 3192 3193 3193 3193 3193 3194 3194 3194 3194 3195 3195 3195 3195 3196 3196 3196 3196 3197 3197 3197 3197 3198 3198 3198 3198 3199 3199 3199 3199 3200 3200 3200 3200 3201 3201 3201 3201 3202 3202 3202 3202 3203 3203 3203 3203 3204 3204 3204 3204 3205 3205 3205 3205 3206 3206 3206 3206 3207 3207 3207 3207 3208 3208 3208 3208 3209 3209 3209 3209 3210 3210 3210 3210 3211 3211 3211 3211 3212 3212 3212 3212 3213 3213 3213 3213 3214 3214 3214 3214 3215 3215 3215 3215 3216 3216 3216 3216 3217 3217 3217 3217 3218 3218 3218 3218 3219 3219 3219 3219 3220 3220 3220 3220 3221 3221 3221 3221 3222 3222 3222 3222 3223 3223 3223 3223 3224 3224 3224 3224 3225 3225 3225 3225 3226 3226 3226 3226 3227 3227 3227 3227 3228 3228 3228 3228 3229 3229 3229 3229 3230 3230 3230 3230 3231 3231 3231 3231 3232 3232 3232 3232 3233 3233 3233 3233 3234 3234 3234 3234 3235 3235 3235 3235 3236 3236 3236 3236 3237 3237 3237 3237 3238 3238 3238 3238 3239 3239 3239 3239 3240 3240 3240 3240 3241 3241 3241 3241 3242 3242 3242 3242 3243 3243 3243 3243 3244 3244 3244 3244 3245 3245 3245 3245 3246 3246 3246 3246 3247 3247 3247 3247 3248 3248 3248 3248 3249 3249 3249 3249 3250 3250 3250 3250 3251 3251 3251 3251 3252 3252 3252 3252 3253 3253 3253 3253 3254 3254 3254 3254 3255 3255 3255 3255 3256 3256 3256 3256 3257 3257 3257 3257 3258 3258 3258 3258 3259 3259 3259 3259 3260 3260 3260 3260 3261 3261 3261 3261 3262 3262 3262 3262 3263 3263 3263 3263 3264 3264 3264 3264 3265 3265 3265 3265 3266 3266 3266 3266 3267 3267 3267 3267 3268 3268 3268 3268 3269 3269 3269 3269 -1 -1 -1 -1 -1 -1 -1 -1 3270 3270 3270 3270 3271 3271 3271 3271 3272 3272 3272 3272 3273 3273 3273 3273 3274 3274 3274 3274 3275 3275 3275 3275 3276 3276 3276 3276 3277 3277 3277 3277 3278 3278 3278 3278 3279 3279 3279 3279 3280 3280 3280 3280 3281 3281 3281 3281 3282 3282 3282 3282 3283 3283 3283 3283 
POINT_DATA 7800
SCALARS ab-pot double 1
LOOKUP_TABLE default
0.70703451443699 0.70624969275499 0.63924257128337 0.98081069133534 -0.63194559481209 -0.63226156605465 0.59488169698895 0.59469082520764 0.53416913208374 0.63262762782094 0.62477254618387 0.62486825626028 0.59164084037447 0.65543660206436 0.74275852878788 0.59183796329699 0.65602145638619 0.65454692651936 0.65506615522239 0.71977397282129 0.60795187279241 0.60782537541173 0.44626635145633 0.58844411794487 0.58839497612493 0.62267180007277 0.62261239121951 0.72771057672958 0.77773020885418 0.69786450886448 0.78237429043927 0.72557042448597 0.66951962347382 0.68662468142306 0.77977425687208 0.7396230827348 0.70487025545855 0.67538465076394 0.73278217809962 0.67013418938461 0.64369464998938 0.64378709623097 -0.64979818739018 -0.62984617359828 0.59941923559637 0.59912520870518 0.61550815436315 0.61562981238065 0.59023945169608 0.59009599686422 0.58788391741984 0.58803805456492 0.63758623790067 0.63734652211126 0.60542247262787 0.60511202602985 0.56697271978761 0.74682950628099 0.74522467096189 0.71522474960886 0.71040538122141 0.72244387564913 0.7195965853541 0.66435242244578 0.66249579015171 0.65124765900283 0.65099532388333 0.63479585370599 0.63483824719662 0.64403162042497 0.64667218479019 -0.67384862670873 -0.70733902426918 0.60386721648005 0.60367496663956 0.59460716661875 0.59479537931647 0.62004276756586 0.61994584361767 0.61184686482336 0.6117308432121 0.58929254749593 0.58927739780704 0.59251509919458 0.5925950985459 0.58981588679062 0.58961764440365 0.58797761788663 0.58778506317412 0.6302711945578 0.63028414459335 0.64456258325997 0.64532281476047 0.61301605763756 0.61286238520431 0.59931297484284 0.59954531991215 0.75795969452435 0.76256424724544 0.77404354534391 0.96303792115133 0.81490928038351 0.81166986972981 0.76627678665052 0.78043431622263 0.8122025696796 0.81606066148234 0.7436418363457 0.7444742719051 0.7580666745977 0.68286391125758 0.75091808396616 0.74042216741491 0.72803744533754 0.73489293544461 0.75961645205802 0.75878411602012 0.72529786199339 0.73153295053351 0.74303510904559 0.74139482471167 0.72848115932016 0.73398324741857 0.73250167440668 0.72457828571691 0.69655814356429 0.713663973173 0.72017041171397 0.72378999684365 0.71758194663888 0.72113206603718 0.71793108961289 0.711733756424 0.70405459402038 0.70982281171998 0.73532326621228 0.74700431162104 0.75105451902664 0.70500411849287 0.75132167188322 0.71876106779987 0.71066313987965 0.71292336808258 0.7034897960836 0.70710196741931 0.69744213170394 0.70367967791601 0.69534945152527 0.74087499290591 0.72860784435408 0.73202177213658 0.73465939350629 0.7307577573396 0.74960530298069 0.71266430079662 0.69280324962834 0.7063767569882 0.70126934819049 0.69637148043363 0.68623595257711 0.69175764059802 0.69077406734183 0.72465893356876 0.76457697471887 0.72790208322574 0.78466024992892 0.70616104907416 0.69733879763181 0.68464999763273 0.69974107013904 0.69069744334207 0.69097850834015 0.67595721290974 0.69161063156235 0.68406470489152 0.68765150294609 0.6866498249989 0.68092137561383 0.67847786948518 0.68257510651252 0.6804861379133 0.67595507107453 0.66964118849071 0.67431866353044 0.69417733992117 0.75191547317266 0.7626471413605 0.74089304770016 0.72603164555043 0.72108225273153 0.71439365350851 0.71355489358883 0.70770586968727 0.70334238150726 0.70040490380869 0.71390289316001 0.68514437220172 0.68861119495653 0.67632072432806 0.66728132046409 0.71744709506763 0.73387635859448 0.72308546964114 0.69401995168646 0.6847188691196 0.69096749268259 0.68329135759201 0.67172325184435 0.67789266713489 0.6715564438882 0.66326775307313 0.65965918091673 0.65914982680536 0.66614024521277 0.72253613757994 0.70212144482554 0.71473665154091 0.69283437785604 0.69134997602952 0.67691741149915 0.68827946848048 0.66617861609044 0.67230070044057 0.65598204702362 0.64954919852976 0.65015158580844 0.65244817136778 0.65302733190617 0.65141118803068 0.65237003388863 0.64790982925893 0.65018154069498 0.7045638771972 0.71945071070247 0.69760060406266 0.69277900533386 0.70152900652535 0.69861508456292 0.6993621740126 0.69360070365567 0.74086731663422 0.68658828748726 0.73154984342794 0.68892658323321 0.69347231643774 0.69936571457375 0.6805248538248 0.66112643261204 0.68874194768189 0.65662484243921 0.64677156698148 0.64743343259126 0.64484167735268 0.64390747189409 0.64105523557844 0.64416588291233 0.63904749638107 0.64191667416988 0.64127148969851 0.63932811672548 0.64749772465061 0.70949803721544 0.70946274240481 0.70935749892372 0.6789942222706 0.68732366108915 0.68193065588085 0.67235581446029 0.6809406372032 0.64834427731971 0.67317427927112 0.6443584699249 0.68669112171291 0.63830557874556 0.68572124988237 0.68014464020616 0.67444960018272 0.65624374487987 0.65421608894736 0.69300210424818 0.66107126039304 0.68332059778143 0.68221185856103 0.6777235044401 0.67574718748127 0.64158727125365 0.67783422008495 0.67652348339106 0.67836080561321 0.67279230552509 0.6835714213889 0.67862440101712 0.68083305631025 0.68379832011236 0.68986700868753 0.6863338173704 0.68360874951213 0.68744087650664 0.69677032231284 0.66393004006975 0.69215925679869 0.69751649447553 0.69771271221619 0.67703739693225 0.69175349104067 0.73342165698216 0.72276453722111 0.72048325094255 0.73115588765945 0.73707289995446 0.72113507019862 0.70852358373554 0.70978853555838 0.71550210569916 0.71379606114704 0.74771157774132 0.71251809057041 0.70431872868723 0.72538880450159 0.73291566300039 0.7318989025821 0.72633077869051 0.72007348030972 0.71632468285324 0.71796449238161 0.71560972292759 0.71205477353123 0.70754617683817 0.70524595014665 0.70972618144571 0.7067293138312 0.70063763031961 0.7029296545049 0.70427362373925 0.6964464222558 0.70464440246242 0.70204756653977 0.70506349681488 0.69878344841116 0.69401357659021 0.68889062206846 0.68083850391494 0.69547486843801 0.69301093864404 0.69532636131641 0.73951661566773 0.72350559099124 0.71513736028986 0.71782135051039 0.72365307770333 0.71130618143018 0.70403910654897 0.70654842065925 0.70987484112278 0.70051525352874 0.71464141861299 0.70663852276186 0.69343803494092 0.69452198643973 0.68950003486041 0.68208337563117 0.67159490676731 0.68226851501966 0.68680607554604 0.68896027412273 0.73799137101555 0.73448453401366 0.72577139673461 0.6906168393937 0.68447913395723 0.71888797852526 0.72696084923238 0.72056963373425 0.68960194102268 0.71597508355308 0.69885208858279 0.64502837421663 0.71060079557958 0.71077810653083 0.70124160948739 0.6540424625585 0.69853335890013 0.70980436888168 0.70237880942637 0.70390476358884 0.68242028796097 0.69744411590605 0.67302642150932 0.69739563196125 0.70491960116693 0.70491897234737 0.67965007204666 0.69888025030739 0.68818360028557 0.69326236350103 0.68790476606889 0.67705897961444 0.70007477400981 0.70678439997709 0.69490496826167 0.68700352139046 0.72761936397615 0.64551219907293 0.64145021854439 0.64294069028119 0.6428128840952 0.64035502180185 0.64331782987303 0.641352136563 0.63845727016037 0.63989351267584 0.63905987497327 0.63631260367256 0.63793383142359 0.63426653850464 0.63273471167885 0.63658697350507 0.63485759957687 0.63594321712884 0.63837475364701 0.63421932566679 0.63674569244253 0.63940754431279 0.64030642721669 0.63515200104813 0.63268356760472 0.63601471435299 0.6385087550836 0.63631412824723 0.63694271401172 0.63480186675284 0.63220714735836 0.63334579444976 0.63358382550733 0.63129133958142 0.62660079463884 0.63217262463243 0.63534784638183 0.71633039554215 0.70751630507922 0.70618937144132 0.75165859199778 0.71449548723593 0.71879335112053 0.68355253349245 0.68237350389246 0.6399913668497 0.66200985421195 0.66524184296742 0.67023234201654 0.66885284735119 0.66591592719103 0.67019021077876 0.66509373828284 0.65802855063084 0.67364114195206 0.66297727527804 0.6610327964238 0.66551489065162 0.66148575722224 0.66910853028956 0.65674442010298 0.66787297364152 0.64726793028019 0.65782504713477 0.67420202834143 0.66663964484752 0.66010744440575 0.68161921397929 0.68089287903449 0.68624490138018 0.68616580006924 0.68079831945617 0.69046057825932 0.69107623098148 0.67390615900883 0.68177508975975 0.68713883356071 0.66358113035074 0.67293100676747 0.65061793727283 0.66580626585671 0.65055690857969 0.67486651564997 0.66690788747843 0.653876397427 0.66025918385707 0.65815163311414 0.65463046463019 0.65814504874649 0.65262627386169 0.65347883894871 0.64616339161505 0.64944805094224 0.64798704778779 0.64848227659042 0.65392542818985 0.65102759815574 0.65476159697737 0.65814697790783 0.6480263975604 0.64422726107116 0.6475542364382 0.64509973204852 0.64439465632587 0.67295235558185 0.66447386696963 0.64199790412647 0.65367400970516 0.64564904806445 0.64186029842075 0.64381006415071 0.64244787672096 0.63515643010402 0.64473479953264 0.64621870193493 0.64761291824061 0.6549073784557 0.64234472206347 0.63936966178418 0.64216312292681 0.63760650433574 0.63935628037264 0.64057727944809 0.63935171084815 0.63705923727216 0.6388840600965 0.69914736824516 0.694830582166 0.69175673149287 0.70991712098655 0.70622236984942 0.69713430216427 0.69566444706507 0.70243581303417 0.69911640318394 0.68741517738437 0.69395468095799 0.68307440557688 0.66609261490442 0.63933539517791 0.63590940548434 0.63575857066668 0.6339406092504 0.64050012338229 0.64672923013085 0.63685684807735 0.64377286781913 0.64919302529148 0.6422061608198 0.64542779330206 0.64204302783476 0.64305778625664 0.63984228826587 0.64311052874189 0.64084276969329 0.64023535991154 0.64076107866389 0.64002614751602 0.63828153075312 0.63862714846035 0.63809441151702 0.6374887593157 0.63589387601421 0.63666601795403 0.63711717869375 0.63810538279387 0.63778931414782 0.63682553970454 0.63590300299836 0.63695599594617 0.63592766133249 0.63465082074449 0.63812684903644 0.63578753415518 0.63753243913598 0.63648139705904 0.63586571454689 0.6364675059598 0.6351559934054 0.63530696215052 0.61320224024794 0.63493020606311 0.63563696315838 0.63504430821625 0.63527094736679 0.63529286784096 0.6331432567475 0.63440875784572 0.63367035159918 0.63480107468241 0.63418226314258 0.63531050711698 0.63581938972288 0.63451099360298 0.63489048956371 0.63345974752302 0.62885245621383 0.63478386219094 0.63420200887911 0.63452902355447 0.63392981623721 0.6340768593007 0.63288647674303 0.63078883405887 0.63109965783391 0.6326531180268 0.63063110468524 0.63215900965864 0.63130997190425 0.63227594991324 0.62759978641207 0.63326765751406 0.62889236833176 0.62836894734711 0.63173180865391 0.63064580130153 0.63014514349653 0.62805811990375 0.62563279879067 0.63360125265027 0.6309967526901 0.63329937721463 0.62123883718834 0.6336892225277 0.63137947236379 0.63230953888914 0.62791776650615 0.62531004051816 0.62208274304506 0.62462427573372 0.63311930292081 0.62982928373857 0.63081401132217 0.62921913982233 0.62721539620896 0.62954285009118 0.62490117004906 0.63207109256414 0.62374348265191 0.63235563618663 0.63161836193201 0.63247485021547 0.63036691336485 0.6310101980158 0.63019418710248 0.65088303793026 0.65041206733408 0.67031703333352 0.66331691031213 0.66684131432433 0.67373779811971 0.67381468792965 0.67168438089239 0.65842632554659 0.67918276062651 0.66809611477476 0.68420310023159 0.65720361393614 0.6746780523476 0.65110726217614 0.65181004621003 0.63623019583067 0.63738368369552 0.63656547907349 0.63654667622244 0.63601511254099 0.63732665718696 0.63834990233195 0.6390021640933 0.63790990673082 0.6385171372511 0.63897706256698 0.63927110162133 0.64019808353663 0.63847580876999 0.64123469811954 0.6374703472342 0.6381676845703 0.63731656569135 0.63721945993757 0.63664077517015 0.63624262988102 0.63577379408127 0.63639983498977 0.63546855772429 0.63631159572428 0.63553089872769 0.63935837240106 0.64135382802914 0.63483037048855 0.63429581631343 0.63373308343714 0.634336329579 0.63514269854563 0.63244641250566 0.62705343330574 0.62632187892247 0.62386701749116 0.62207596550453 0.61814834559342 0.62347172680233 0.61234314608869 0.6359970746432 0.63320984501535 0.6327205562903 0.62129755071051 0.61674331830759 0.61622963779233 0.6081904575356 0.6267000233492 0.62677623763571 0.62748311255319 0.62558499990057 0.62170053644015 0.61892257000184 0.6187011682376 0.6161901970255 0.61530010747276 0.58508803004933 0.61046419524583 0.60583370485939 0.61180672245793 0.59881513617177 0.59352609058221 0.59714415962231 0.60684472304527 0.60052564701585 0.60319307785226 0.59557449044978 0.60363137325943 0.60474212256046 0.58420310211231 0.60342079868812 0.59698370168891 0.61356118702575 0.58680723365117 0.59609318018574 0.60792463901845 0.61160022687797 0.60056969228923 0.61535348089735 0.60648368647299 0.61089526552157 0.58775584638688 0.58717059455038 0.60952007006908 0.5905085983496 0.59218259489395 0.57817305466762 0.58719397321858 0.58270886974199 0.58008221779476 0.5815243068791 0.57596945402419 0.5818219092456 0.57374360294959 0.57328050558647 0.5787515045159 0.60563882920148 0.59172789411266 0.60004025270943 0.61225891739068 0.59574749313864 0.58855557369399 0.58333682480639 0.57908345472985 0.58664061242512 0.62079314293262 0.62442757488532 0.62385374095843 0.62017736322635 0.59005478269027 0.57397066034643 0.56830816380893 0.57071503298318 0.57083206118958 0.56984218546444 0.57420165392638 0.57683341998611 0.60037647730753 0.6099665425188 0.60898434093445 0.61315110974873 0.61876313182513 0.61342908998419 0.6170377084464 0.6210830762089 0.62145033899314 0.61928278468492 0.62364821829607 0.61677147829175 0.61761790945559 0.61445279800486 0.61949980211394 0.62467247928376 0.6146141594051 0.61233810360957 0.61639828567506 0.60878722177446 0.61400380118633 0.62921639064564 0.61512250295216 0.62728675903679 0.61773679850017 0.61052722935684 0.61407944127315 0.61526657686164 0.61644023829286 0.61959983496315 0.62014026802212 0.62171510905409 0.62846450955564 0.62657218073505 0.62936671386079 0.62752455545328 0.62844752939469 0.62513874401063 0.6090077183028 0.62024838267307 0.62484130421885 0.62464820615085 0.61070303622246 0.6118877734768 0.6098646920096 0.60761866961547 0.61090880828195 0.60696446733008 0.60713575505158 0.60564983351792 0.60439953290185 0.59689475844198 0.60446489641927 0.60191069353545 0.60265892226454 0.60722286195082 0.60821101007353 0.59706019126112 0.60603066904728 0.58436755117874 0.58852617661839 0.57772375968367 0.59336489375669 0.58987718729192 0.55995114715858 0.58193772820868 0.57456099289179 0.58715072631904 0.56917821909114 0.57117763436693 0.61243866386374 0.58069051099426 0.57407004949202 0.57118016213946 0.56030171946607 0.56832617830986 0.56867782608676 0.56289333197587 0.57327725679009 0.56786021427697 0.56502335159304 0.56564829597684 0.57974683467023 0.57439808491618 0.57907420661273 0.56903352871327 0.5912154793872 0.57224472580685 0.56649520976156 0.57842372373451 0.58718873091354 0.59718954045509 0.56472096203127 0.56440062272057 0.56230899900704 0.56642225252653 0.56299110888736 0.56137955102289 0.56383651371548 0.5630561082513 0.5645141860611 0.56250720727428 0.56393079006369 0.56416839685082 0.56600470881211 0.56144576024693 0.56167737568256 0.56894037449279 0.56239905247247 0.56119723869105 0.56372136190515 0.5672140326228 0.57310400598713 0.58232882848615 0.58269211498725 0.55928313231648 0.56319234908951 0.59395958645256 0.55959503570889 0.56262229132769 0.58941936988575 0.59139674991006 0.59323084068581 0.56094020929732 0.56705851837355 0.58751019088337 0.59684220631074 0.59739047882402 0.56178785072608 0.56106782033199 0.56222867418379 0.56076235755221 0.56023535280824 0.56606077903226 0.56998427399926 0.57580056175735 0.57473280968195 0.57639894724247 0.58433846185814 0.58518119874259 0.58899249981091 0.58250532553739 0.57393142884922 0.59641823175453 0.56009400481402 0.56035569880382 0.59091831465589 0.59289747031138 0.59573659731287 0.55939096775225 0.57847812262911 0.5612556927796 0.58991199841203 0.58825625818148 0.59380168461225 0.58446630894383 0.59291171371659 0.59185645636764 0.59350609464083 0.59178453923903 0.59381524573245 0.59192820219528 0.59099982723268 0.59071343717807 0.59013738901705 0.56415252313434 0.59370978334705 0.58940633320984 0.59119317290294 0.58926409227528 0.59015661379667 0.56363767520038 0.58994529237489 0.58946756575837 0.58997794515549 0.59000134524577 0.58980523002017 0.58899134671822 0.56225442031632 0.56129042230294 0.56408824315312 0.59314228092697 0.59421554605349 0.590575642203 0.59186676224027 0.58869791293677 0.58989523286035 0.58769220319329 0.58853097321681 0.56201913152224 0.58849974450707 0.58830796094772 0.58827969232132 0.58864130062288 0.56084931920324 0.58964463650398 0.59004189916368 0.58842562033614 0.58855678332651 0.58829497754545 0.58856449972163 0.58550607305486 0.58848175252737 0.58890211961335 0.58725579875194 0.59076213201752 0.58828870474865 0.58768612674626 0.58766694106373 0.5868729714746 0.58090797337851 0.57975323449962 0.58321038821173 0.57132393625822 0.56924551606366 0.58783977462191 0.58799131689026 0.58753860242398 0.58778877847148 0.58572722341002 0.57909332302594 0.5865882808265 0.58809754469419 0.58837984090119 0.54860166364167 0.53872689456856 0.56254656534675 0.59063630822566 0.58792467637916 0.58598886870824 0.58769995788609 0.58659881759362 0.57870205650334 0.58773653277685 0.58822903549772 0.56324742345015 0.58399632095154 0.58820242426341 0.59207119768823 0.58852868338204 0.58792319122507 0.58787557331176 0.59162013261806 0.59283868994332 0.2851811864363 0.58341789051813 0.58923964503649 0.58906078904923 0.58813381818654 0.59103137253633 0.51874197370014 0.58687552005755 0.58650807763157 0.57126950460548 0.59542055111309 0.59350310086975 0.56314868393171 0.54404808542371 0.58797722269675 0.58647358351405 0.59197583825799 0.59003324971813 0.44020020123936 0.5909316556147 0.38872964893512 0.59302459573098 0.57233626937829 0.52282453375685 0.56713128668703 0.55129993881137 0.58947861702243 0.54772831218227 0.47620326924304 0.56287569862611 0.48706045248975 0.5609461771951 0.55977660626761 0.54094835395389 0.50134428923055 0.57603380743105 0.58527313251943 0.55105298637887 0.51462112112941 0.51822833560092 0.43998445738373 0.49877770206676 0.43053508350202 0.39846658802198 0.57682221538035 0.34810904808307 0.46027508615688 0.42994416618263 0.48915354354299 0.31948383072861 0.38910347509635 0.59133168998156 0.59037808936222 0.59379053650914 0.59232194589042 0.38269666758214 0.28160549925792 0.32523209593163 0.2956230063416 0.29015136379442 0.3334517298412 0.28215614072728 0.2869720589918 0.28423267242639 0.29555503879478 0.28698467757458 0.28616490220698 0.28611331617151 0.31928898731504 0.30950153066322 0.28306764912808 0.28317661425808 0.28995507511744 0.29819931455706 0.28463897721193 0.28918545480511 0.29170762833998 0.29888867591852 0.34330630239017 0.29919858924963 0.2984061856529 0.28516125269 0.28160964679896 0.28323011580017 0.33251691028341 0.30023849328785 0.28266422841225 0.31702371807333 0.30622049296365 0.37556581655175 0.33997936415098 0.34677587574799 0.36638515152888 0.38765790273387 0.36933714884049 0.44399962670724 0.43119911989437 0.49424782391964 0.45727838701115 0.28763399127192 0.31114251989532 0.29766365787604 0.31251769385691 0.44140371013468 0.42332279691178 0.43523910507874 0.40877593658664 0.50485296363774 0.40046792500229 0.37338778543174 0.28351128226222 0.32619963660743 0.44320555630969 0.46654346294582 0.48614129109338 0.2845263075994 0.41634506245607 0.35417915159668 0.38077312452972 0.34274294078471 0.42312208985915 0.29381075969873 0.34471413396597 0.38410448285657 0.43022426822291 0.40764659348114 0.49129571386639 0.53186244587358 0.50230853646409 0.5996134883251 0.46875352944493 0.56962763206555 0.55002097496943 0.570548912376 0.57698834212115 0.37131547729615 0.49372985859379 0.57536752039305 0.35756503649702 0.40368025394229 0.46176936557838 0.44240745058191 0.46586694278976 0.50949280165857 0.53828005789204 0.53328766958998 0.51901928852006 0.52870303964909 0.5771083802708 0.57159603257707 0.57735277331885 0.37434057012001 0.35242782133123 0.58998925423146 0.56831964336006 0.57160516489763 0.5696830537598 0.56609829395062 0.58540310682259 0.56909620721699 0.59437073495905 0.5989575755442 0.6001393943148 0.60099806076479 0.60110783357691 0.60348278335052 0.60395143412121 0.60220876461943 0.60450336025856 0.60287749297492 0.6037699110481 0.60107732212209 0.60055101961657 0.60081638205714 0.56120035502286 0.56052393521306 0.59583892640352 0.59833136301595 0.59504725178154 0.59871855636287 0.59805387597341 0.59765077345284 0.59707662386413 0.59885841265727 0.59760666670133 0.59830215236186 0.59615158578268 0.59502250140824 0.59511228214013 0.59592081683863 0.56975757479816 0.56587942057189 0.58926816622683 0.58983513689293 0.5864823584886 0.57587997144891 0.5816945943279 0.58129590459087 0.57300301235485 0.5808452196968 0.57121667751957 0.58517248406148 0.58606377439907 0.58498665270789 0.56666909860876 0.57318230423994 0.58180220816963 0.58547092214054 0.57460618686912 0.55930843542185 0.56371230818033 0.570094343453 0.57255553506129 0.55415714802697 0.56976884670362 0.5574277220757 0.58792842821095 0.59675730462798 0.59814650648529 0.59703460753093 0.59582185556474 0.59237165820177 0.59565639674549 0.5959007904896 0.59695086440121 0.59793420079635 0.60154203654441 0.55730120139408 0.57679400431637 0.33463799804738 0.38015213275141 0.3667787356713 0.51090957562635 0.54178405108042 0.54074281614652 0.58012341066994 0.59192716086751 0.59054731294438 0.57094542620918 0.59837675467037 0.60190953825457 0.60180227425575 0.60582880817751 0.60634216357062 0.60460826218828 0.60668547084955 0.60811951182543 0.60755164817761 0.60966628473001 0.60488247249207 0.60598185699927 0.60486459805767 0.60037126446519 0.61047846289874 0.60695550603319 0.60982275518101 0.61078713573857 0.60883936133734 0.45771110270883 0.48226039535304 0.47414407161822 0.41351335936054 0.43472542214733 0.57558407942453 0.44733203154448 0.5314603084948 0.48117399149777 0.49813624035174 0.45995441369915 0.4744575349756 0.46589299772287 0.50483925609952 0.48175143765618 0.48853752832776 0.51230376519744 0.56984460648937 0.56610919675375 0.56689968798019 0.56637508160754 0.56389235679567 0.56052319786513 0.55999872225426 0.56593215705213 0.57324574582616 0.5774813279721 0.57919378064674 0.58488607181384 0.57254384367313 0.58464445465345 0.59925167446029 0.60242330724421 0.60276823593517 0.60175003890549 0.60006072523686 0.60054377407037 0.60389960065267 0.57367126531268 0.59383905343551 0.56980124627713 0.59491387424107 0.60280474269719 0.60558675275801 0.60974241701812 0.59231554954057 0.61256964009373 0.59667573575779 0.60944857590519 0.56988345387929 0.6054622034343 0.60250297350529 0.61011556617309 0.61278182600619 0.59196884041553 0.61361440401586 0.61369662358756 0.60836235420148 0.60792152548286 0.60977549929429 0.60233185999907 0.61625039708559 0.5965721884581 0.6140892826071 0.61458375614632 0.61230952798063 0.61701798025611 0.61469196241493 0.61380801503513 0.61281962530204 0.60936110574523 0.60832947109478 0.50610026845376 0.51863692721119 0.54918693928681 0.58238193429201 0.59024339106621 0.59631462433009 0.43983705721623 0.41847892199745 0.46624346490814 0.56996160921973 0.57825736714171 0.57440353937602 0.60647283243212 0.61554901713921 0.61334066333342 0.61308672840646 0.60754552170617 0.61904326101037 0.59909266240962 0.61431078024156 0.58762710200198 0.59561227692428 0.61997872034964 0.5995436102233 0.58982094574368 0.61400764590399 0.60541438650975 0.61371495183568 0.61822758609884 0.62366353448848 0.62112597989425 0.62234847884977 0.62429878226446 0.62559194384387 0.62199331941483 0.57979258917026 0.58278700423693 0.62966039422137 0.63477027560612 0.57469932928493 0.58818830123139 0.58072129928611 0.5717808704764 0.55687538496136 0.59152417194955 0.56669225464141 0.55717694655131 0.55393676658972 0.6271218804657 0.62754739438256 0.62983239226071 0.62791299944099 0.62542353266035 0.62029883787435 0.62406290994826 0.63215054200962 0.62557816067421 0.62986049356502 0.62430425733276 0.5362336271342 0.55988575323081 0.6178277478504 0.6382008688737 0.62243765885546 0.54778592286676 0.54625513589509 0.54046981313038 0.62018986578287 0.61355839286245 0.62766252808915 0.62853171488374 0.63447581894086 0.62109633008709 0.61897139671295 0.61994188853988 0.62316601843344 0.50997766171078 0.6225056750151 0.56456730621439 0.52669685039774 0.52615849623993 0.51614884941466 0.63052405815151 0.62991231045601 0.63153298355857 0.63498900764978 0.6284780547453 0.66390105654214 0.61750809620209 0.49786038925676 0.50104264182004 0.51489741337435 0.52446672114437 0.63845720982479 0.64576999321836 0.61638525586545 0.65003508201855 0.61762947225274 0.62366352256774 0.62127004026358 0.63490957162759 0.64034894843444 0.63488041692872 0.64896880850328 0.65612089531788 0.63754432187741 0.63331771423146 0.63373121048389 0.64302103826802 0.63907638771141 0.74423552577915 0.64076677852123 0.67863205607436 0.63164719640077 0.63565645200726 0.66551566238911 0.65304144801948 0.71834425292495 0.6379014126122 0.64224246982426 0.65939446116843 0.61877550590406 0.61655145339769 0.64687570858099 0.63105447778073 0.63773589756126 0.68901749353921 0.66798803621064 0.70599148169372 0.64553166547506 0.66145188413896 0.64108533594719 0.62729849841796 0.63679886569671 0.62935229507085 0.62728718968384 0.6323528582125 0.63292056101841 0.66815438314237 0.68252610039569 0.67526691210207 0.63991304339578 0.64206564112244 0.63836595529984 0.64313757211588 0.64715023854695 0.64178839452219 0.62992850627994 0.63688236537826 0.63649056711452 0.63912442189961 0.62255916207513 0.75577141368918 0.68784681295414 0.68905123160457 0.79514754962239 0.71413183635575 0.71411539196586 0.78793070107571 0.653321210923 0.700744411043 0.63787300232142 0.6273611751966 0.63246264439375 0.63963767268381 0.70919284522185 0.62607541167751 0.62862922164608 0.6358648623827 0.63792783565176 0.63366918547193 0.63117894566063 0.76021206419534 0.73584732367696 0.63514857220713 0.62767883148052 0.63031166940046 0.61355053330868 0.61055304109552 0.59264915203105 0.60113290265715 0.59740227231139 0.6045959004021 0.60712370376694 0.6019527316801 0.60906000455341 0.5979272203834 0.60210041072132 0.60852076227848 0.49163194334364 0.50620303475537 0.54113969789997 0.58610131799977 0.57746307712779 0.58608951669552 0.57749765328001 0.61193179362127 0.62141560564746 0.61757233742532 0.56698192326006 0.54576827323624 0.61813978804479 0.61848021884888 0.61625223245959 0.62049800041365 0.62209391517994 0.55568175691515 0.55223297852139 0.54092456457631 0.52730147286525 0.69352431693807 0.62565296254166 0.65937296919531 0.64436232835992 0.64765563234833 0.64383505049304 0.64562787926993 0.64571429200194 0.64751959550238 0.64462730121924 0.64554428980106 0.64655895424627 0.64258337086029 0.64049472349571 0.64277357982626 0.64166587897619 0.64042442034616 0.69995047990802 0.72014312785305 0.77076485572552 0.73987297966752 0.61781146382614 0.58332665951962 0.56363491457497 0.58354724005087 0.68464675236137 0.70132915214751 0.71099552235795 0.74176280304272 0.71831543122287 0.67492885242413 0.67693985210486 0.66794343879572 0.65542476959117 0.65505028869014 0.65461802719263 0.6495389372702 0.73815701565875 0.57944483797554 0.5864215100188 0.59084598039276 0.67437011024157 0.66829674081336 0.70162136373589 0.65182782313913 0.6857746806147 0.68983939225643 0.69972184538831 0.69472444116737 0.68983258553253 0.70555251572071 0.70227185811778 0.68028418488152 0.72096635327319 0.71447275588608 0.71175097898365 0.71891434178379 0.73192723254761 0.71869474380513 0.71156853962234 0.65493575460085 0.71770927627939 0.77490911931911 0.72868874921058 0.74623213369697 0.72885692472783 0.72480203636227 0.72436859080548 0.72114399793408 0.72637895466476 0.7177513931049 0.73381980551378 0.72195768211274 0.75959201244946 0.73193867230472 0.72709187392093 0.74405497097741 0.71757911858103 0.71858736650628 0.72064875486348 0.71571840321414 0.72043153567916 0.71487490863833 0.71260861785219 0.65837044227149 0.64853722302217 0.71844057494758 0.70647022384359 0.71693457428308 0.71799114437803 0.66690990953751 0.66165725807154 0.65458479095027 0.66713437159038 0.68044369781913 0.71628694673691 0.71117881176472 0.71362689703934 0.7012141868088 0.71605588651121 0.71801246334777 0.707528264889 0.69637456589587 0.69304273180243 0.68485939431437 0.70430119643425 0.73495949522285 0.75903025736548 0.6495736327325 0.64722996916806 0.64690823863104 0.71398058900249 0.68828031588515 0.71725259626009 0.71740415569088 0.71855616041843 0.71680758734283 0.71835276739125 0.81417320338076 0.73748759088982 0.71777275779164 0.7176167759943 0.71619653294394 0.7129759306185 0.71598838435748 0.7197198074987 0.7180806408249 0.71846358251332 0.72372961593676 0.72528941257423 0.72079726637442 0.72190784823487 0.76654565694004 0.78793355613883 0.74620538586504 0.64967399535348 0.65074743548471 0.64962530670916 0.65056101557633 0.65254856258243 0.65541028086067 0.65215341751807 0.65899364565382 0.65132371750751 0.65846692902595 0.6543802512288 0.65387000013146 0.65110774154084 0.65007081743088 0.6519142806011 0.65268278812186 0.65299426922718 0.6540133085754 0.64872621202306 0.65338040223996 0.65440689140642 0.6598344790804 0.65470009240981 0.65238667457061 0.64936988804727 0.65350478252886 0.65534104209224 0.65696536551194 0.65026998384922 0.65424763771089 0.65513274117883 0.6543539998503 0.64851486903893 0.65178927200066 0.65306907542192 0.65734629228842 0.66713307752098 0.65615914510033 0.65458038651121 0.65403168468368 0.65501669521118 0.66278376353995 0.65720023095461 0.65332637600396 0.67164713505093 0.65525712705823 0.65569067811058 0.65557942548825 0.65840070850298 0.66855761801456 0.65221909309862 0.66177988178202 0.65432338034031 0.65051041587908 0.67987358568543 0.65674087118116 0.65466224558967 0.65417492027662 0.68938708891957 0.66657504200542 0.65176739477707 0.65558759513435 0.65276513058677 0.64828681305323 0.65260750826109 0.6653452663676 0.66315699748578 0.67521998584393 0.65582150874122 0.62988475022517 0.69621582467 0.65060551510209 0.63747235368401 0.68568723415854 0.63491276304489 0.67650671924885 0.68618860884211 0.67315531834804 0.68906463619226 0.68881415052623 0.70382930527091 0.69887048636142 0.69538086477394 0.70703012273698 0.68556566167309 0.70396966033436 0.66981334157362 0.71037459444954 0.70986951785807 0.70794804502993 0.69053268757394 0.70012674868035 0.69915626146199 0.67553645255097 0.7065093517246 0.68432854645298 0.69794148115193 0.68665502439749 0.67941928718222 0.68039907730907 0.66974504199173 0.67265418258024 0.71771854928713 0.71446417371442 0.71195229969885 0.71130124572386 0.72370722397465 0.73026817674198 0.72718814950409 0.73210020838035 0.72786330796532 0.76197261538155 0.7218222369756 0.73352216310946 0.73129120049886 0.72821224010528 0.71971708944645 0.74516771233069 0.73200351150484 0.75256647915401 0.77424087306873 0.79596712013879 0.64403699788479 0.62622017635124 0.64028182083726 0.63504595417781 0.631714712175 0.60873026102694 0.62499947956817 0.61054793360168 0.60169082935676 -0.61608648012618 -0.50491098338779 0.58993020838721 0.59314444124692 -0.71748589296827 0.64973195105618 -0.67457342845094 -0.65209863281715 -0.64136528538885 -0.69818325033475 0.54764703434697 -0.67406284513187 -0.65889577423477 -0.69585913281415 -0.6810847126173 -0.69507636960049 -0.67937704965162 -0.70133411536599 -0.66428834770712 -0.54874621831591 0.61951861085457 -0.77057986553995 -0.66477768275385 -0.67525992501028 -0.68532873330706 -0.62109989784338 -0.71863070472851 -0.87539666475154 -0.73231155977075 -0.62752589863799 -0.64557575711885 -0.7254657017127 -0.76680516214474 -0.65542141565883 -0.63395175206643 -0.61770663211645 0.69349321096273 -0.6445757197323 -0.65943929090566 0.55588107989192 -0.6378634440761 -0.65562975454078 -0.65750916037551 -0.64842016040368 -0.63469220882597 -0.64615094401303 -0.67182705078106 -0.63713557080005 -0.66141102164631 -0.65143734922302 -0.64003035452245 -0.63108248312886 -0.63515414706573 -0.63906815261588 -0.63293928740905 -0.63117752785676 -0.63118328125611 -0.63608586254273 -0.64034180263193 -0.64009888689369 -0.63677735190039 -0.6148032651936 -0.6188130163966 -0.64940109199886 -0.65172788704477 -0.64348608525478 -0.65280814790468 -0.64695772447177 -0.64390741241459 -0.62548872069521 0.66957449442869 -0.62486058024631 -0.48884686174253 0.68846720287779 -0.64126631706024 0.69698722172659 0.66534118084321 0.65238718147055 0.70418445584959 0.70024866103555 0.6663890141695 0.66545563381361 0.67649762164962 0.65895898278036 0.72102681414933 0.71127186728912 0.71523503933926 0.77985169971961 0.63591505007193 0.69926906980624 -0.60910364931647 0.58848342087256 0.80100142840026 0.69737301064277 0.70847141089304 0.78328011189717 0.65281957956592 0.75137854861994 0.70120087072533 0.51973631853483 0.64156315534127 0.74572727484064 0.72444245636234 0.73904726012693 0.70524156747082 0.64970604115961 0.55398312316672 0.65247834364401 -0.61966247143682 0.62170149368871 0.68569308757953 0.65539826095289 0.73880632151971 0.66390444552698 0.68222075629492 0.68754888749863 0.70497122990853 0.71465431736274 0.73262572796358 0.69790670344469 0.7618251488586 0.72750952162072 0.74671516971635 0.75596029019547 0.74746606264437 0.76672007960284 0.75088042825957 0.79863918015084 0.72771426510726 0.96452569294752 0.75311976664384 0.80117068837626 0.80512644041606 0.77600713803753 0.80008945170168 0.88590686732835 0.82079386932257 0.84491005401821 0.81753359597872 0.79306349031575 0.78687081939213 0.77077687959881 0.7648305543216 0.78213653041085 0.757785781841 0.77108207837499 0.79433876984827 0.84779064886342 0.84186847036509 0.82102563013659 0.88089831435199 0.73714497663072 0.7474380913012 0.74047965280785 0.74124114182668 0.76712662768605 0.76123375879606 0.84613211763264 0.82235352883279 0.99768764263955 0.86461933114051 0.85715064211269 0.84665213966981 0.92590128223614 0.79802702711561 0.80929973425976 0.89446553425395 0.86977085167805 0.99813483064288 0.92847477818546 0.84951266114066 0.92819605028398 0.83134969047305 0.86712606013764 0.88749868162012 0.91389832081293 0.93304118193768 0.98925555237278 0.96292923838344 0.63954546222538 0.62217819716629 0.60886533272384 0.57753887018521 0.56888213208392 0.56674112856004 0.54926216746466 0.72351392953546 0.71507084499071 0.688966949853 0.69013477093539 0.68749751226949 -0.67521508674863 -0.69179227117233 -0.68736407421043 0.3395260143585 0.32717745850684 0.31362476586948 0.59538426810768 0.59552247793944 0.59500930855422 0.40784275828964 0.38082232688787 0.42429929737516 0.66908200318738 0.66789336570148 0.67097788791772 0.58655573703393 0.58316331715959 0.58102704887944 0.68460131759921 0.68665975624374 0.68463050816467 0.65486624276039 0.65468342634683 0.65480401900182 0.78176459316796 0.79190596515138 0.79669773774073 -0.60258085945641 -0.61946095635326 -0.65334813055238 0.62542512155369 0.62484144851593 0.62421531524119 0.61234602950613 0.61132704193465 0.61181745874476 0.61414976720018 0.61537118599204 0.61567709859763 0.62089282955832 0.6211692772037 0.61988139586156 0.58271610493969 0.58518997133913 0.58928594075207 0.60990720747027 0.60782117539156 0.60781008848775 0.34646826189031 0.35125195418051 0.32316210122291 0.6560431137925 0.65452086123379 0.65451098902285 0.64176575989947 0.64167892474701 0.64081251742172 -0.67731817233657 -0.68778280913238 -0.66716915407618 0.64415563871188 0.6450734673226 0.64460665988163 0.65557510144337 0.66218062707641 0.66196783617117 0.58770011295097 0.58782973925156 0.58778733601088 0.5187679482552 0.51318045393182 0.52132653495272 0.59985157496719 0.59934373703676 0.59864634610202 0.50826081704448 0.52594905948367 0.52892090636965 0.58999201167418 0.59003103380904 0.59004260049671 0.58844076858878 0.58838534970145 0.58842811474013 0.58815244674758 0.5882320508678 0.58762860532926 0.63416501472638 0.63377359958918 0.63459303528082 0.59892375946734 0.59921785608935 0.5985967221993 0.63640310198259 0.63679820127479 0.63716767570106 0.69414720118106 0.69151024381856 0.69396086095619 0.72752874968129 0.72580834805099 0.72972574589277 0.7368474859635 0.74055220041498 0.73718404868654 0.75634341856807 0.74917314283399 0.7545891973184 0.71661296411557 0.71473837685034 0.7134959628447 0.794352720875 0.81881273976994 0.73154834604854 0.73458590310809 0.73121256063747 0.75149601983 0.75949200803115 0.76806064118053 0.72402620199054 0.72278860210835 0.72710966125419 0.67086289509725 0.67221656665119 0.67295774571594 0.73683439250167 0.73352960132765 0.73926289964322 0.73525692271205 0.73190579432721 0.73566849499826 0.72184166854028 0.72515402787898 0.72444501238122 0.70566597167183 0.70730875440512 0.70811755784533 0.70326958051379 0.70275677295746 0.70019295362309 0.68358365722803 0.68154621219077 0.73089261973551 0.7294715939701 0.73236688847622 0.66115070935433 0.66148006211374 0.65944382262026 0.63064092642363 0.62974566984146 0.63072909043998 0.65207910218588 0.65172083206253 0.65138191883747 0.63637425547762 0.63587912973197 0.63536866999386 0.71505687805005 0.71609428843963 0.71483029288713 -0.70396679627595 -0.69013908256425 -0.67079419305307 0.6395970233394 0.64203959938676 0.63743296394841 0.59038498340785 0.59056069713961 0.59092971684967 0.6016996899213 0.60105640243023 0.60217824354459 0.59999946214749 0.5988006362319 0.61126811904832 0.61228094711251 0.60995683570255 0.61014195941342 0.60952198811799 0.61603913607723 0.61560037702222 0.61509847299497 0.59651386443102 0.59628496883056 0.59595073867803 0.5881844038079 0.58798562028059 0.58794574646493 0.58930276841548 0.58958547968208 0.58972339901031 0.58783111062293 0.58792974004471 0.58728171907071 0.58768571451424 0.587987661348 0.5880086519059 0.587996486568 0.58790485255751 0.6456135838815 0.64582431791799 0.64474695533928 0.62890809481808 0.62936184808161 0.62982110015959 0.64071489495711 0.64185565644999 0.64221505248787 0.632417109834 0.63313659079909 0.63335300403657 0.60415564427497 0.60458040470595 0.60497445191985 0.61297684845947 0.61348193974284 0.61238441378841 0.61108133733617 0.6108193547612 0.60843090662347 0.75227146411347 0.76162550204562 0.75105693191326 0.74765315052516 0.75534967439646 0.74968675439037 0.74444026329683 0.73000005725485 0.69770198287517 0.6982388715543 0.69589136539503 0.71812145062165 0.71955624094323 0.71734674753574 0.71408428849446 0.71771961091631 0.7236368602506 0.72544864858267 0.72671724301997 0.72709150486459 0.72362829447491 0.68274097007043 0.68364816880954 0.68551981815141 0.66696074276019 0.66584071692127 0.6684833535999 0.66471233939136 0.66291311644486 0.66427255608676 0.64170727893629 0.6411189371444 0.64230433759126 0.636242022997 0.63491029414611 0.63634510091012 0.65021150714452 0.64981161798047 0.65062591373015 0.6260951048311 0.62546912565929 0.62672029507722 0.61974950661411 0.62003534135949 0.61863209939203 0.6238684166993 0.62725780460441 0.63587894368847 0.68578172554354 0.6834497498853 0.67828595609139 0.64353357358465 0.6446688312663 0.64728385402057 0.65447639573955 0.65450676096637 0.65458025013014 -0.64392309133305 -0.60417107433957 -0.66133425988917 0.61791793991969 0.61574409498425 0.60378256528201 -0.67384983184188 -0.69481755701337 -0.69563901485966 0.61082185168175 0.6103047500219 0.57943709423771 0.55853127861673 0.57381225406771 0.60380963815194 0.60321819330017 0.60428293104485 0.5911836914525 0.59148604703763 0.59105904885766 0.43465697249371 0.45583808312261 0.41734659910492 0.59520400005104 0.59474526739709 0.59420051546358 0.63473276708149 0.63437814621748 0.63531614608716 0.60856995257304 0.60662617814959 0.64667773365706 0.6471110847608 0.64608832735504 0.61608904571309 0.61516656584197 0.6031722087484 0.60189559261014 0.60345929169858 0.60791904109641 0.60739694009594 0.60834034360721 0.59192251663525 0.59249151549555 0.59231595377022 0.5901928935546 0.59031557912031 0.59006265388648 0.58908961079861 0.58927932840125 0.58947036924002 0.58357711655956 0.5794600385628 0.58325725651698 0.58929301173683 0.58954460124286 0.58958030617368 0.58998376685299 0.59006440792285 0.5900430206389 0.59002305479566 0.58977977587784 0.58936807515639 0.58767784338247 0.58765538006603 0.58775838426608 0.57037928574828 0.56270037861105 0.55316315271683 0.58695497494453 0.58786976357275 0.58529291307167 0.58845264581276 0.58847564366693 0.58840917634569 0.58233723838529 0.58619354868539 0.58316496090623 0.63705343635357 0.63751292292958 0.63785730562228 0.6387392899442 0.63818127525168 0.63146716663357 0.63098964655502 0.65225184482179 0.653657151093 0.64992880493555 0.65096548209717 0.65130643668415 0.64211484522173 0.64159399841652 0.64090980846495 0.62699098997207 0.62610902893886 0.6256584511041 0.61709719690838 0.61585336551658 0.61648087798802 0.61578058608875 0.61459383692987 0.61522007456591 0.6059993703469 0.60650812056398 0.6114395168219 0.61251228967578 0.61159157777532 0.60031621893258 0.59995512793426 0.76561525432566 0.76835849549285 0.7451981860732 0.77813241132391 0.76098235259328 0.77078082797634 0.76669437939454 0.82080225897261 0.84791214898106 0.84440902900898 0.77920297263546 0.78562260681791 0.79755346168357 0.79161137547772 0.79149128167643 0.79435951326678 0.7573176278786 0.75553380008205 0.75115443127513 0.759898084302 0.75342462894549 0.75337131932998 0.84331545196748 0.74496536852526 0.74049367028805 0.74561248252094 0.78564007756814 0.79992549460186 0.7964999468102 0.77377061421098 0.77367732674341 0.76852179061723 0.84617602453576 0.82033020162972 0.77423571270523 0.76326597037356 0.76849625667972 0.7070038740858 0.70896530408206 0.70539338249775 0.74529318482559 0.74361593526466 0.76949822404374 0.75054193332732 0.74495041596348 0.74141601618158 0.74601438995554 0.7458486516951 0.70746269227034 0.70547135710861 0.70541154593403 0.7426573099445 0.73844351725833 0.73905308398368 0.73711953496366 0.73982527990229 0.71947354344412 0.72632553990742 0.72084903025482 0.73561180767509 0.73041755433684 0.73813270010304 0.72877712006592 0.72933886865585 0.73343386628345 0.73335215395363 0.72852977181229 0.7603002846624 0.75571043680349 0.75546100172035 0.75158338631139 0.74992811071132 0.74333129200161 0.74523703488115 0.72838425618987 0.72508900304535 0.72191820108623 0.71963303658195 0.72281412765056 0.72479280053097 0.7398458882154 0.74051312392841 0.73881767979475 0.73618061151595 0.73633292916484 0.73773794058342 0.73624255800169 0.73986144455243 0.72696049482024 0.73628611240321 0.69646220699437 0.69616332399966 0.69905965760685 0.71794804057521 0.72174576497594 0.72040188874117 0.6970865084582 0.69461830558891 0.69523897638273 0.69812197181979 0.69571701562435 0.67605403886234 0.67835960223555 0.67548718711661 0.7082005899831 0.70523054018761 0.70714256056788 0.71568216972828 0.71659228655128 0.71506981114455 0.71184323055951 0.71631696075984 0.7178521746768 0.71468170377846 0.72431555201901 0.72253192313846 0.72141034661644 0.72062880035068 0.71906065145788 0.72077070763901 0.71386448139979 0.71112296057714 0.70842531712893 0.70522903036583 0.71245264936353 0.71081778335262 0.70268673099785 0.7038118502662 0.71504966367729 0.71163841571162 0.75563474831836 0.75817501405674 0.70899298779688 0.73134297916013 0.73330729786116 0.72887697123378 0.72979330736725 0.74424269635924 0.74947130387554 0.76623725574674 0.77490374920844 0.73355277271888 0.7376443402944 0.68968671504368 0.69323526483516 0.69013774723604 0.75253985360915 0.75833910354196 0.71628527578866 0.71336606366006 0.70991607044933 0.71050914677485 0.71180957604765 0.71503146969882 0.70702797107214 0.70542305388553 0.70478046986443 0.71060754591544 0.70251699783268 0.69998933555998 0.69908441191081 0.70281378631198 0.70430250310257 0.69422836122066 0.69446401699677 0.69118114926057 0.67164707236838 0.67503758694244 0.67266093941502 0.70072583476127 0.69745222208095 0.70037304418753 0.70921406679695 0.69956132826149 0.6971422376385 0.69881205782967 0.7031051675292 0.70071732353069 0.7024652499512 0.73288573607059 0.72987826002329 0.73146631088763 0.7371033144259 0.72758248902061 0.72818681661898 0.72975881870005 0.73052008523323 0.7251626002972 0.72305322038642 0.72525705459039 0.68093111627421 0.68345324224286 0.67962358041408 0.7264513384989 0.72364573974064 0.73491001941089 0.7578309843105 0.7519358416506 0.75733529170641 0.74532060239771 0.74602178090164 0.70919811631834 0.70572379990468 0.69184067401225 0.69497190682156 0.69404827256629 0.6835887891283 0.68615834982964 0.68609310925125 0.7009200170491 0.68869399688869 0.69128423528343 0.68920075005779 0.6906475734815 0.69235456033908 0.69654173470254 0.69706452358847 0.693524063875 0.69353648916907 0.693044746364 0.69477603720057 0.69406506159598 0.6886875720538 0.69084311985779 0.68645619170736 0.71509706919531 0.71249309803652 0.71240661160024 0.68790593740921 0.68777286483453 0.77140578578798 0.76475105623744 0.74513983570123 0.72279832546846 0.7204396272887 0.71007271747942 0.69882944198132 0.70145162227069 0.70049748573855 0.69087362150941 0.69435340059855 0.69640336877033 0.68777165039151 0.68783655517562 0.68580036237468 0.68474114912558 0.68423262790178 0.69084827685126 0.69293190248041 0.69273421595775 0.70215981824108 0.69919419137721 0.68519873366415 0.68759932514964 0.68608501235959 0.70060393528649 0.69703423223278 0.67646247244633 0.68012810625554 0.68047774968341 0.66272211782445 0.66049130597094 0.66195468129659 0.70253627756589 0.68761578923446 0.68441708259151 0.68443760990202 0.68818349917664 0.67476953603119 0.67203652582657 0.67520565206341 0.6821947668741 0.68358004345728 0.68468938345746 0.67723111986578 0.67949261410568 0.67822215306196 0.68379235841691 0.68588142803021 0.67796176017434 0.68071300526526 0.67814886387683 0.67568547931553 0.68053359910962 0.67346602693602 0.67251021590702 0.67063976382659 0.67641031592012 0.67514970256344 0.66871937424978 0.66938731011972 0.67670251909119 0.67935263035173 0.74007821738456 0.7367113529611 0.67375643575684 0.72094688684027 0.72201295551146 0.73042508613712 0.73352376947098 0.70990240436521 0.71024876459232 0.72935302666501 0.71659867399937 0.7160304860906 0.7181912734905 0.71658988124276 0.71834060965301 0.71014607543917 0.70656070966087 0.71319721522365 0.71030821613046 0.70360153303535 0.69688301698209 0.73715709065346 0.73252918089874 0.70314268423112 0.63704902974825 0.63739500506264 0.63697674957059 0.68337597070344 0.68542904662377 0.68518914125117 0.69527601755359 0.68836942280991 0.69159923106471 0.68943424065896 0.66551021089663 0.66773631614803 0.6680302853686 0.67385073223824 0.6652193433636 0.66383174276891 0.66809912645704 0.66673023309192 0.7095277582416 0.71209210248921 0.71224282114191 0.73079585654259 0.71191192161171 0.70791407567994 0.71185213252987 0.71011985757957 0.71258403060538 0.69397598755657 0.69723031442126 0.69007418438244 0.68822065138844 0.73934713244957 0.74222471643258 0.74460529879586 0.68183596438639 0.67824913993543 0.67846206650487 0.68088028733143 0.71262616907086 0.71142286767674 0.70864924991027 0.68568974352755 0.68059271506834 0.6796540615132 0.67718347012406 0.65654521689726 0.65885175618944 0.6586201386866 0.663628708771 0.66540486993148 0.67423226721871 0.65755154487255 0.65733007525936 0.65574898675233 0.6608175152953 0.65750132267919 0.65917307728825 0.65758696628293 0.71703280686673 0.71702971623673 0.71474430727072 0.71989685095658 0.72034864379312 0.68957730164376 0.68926531452204 0.68719132885956 0.7191596898505 0.72162433097165 0.7095238219507 0.71200064197645 0.69054501557423 0.69943407961949 0.68286564291148 0.6818884422491 0.68568801977855 0.67167289382357 0.67383796560566 0.67238944188094 0.69588493765751 0.69696437094877 0.69796308057437 0.65739868709551 0.66027329077721 0.66311221482692 0.68427801795295 0.68399248596885 0.68137398185755 0.65395627648393 0.65261063070354 0.65390377350552 0.66886829330502 0.64613150478888 0.64663238034096 0.64738169583401 0.65051356948311 0.65195515971616 0.65135035228197 0.6542218902809 0.64905526186138 0.65081585525999 0.64962583175401 0.65815042511457 0.65613507899699 0.65156962432404 0.64873943951391 0.66400452754452 0.66354283322957 0.64714201537495 0.64606030016469 0.6450694847962 0.64877791186886 0.64773985800102 0.64806871936128 0.64618633127662 0.64581862370742 0.64849812223356 0.64812916367324 0.71676323075116 0.71466881673449 0.68879623836195 0.69222305559706 0.70631436038424 0.71175972735633 0.71057969093783 0.7100030400221 0.70561446515491 0.70933420884223 0.70184263815573 0.70235895145853 0.71719300776336 0.72451328868627 0.69357923908286 0.69122848053431 0.69125513923908 0.68374390336267 0.68516249916079 0.74219646073299 0.73890384742198 0.68655718327037 0.6895792495663 0.69036530395763 0.6964366218593 0.67800389482663 0.69421647709316 0.69547286380287 0.69292429660024 0.68358653675872 0.68502061269831 0.7083921503268 0.70534680294274 0.70932271118193 0.68426275569382 0.68052030760479 0.6964290950934 0.69945047312496 0.68069129547166 0.68236834136184 0.68205659514647 0.71298045073853 0.7103135836776 0.70936437893812 0.69734315620401 0.69419848578504 0.69613561794185 0.68386462421071 0.68543942892174 0.68732603577906 0.68777871914045 0.66872284849564 0.66954169135459 0.66519209226086 0.6543743220953 0.67843536583436 0.67771297928406 0.63851056078321 0.63794055831193 0.63891370782995 0.66674154229561 0.66526674389768 0.66860715539095 0.64879904210916 0.64935126025451 0.6502961239142 0.64382938811081 0.64338562725573 0.64249744852808 0.64109884218172 0.6460958106771 0.64640625819411 0.64417735239445 0.64059595933916 0.64045852538407 0.64125739004192 0.64460094345451 0.64376000549616 0.64275277373917 0.64409985462128 0.64256859234913 0.642979171124 0.63962727214422 0.63964312274831 0.6413648447064 0.64365580244359 0.64415169548985 0.64164378633378 0.64037612061951 0.64072479748828 0.64263238635164 0.64014194683105 0.63931801282093 0.64878443258783 0.65085957362824 0.64089131632571 0.64252069050245 0.64210489457502 0.70700397682276 0.70701863430631 0.64651923742146 0.7055350101436 0.70338948292541 0.70570658363643 0.7057556261601 0.69647125371006 0.695846626063 0.6982025271166 0.71385456747375 0.71330495834492 0.71680796699941 0.67605994812679 0.67982841202844 0.67779161463731 0.6798390196285 0.6771534117979 0.67848682546543 0.67712021602664 0.69326201667905 0.63989924439737 0.64023521592933 0.66359477264176 0.66125056736172 0.6733710899546 0.67132610750779 0.6752853652231 0.67197422998177 0.67362593370501 0.65274690552169 0.65165076415817 0.64802720147786 0.65430921710501 0.66983164194217 0.67092420595815 0.67449943993079 0.67553934159141 0.64278142924755 0.64133220785497 0.64283865172582 0.67106681932058 0.66957033463588 0.68879473313055 0.68771587698864 0.68989715568851 0.63815066503473 0.63768605779396 0.63767576209495 0.6370421780751 0.63645223643637 0.63723791299657 0.68299568690007 0.68486514580486 0.68541059482941 0.67462492732741 0.67257666901454 0.67616877957216 0.68401645757141 0.68806603128554 0.6901615165063 0.69086231511941 0.65857488614179 0.67100515995986 0.66588153705122 0.66872578913742 0.68362871226999 0.68299961022117 0.68463391308453 0.6892817602322 0.68807162503997 0.68736576782036 0.69405038162612 0.69600096862068 0.69362477037165 0.68452544934991 0.68484826772743 0.68288334409759 0.68843871383787 0.69140455934717 0.68926128967382 0.68664061169678 0.6783097099494 0.67716055669554 0.67903456300253 0.67340492849515 0.67636020751573 0.67954055564865 0.67977280250744 0.6821863430499 0.68010986722432 0.68043271402121 0.67120984745167 0.68105895547521 0.68215239687989 0.68194166922438 0.68184239790171 0.67610933687 0.67762883590035 0.69200845910596 0.67433036456915 0.67935619491197 0.67952972344924 0.68146174765408 0.69249679129548 0.69071687720354 0.68998696112896 0.68704379893069 0.68870341953037 0.70123176479297 0.70282285046415 0.69907900211537 0.68788183972373 0.69039914285611 0.69104877521875 0.68975099175035 0.69142460085311 0.69396112715562 0.69228479888958 0.74064404957506 0.73433861594353 0.70695616206292 0.70478528212325 0.70755257921587 0.69818695354996 0.70192334671487 0.68399814976705 0.68489522257942 0.70179676937301 0.70486621004588 0.70363090740109 0.7164636029155 0.71330348633486 0.69200411724363 0.68917687035524 0.69167294260239 0.69208133605048 0.69444037581791 0.69636006143072 0.69784923073392 0.72681799874644 0.72311863060031 0.71909315016721 0.72212016214919 0.71510516668997 0.72093369850562 0.71539012895844 0.72730964760027 0.72609430614136 0.74585619672324 0.72693284365887 0.72207684587405 0.73688045029369 0.7350244892042 0.72974955065127 0.71834003106214 0.71913091309291 0.7127450736779 0.71379451229573 0.7168316758999 0.71499088278104 0.70764504289647 0.70569398585321 0.70662288737134 0.70381705562556 0.70183870696382 0.70285272995441 0.72466329657928 0.72034999678439 0.71198580919307 0.70928675243479 0.72969800637829 0.73150345921666 0.7147829202475 0.71691715786746 0.71778090250398 0.7502293594567 0.71121567148549 0.70706224587429 0.70460256957996 0.70726379998954 0.70189382118952 0.73257780962338 0.73611032134726 0.6993793958645 0.70066055247735 0.74039239840451 0.72901415532851 0.72592408205225 0.72452304300363 0.71989272370454 0.72060013159202 0.72884545805366 0.72278139021174 0.71604647967293 0.72033424851994 0.71585620733838 0.72752106467506 0.71719732301226 0.71445072356244 0.71370610137309 0.71185858524258 0.70943707712437 0.70600574736081 0.71033924678408 0.70965059553567 0.70168297239865 0.70316766811607 0.71172537036907 0.70598853381167 0.6991886340188 0.70297694248856 0.7014028080706 0.69801194607124 0.69859771560787 0.69916465676345 0.69987313694677 0.69964693459335 0.70474648088462 0.70101977128153 0.6966541975835 0.69312312410612 0.69593968423549 0.70203146257173 0.70366328645022 0.70629520012053 0.69576805596195 0.72053445881435 0.7088679466665 0.70590566056425 0.70818528695099 0.70042084204812 0.6916000029013 0.69321166900867 0.68253876913284 0.68682279463279 0.7034868589365 0.6821591667634 0.67702779628222 0.6772893846608 0.68906449685091 0.69145196630203 0.68473308961769 0.68201009609397 0.69424136247354 0.69531516213143 0.69626243929682 0.6984793699487 0.6936704824217 0.74601761422458 0.72777025283533 0.72314044256419 0.72359061541468 0.72642911902272 0.72372003413085 0.72080779019622 0.71056975538292 0.70830752207615 0.72741646255631 0.71645997219679 0.71333087202183 0.73068548787413 0.71918259348491 0.7082898383517 0.71068912087851 0.70690671293393 0.7052965402068 0.69606454833582 0.70232402678052 0.72213489418505 0.71803665501067 0.71744168447536 0.71984822401403 0.71682103385739 0.69703620390162 0.69870808595924 0.69751297209692 0.71462952661278 0.71280004279333 0.70552980169433 0.71753139169025 0.71340361507532 0.67803568565694 0.68589408903055 0.68236188664069 0.70273665279242 0.701467903304 0.68797856930532 0.69153391580543 0.69411058074375 0.69150057644753 0.68594563963225 0.68593552717026 0.68568063074024 0.69351354386422 0.69432851621217 0.69801544786347 0.66900080762229 0.67404926554549 0.66772345186544 0.67441676941474 0.68669643137464 0.73469603738367 0.72702147330598 0.73331902140505 0.7245905002508 0.72101706163308 0.72210838585621 0.7291559820364 0.72538250651791 0.71221214936905 0.70831867814274 0.69155187763819 0.68900904881042 0.69320344283894 0.67896771644779 0.71934304488583 0.69619924686131 0.68275671989277 0.68673586301764 0.68692664319234 0.69641749216599 0.69923946820917 0.69844632129812 0.70449391431129 0.70619063249993 0.70774818572398 0.70712869792298 0.66149015462622 0.64895738844424 0.66480394624841 0.70110227210829 0.70059387983805 0.70446203786113 0.7102925777855 0.71279988238568 0.71038146067582 0.70806213098726 0.70444163369801 0.70683985489718 0.70722322875121 0.67831769724851 0.68608205149824 0.69016036315669 0.70368517653058 0.70777997745304 0.70636265757681 0.7003556761722 0.70170896400922 0.70371289260521 0.7037222962294 0.70512423405653 0.70271630333888 0.70370955318506 0.69995227963661 0.70730515082594 0.69748138159588 0.69538069062686 0.69531073077423 0.69084370233246 0.69488210297243 0.6731258953076 0.66506004244674 0.70021049883077 0.69746065188396 0.67588565557288 0.68148603345973 0.68233144891733 0.69079020022054 0.69089609929353 0.69377004197026 0.63854345012219 0.65023841035457 0.64942271747579 0.69066422339506 0.6882067967569 0.66997551568396 0.66573426415902 0.66342300691733 0.69878214554263 0.70185271142364 0.69986191147196 0.70065844245177 0.69637516974574 0.69387983213204 0.69134083838189 0.68418967263948 0.68368560935998 0.67643426544886 0.67944040806821 0.6768601209623 0.6939092168922 0.6667659749116 0.66543508951473 0.67382777793272 0.67287675063697 0.67431514667072 0.68963725941492 0.6862366052452 0.70694377093399 0.69459108812345 0.67746415833915 0.67779654362256 0.67417362112397 0.69254131615912 0.64003803208935 0.63967884374685 0.6454749660648 0.64635730016986 0.6400176320489 0.63930285165707 0.64293255141134 0.64240922177347 0.6433813151963 0.64432457722804 0.64441535734175 0.6384533400388 0.63936737646677 0.6393267334272 0.64207827976004 0.64312084848076 0.64190184319574 0.63931377928884 0.64025896564711 0.63556751313605 0.63632639190614 0.63605048952066 0.63887147056547 0.63913255626992 0.63825165984149 0.63951930243888 0.63847177378789 0.6376668891882 0.63856155342455 0.63019009837912 0.6302285475245 0.63117925605151 0.63728917322137 0.62981835482507 0.63146634142274 0.63534798991857 0.63511007143417 0.63695099555805 0.6343186359271 0.63469507158048 0.63491982754208 0.63766300211715 0.63765979710392 0.63568326556037 0.63563261240786 0.6366376589596 0.63629038146048 0.63482984682446 0.63547476452584 0.6327882715551 0.63325210270247 0.63556483170894 0.63599155034383 0.63634597936502 0.6409173255782 0.63988298594235 0.64043483745447 0.63469848272013 0.63346881239954 0.63470276264768 0.63398570115594 0.637987167416 0.6388951227818 0.63844938121433 0.63349954692878 0.63559696852166 0.63516386315211 0.63243718850454 0.63124278183326 0.63320763485846 0.63242438676629 0.63732261651599 0.63722694092972 0.63666900510936 0.63860502081529 0.63754351970515 0.63793564505541 0.63477913270111 0.6352102972086 0.63312425249267 0.63428355950052 0.63380699681784 0.63670559119702 0.63581469001821 0.63603396617013 0.63527385767543 0.63232681893305 0.63173394943285 0.63079420431831 0.63416953171446 0.63345914030352 0.63195139689397 0.63236099866853 0.63253023564667 0.62972363557889 0.63442316274921 0.6351483628684 0.63732826816136 0.63697837056193 0.63122593182482 0.63597141842648 0.63641113302158 0.63603536701602 0.71524236222566 0.720669769762 0.68123731765881 0.64903515337944 0.65340853937413 0.65062355134547 0.64006876158771 0.6398072711191 0.64048583333956 0.66777708031343 0.66727282304478 0.66958426734015 0.6678836570553 0.67120444359335 0.66951425774362 0.66004413743489 0.65953704702209 0.66153004178775 0.66309144504143 0.66695680206425 0.66707442282257 0.66774046516499 0.66515118510664 0.66538599342626 0.67300722549428 0.65739889062316 0.6561303621721 0.65549057528439 0.65890765443361 0.65915006630599 0.66126023454724 0.67045168396684 0.66789362351787 0.66315004545121 0.66045952480268 0.66218801110577 0.6596480627076 0.66339021892241 0.66354692020477 0.66422488898768 0.66612251392274 0.66484747431875 0.66337373804318 0.66395351149092 0.6672864621081 0.6572677534706 0.66058992877095 0.65798920544849 0.68663439889718 0.68343927912632 0.66995071098982 0.6710927626398 0.67401623027932 0.64766892312446 0.64952453886963 0.64913328495451 0.65532803508835 0.65589705085887 0.67107192428031 0.68095312105196 0.66156945488489 0.6552261853346 0.65379696924809 0.666387477632 0.66368855267976 0.65686256381519 0.65915850793049 0.65585869997243 0.65235156649637 0.65214008809225 0.65083808950732 0.6835779397664 0.68362190640433 0.68091257200385 0.68867065490398 0.67747960387446 0.68745030902911 0.68930863631911 0.68907360236457 0.68910033430349 0.68711205771452 0.66305154164593 0.65917710390538 0.6734964893801 0.67687766192006 0.66832329249119 0.68260610393191 0.68442063346909 0.65547455245304 0.65540640707876 0.65817459257024 0.67722932962499 0.67388138952521 0.66528206171641 0.67760081815637 0.65922752029644 0.65607411744091 0.65712761326463 0.67886757468226 0.6491558246623 0.64901177086875 0.64777695588896 0.66759726995196 0.6717323272338 0.65429685846736 0.651154105479 0.65160836219139 0.67041354490906 0.66258183028809 0.65098927372055 0.65176940081824 0.65008720173889 0.66921139426944 0.66659239710626 0.66096293113897 0.66089156210249 0.65169674310594 0.65324906252376 0.64809944737867 0.64666995934043 0.64617809286177 0.65579182921729 0.65302372272388 0.64757677642924 0.64868007286915 0.64682675911217 0.6564683759295 0.65416534382023 0.65065257717263 0.65214263652836 0.65195942786123 0.65974112630288 0.65486758919429 0.65972722257706 0.64898739688683 0.64789487715106 0.64731226209074 0.64930914051487 0.65080367944502 0.64593422535886 0.64621359607007 0.64423540124202 0.64358679807081 0.64542193392669 0.64336614917984 0.64256885530897 0.64389802420261 0.6539534728159 0.65050418795959 0.65257698936021 0.65264882568375 0.64893345738651 0.65224612431623 0.65249002937304 0.65435330572864 0.65631081305393 0.64635222586866 0.64474959856661 0.64780276793262 0.64904609375904 0.64469472887737 0.64654825203145 0.64610222511221 0.64572472127772 0.64287620956265 0.64331897379077 0.64589237439112 0.64200663135541 0.64369065013808 0.64113740258277 0.64137069023973 0.67474601412789 0.65125655386578 0.65123839737699 0.67328353076292 0.67118105153663 0.6449866382258 0.64469417076925 0.64312877665049 0.65241484719893 0.64503578056961 0.64301130487403 0.64405595463785 0.64329424259689 0.64340205426377 0.63693907194449 0.63654832338363 0.63693800712208 0.64286115308989 0.64216931021078 0.64040334851701 0.63968866947824 0.64220677590576 0.6391487442132 0.63994440321978 0.63972797252216 0.64048792716529 0.64092033374222 0.63943060826995 0.64534412068774 0.64144837074737 0.64257629813378 0.6437414405077 0.64214520123911 0.64385151871523 0.64697624504702 0.64584560649027 0.64873393590245 0.66390506218181 0.64070374153456 0.63971091236733 0.64104168040632 0.64200561311182 0.64225875378806 0.63687706805172 0.63651160545774 0.63629668527359 0.64137529289986 0.64143318913875 0.63912489136308 0.63844836289946 0.6382515272582 0.63558551815621 0.63611525407934 0.63565935859531 0.64084903809976 0.64044321817536 0.6379108487335 0.63817004218183 0.64000469291939 0.6355805007131 0.63559602504428 0.63527571507396 0.63932029943376 0.63900807773305 0.69350383647856 0.63733761073406 0.71043402034391 0.70846401166758 0.70186365153316 0.70068626674213 0.70150709888092 0.68536456860691 0.67894773928114 0.69977271062596 0.69834503232588 0.69651520838951 0.69574054094135 0.68078647624674 0.68164085245266 0.67818230552378 0.68615581883418 0.68924423423872 0.67833031375762 0.67779942930196 0.67280009266792 0.67017939243868 0.66880079745687 0.63973299932659 0.63913086191012 0.63530960938023 0.63534185931243 0.63549930952224 0.63554278318634 0.63553019691365 0.63594890677581 0.62941781107372 0.62914527662628 0.63047753532348 0.64646847496497 0.6441160997857 0.6467578507301 0.63949854829899 0.6410249897629 0.65674280366816 0.65847318883625 0.64303086641588 0.64138992746496 0.63875933838584 0.6391813388427 0.63729848502754 0.63760754615393 0.63780219835093 0.64529306734426 0.64443224654335 0.64612185219804 0.63916223222237 0.63923882525035 0.64009239894452 0.64829500871935 0.64894446467117 0.6410564569614 0.64466692484106 0.64422543757146 0.6446423085293 0.64309150017742 0.63921987732345 0.63881810148134 0.63978614462868 0.64200544767961 0.64192735288922 0.63840072410396 0.63893354426756 0.64141202913754 0.64054573037441 0.64034247920922 0.64162346974373 0.63879958727608 0.64128686580613 0.63897612735207 0.64092046984399 0.63834588802491 0.63871993296134 0.6386852047308 0.63785809241937 0.63819175423448 0.63728657132544 0.6380529530832 0.63688343384842 0.63667746699133 0.63643621893376 0.63665362325504 0.63164339051996 0.63086724442752 0.63771402255332 0.63652774001409 0.63673419884206 0.6364424639152 0.63697107113614 0.6370329971495 0.63661280961295 0.63724343166402 0.63865809814955 0.63813386113526 0.63843569856667 0.6371465918843 0.63815135044517 0.6379465221908 0.63758827186759 0.63755327234095 0.63717560993323 0.63709118882844 0.63680199196904 0.63667540920032 0.63887746989808 0.63889136021524 0.63930163503224 0.63670294290092 0.63627700047193 0.63643069509538 0.63503461176085 0.63504439864124 0.63672345909135 0.63663274154804 0.63639662850189 0.63725817615774 0.63826216145576 0.63500339617058 0.63536372886112 0.63562093297282 0.63529712521327 0.63559750389507 0.63562688122911 0.63461687889787 0.6349952581713 0.63476592001509 0.63832873037463 0.63873530301663 0.63568777273896 0.63571797224942 0.63554138540764 0.6358292303393 0.6355808292917 0.63699144554079 0.63612661816486 0.63612656282148 0.63649045789193 0.63635481619575 0.63572532031716 0.63584140200424 0.63607076875105 0.63600488491489 0.63616709511549 0.63452318411668 0.63490072195254 0.63541918645948 0.63569631846151 0.63528273814858 0.63488524864235 0.63534254211038 0.63506227805409 0.63428635487874 0.6344148483359 0.63405357495215 0.63417590606191 0.63472124999181 0.63495760898789 0.63533404950191 0.63526627898824 0.63499847373897 0.63358437295521 0.63391765543318 0.63421772526568 0.63490596414473 0.63465501010678 0.63595602866716 0.63565185855081 0.63521001305141 0.63555250785524 0.63587130018849 0.6349012720498 0.63450018948566 0.63482905925796 0.6345391597699 0.60635950647941 0.60581771292406 0.63306886922877 0.63340372821637 0.62865452703482 0.62732512631225 0.62762237359592 0.63373666973329 0.63395838443625 0.63350784707161 0.63433724731641 0.63448944855476 0.63366250735367 0.6334470499017 0.63394919766693 0.63412447581396 0.63463910922105 0.63435897474186 0.63234226248346 0.63238980073974 0.63267558879502 0.63624303312726 0.63620218197985 0.63510596222783 0.63536493691415 0.63584912738293 0.63623533687265 0.63505140490219 0.63113386129214 0.63149518129504 0.6344723442062 0.62941603220415 0.62889333797392 0.63031859823791 0.62927813624826 0.62782369954476 0.63425422810047 0.63463822484547 0.6339459896802 0.63338449823031 0.63442365374422 0.63400220539972 0.63376231212684 0.634598976795 0.63413141025897 0.63251372621092 0.63200160069064 0.63276320140915 0.63305734704761 0.63354609087414 0.62857728187684 0.62773210007844 0.62925292767318 0.63170854309962 0.63200329580443 0.63103839795533 0.63146286946608 0.63095813048138 0.63178363845 0.62951312078683 0.62991503719799 0.62974813792243 0.62901153688152 0.63247641179755 0.6311810836091 0.63021703848165 0.63080329642065 0.63041407739806 0.63144474222757 0.63244424585091 0.63288095867321 0.62913991860257 0.63335826183254 0.62253938418167 0.62376842516065 0.62269078594118 0.63327522170095 0.63302762867837 0.63266124434339 0.63231493893793 0.6336143113312 0.62853574825166 0.62898247109462 0.62753829859307 0.62343594955786 0.62368814238377 0.62490195191341 0.63377986589163 0.62950329934323 0.62809133455256 0.62820252924038 0.63435477787006 0.63455331262484 0.63352962293141 0.63339159555258 0.63381102095938 0.62628815537044 0.62492141254329 0.62581659655954 0.62596998459256 0.62509240707533 0.6247366961548 0.62637475011098 0.62676961252089 0.63404599145847 0.63364784063204 0.6339431142858 0.63399402092025 0.62272396554162 0.62465679822778 0.62371783036183 0.6316840638935 0.63184718437497 0.63203959962796 0.63194999483968 0.63239506075398 0.63292401567522 0.63299826616227 0.62738848356236 0.61969306461447 0.61917906572117 0.61738765301028 0.63221776703515 0.63172745637461 0.63185810440452 0.63320978750541 0.63296157681185 0.63291895869764 0.63090008791732 0.63171491573549 0.63300605985851 0.63253919140755 0.63281626964658 0.63028339601579 0.63090896095877 0.63097960997418 0.6300001469516 0.62856666944693 0.62485157516606 0.62266585122311 0.62319543985037 0.62328722720552 0.6214130878971 0.62121940911174 0.62319182343163 0.62330659087501 0.62470720358925 0.62553336051877 0.62283006545242 0.62019762157325 0.62131856742293 0.62249641019266 0.62422431057469 0.62280218109641 0.62666794957861 0.63124587667876 0.63279502222129 0.63306533022076 0.62753389265504 0.63013408235625 0.63025707033291 0.62938268190895 0.59319851073998 0.59631997899195 0.59392572526888 0.62592259057729 0.62580862165825 0.6310148966393 0.63168063663462 0.63165343800401 0.61566183715517 0.61744118165204 0.61425742445127 0.62621549919302 0.62710417471022 0.62585926059499 0.62536608081297 0.62513042960419 0.6236377260439 0.63150150961502 0.63199094039039 0.63241692254602 0.62655876395131 0.62748608181338 0.6283506681409 0.6267596039149 0.63272750790999 0.63059256403457 0.6298687538873 0.63027190009998 0.62954220786369 0.62965306820247 0.63088022508994 0.63132801701049 0.62919419519737 0.64947165787797 0.65924475795459 0.66225379284624 0.66382583771628 0.65878904335914 0.66254739555386 0.67562720124095 0.65513638299647 0.65772465375204 0.66311521752114 0.68578119524328 0.68369028287558 0.64915337877515 0.67137240610655 0.64152291083384 0.65155505598235 0.65381512252444 0.65619770349027 0.65143625386494 0.63782823454453 0.63651673566565 0.6362356290791 0.63597064632895 0.63709169591732 0.63626792872748 0.63632319548167 0.63737429333897 0.63708622814739 0.63761338658413 0.63959400078044 0.63783928979589 0.63807088116744 0.63761733869944 0.63959376840616 0.63838855427518 0.6380121432404 0.63853962800945 0.63868124719845 0.64035158275085 0.63829480937892 0.64122031275575 0.63779310505064 0.63796579701308 0.63870475993812 0.64026700498339 0.64034501653374 0.63770357968312 0.63781840350377 0.63734745065256 0.6370231774992 0.63674842499168 0.63661161313124 0.63632211259065 0.63607426955269 0.6358369795366 0.63615331316495 0.63552088669816 0.63536942375415 0.6361078171022 0.63561882109757 0.63588772863064 0.63608714955192 0.63523424071204 0.64010543335395 0.6328752382395 0.63317831269152 0.63471516269734 0.63474347175663 0.63515408931409 0.63398040739088 0.63237154021606 0.62551253114443 0.62722879873116 0.62304762305562 0.62214088101082 0.62376790882623 0.62336130370755 0.62111724331109 0.61944519830314 0.62090054519663 0.62064164174453 0.61640171677471 0.61902078583182 0.61895404413462 0.61094532430547 0.61321417356752 0.62856909474577 0.62819651695871 0.62261631892778 0.62434237913175 0.62209454110755 0.60801846802842 0.60891169074865 0.61113276820214 0.63346498129629 0.63325469017299 0.61968241453534 0.62099591833941 0.61860467204195 0.61397074294975 0.61354742814318 0.61892966857903 0.62043610817252 0.6169978750913 0.61284166660672 0.61573685853541 0.6069302140753 0.60318343596989 0.60465522991012 0.60192609110554 0.62811970849716 0.62671378338137 0.62782540574189 0.62511642850913 0.62522321722947 0.62335320856191 0.61905770639054 0.6161936288797 0.61424549546133 0.61719887446555 0.60869958315749 0.60662373919604 0.60893090993451 0.61387396326281 0.62188629551212 0.61351719421473 0.61319393315102 0.61122828592446 0.58909424715896 0.59188782818035 0.61921972016922 0.59241211357225 0.59526169491456 0.59061542093648 0.60703196879798 0.6045774367856 0.61134315571061 0.60101773137546 0.60032145270703 0.60390769974035 0.60778612433598 0.61255202634403 0.60993863454808 0.61448620311435 0.60451204175945 0.60005203685649 0.60112196189853 0.61021039031259 0.61194245309343 0.60976922598917 0.59125914769423 0.5895011946549 0.58861229925843 0.59818005715881 0.60111286474008 0.60930837092454 0.60275115839102 0.59883033432698 0.59941908814642 0.60036363336933 0.59854252815597 0.60868023921604 0.59476556638229 0.59717178665203 0.59434689014608 0.60339582597859 0.60045931263933 0.6190366154615 0.61774967839777 0.61802235814121 0.60634210377443 0.60441350883903 0.57748862755808 0.57904788968817 0.57854357350517 0.58207135447937 0.58443728740222 0.58502653478148 0.60698937186564 0.60940890067258 0.60637367762422 0.59071787860435 0.59234996463921 0.59165712568415 0.59646408135359 0.61115804144542 0.60772121243123 0.60912445638013 0.6156328446629 0.61618791710045 0.61847447951619 0.61246381425435 0.61140271104731 0.61194175893015 0.58434986973702 0.58608252645141 0.5882756134614 0.61331737497994 0.61234210616155 0.61396497860233 0.60738004120074 0.60380182084594 0.61573930844493 0.60295927949348 0.59965727781425 0.59017434103588 0.59224920641755 0.59375910199839 0.61821626920937 0.62087315252535 0.61784473616159 0.61950605890032 0.61206205013023 0.60287049616088 0.58215041942816 0.58141168812044 0.58337204027931 0.60998761461718 0.58692276614876 0.58428943659746 0.57225170863357 0.57348913820845 0.57496711312357 0.59798108518744 0.6028933666543 0.60315773369943 0.60580658442956 0.59650600776528 0.58606311194944 0.58755138249658 0.59824177667924 0.59728394125352 0.58760171234227 0.59042952722273 0.58054870233258 0.58157347573963 0.58738653630024 0.58530513905405 0.57995406896914 0.57634176838859 0.57400792407835 0.57651606775013 0.57587670479112 0.57507914802621 0.57865310794443 0.57686150364369 0.57909018516898 0.57614068418532 0.57361665788558 0.5724644820289 0.57072901033381 0.57506283223995 0.57737434262075 0.57833020483875 0.58428583452382 0.58859490158416 0.57228219976732 0.57016437429172 0.571301463604 0.58062228663189 0.58157343962677 0.57777813209337 0.58599213616786 0.58504956604652 0.58109106115235 0.58122858367168 0.5789346871595 0.59330219483648 0.59525971253389 0.60763595551207 0.61082449478107 0.59845896721894 0.60087415802266 0.60235659674748 0.58686001468884 0.58848536617173 0.60624443976769 0.60713393148451 0.60646767427539 0.6134487564153 0.61230005897743 0.61344182433284 0.62037395036019 0.62009439433691 0.59541643918288 0.59399626161493 0.58421673581429 0.57650859447656 0.58282732546263 0.58540091021589 0.58215882992819 0.62604999317682 0.62129542438898 0.59411647728482 0.57370081974723 0.57271363539388 0.57204234293739 0.56949820950472 0.57053669378801 0.59089050535232 0.5922924612898 0.58845033511473 0.59362378669106 0.59511189927919 0.59158538800029 0.58320492145362 0.58601918931244 0.58718542669566 0.572421995554 0.56957314412936 0.56849610391818 0.5696539530316 0.57179272758393 0.57828228620993 0.57827629662872 0.57452060927032 0.57005230523874 0.57555171403697 0.59852323758649 0.59708538858171 0.60319199617185 0.60369018802438 0.60401119589206 0.61174505597231 0.61139349703107 0.61327655566965 0.61618333908951 0.61592818425534 0.61575651361794 0.61696002621403 0.61558072012685 0.62128830721782 0.61501112861563 0.61581379654926 0.61457932010038 0.62094976570516 0.62058980702075 0.61980806298484 0.61990744075181 0.61523996204369 0.62176295766222 0.62288764276779 0.61818227379436 0.61821091217118 0.62366587381798 0.62474543101786 0.62464112043573 0.61403273536119 0.61861211203922 0.61795111380718 0.61700439483804 0.61703935940258 0.61637428285216 0.61677222633683 0.62138661136532 0.62342697143311 0.62191534296169 0.62529896962106 0.62644694636553 0.61089581446857 0.61586500771603 0.61395764946015 0.61369991605873 0.61265492488665 0.6143382999864 0.61513353021078 0.61548234562427 0.61312661538445 0.60132524583148 0.60446864038119 0.60885187503022 0.60800519026009 0.60789299374427 0.61020597444705 0.61327780034031 0.61460540757786 0.62936846204674 0.62888073580878 0.62424462867675 0.62781930893169 0.62753445881192 0.61802090271332 0.61861931630028 0.61179792320202 0.61130530379512 0.60636391874954 0.60482073549032 0.60723416723289 0.605178953954 0.60636866061509 0.61065552887268 0.60972195017198 0.60974047204589 0.61467325799927 0.61355447959317 0.61411746752096 0.61867630812858 0.62243155600691 0.62121141553069 0.62147608849653 0.61993257752565 0.6188855747387 0.6258658795757 0.62562966391785 0.62799761362681 0.62845529885309 0.6289164663725 0.62705835923748 0.62585795137401 0.62704777529268 0.62633887689093 0.62798748127707 0.6275177587407 0.62239793816071 0.625617592068 0.6248931758307 0.60832021160958 0.6094494595563 0.6087223150048 0.60971173017792 0.60933484446762 0.61028117669942 0.61899885800746 0.61084191247286 0.62343997062131 0.61164137573434 0.60820918979928 0.61039653983474 0.60993444698186 0.607315483428 0.60600876801484 0.608106338054 0.60743471141285 0.60792656846488 0.60600061903056 0.60770301189257 0.60540284826136 0.60571725644989 0.60511938022062 0.60345197382237 0.60235865869873 0.60161468609234 0.60073085045601 0.59904470187004 0.59796030773547 0.59558846656534 0.596778468557 0.60374828982502 0.60236536164966 0.60224388480275 0.60861207531197 0.59235545226317 0.60414372725261 0.59103448672935 0.59514525437332 0.59296062171755 0.59988820060888 0.59909536819563 0.60019653365907 0.60890871142589 0.60930395189086 0.60630198943655 0.6077788017189 0.58791545173137 0.59876785754167 0.58260293914792 0.56668965603685 0.56782058522791 0.56811959497943 0.58124124521505 0.58401591097181 0.58904998374558 0.57594019212497 0.57928340382628 0.56925571598152 0.5695481985212 0.5709056718283 0.579596022051 0.58486227364331 0.5808663846258 0.56870243462237 0.59262557742994 0.59585084436525 0.59074533112191 0.576213172219 0.57131194603786 0.56873940633132 0.57177062438373 0.57455318429008 0.57266238499778 0.57289859944593 0.57147501168447 0.56977260426478 0.58326260998343 0.58715744305581 0.59220149445283 0.59147836347527 0.59173615726353 0.56840844181004 0.57243122596926 0.56455974773736 0.56540050339492 0.56559600364477 0.56823094620873 0.56973650367344 0.56912664132484 0.56923507525288 0.56625935150927 0.57719580096956 0.56806519450027 0.56263063408845 0.56220758086844 0.56188816568347 0.56507010880297 0.56495971475114 0.56405908362594 0.56651336928426 0.56671189617203 0.56697977017011 0.56722445722101 0.57578233645495 0.57618406766081 0.57275328751741 0.56679601942839 0.56527572222831 0.56545120672334 0.56786001689562 0.56672085682648 0.5636892266666 0.56366925457572 0.56295174185867 0.56343158468933 0.56409097240421 0.57659545419522 0.57391357864713 0.57121128493944 0.57062870025415 0.5979802415164 0.56329054111045 0.56306382180039 0.56392638081563 0.58069303280441 0.57587915113934 0.57804486351385 0.57559432671862 0.57876440818864 0.59059469996467 0.59229416746094 0.58931933626248 0.57073493386211 0.57379018857814 0.56478364379694 0.56652097323908 0.56342721563359 0.56405788081406 0.56443780720855 0.56573055597772 0.56811686496893 0.56659409173553 0.5787754723034 0.57393100108511 0.59356213306554 0.59201919861301 0.59503647170219 0.59591660256106 0.59405055291662 0.59886482917981 0.59975390139802 0.56378775870371 0.56584159591639 0.56600786146249 0.56739817424205 0.56181645779729 0.56141261338687 0.56201958902039 0.56309121129371 0.56505385244979 0.56079513285187 0.56077834648122 0.56127711335869 0.56271290108013 0.56473846442631 0.56211758348249 0.56225036978122 0.56200256509042 0.56269221554001 0.56419690176576 0.56522423461601 0.56381131369364 0.56323026054002 0.5634541948128 0.56182268438742 0.56335318672749 0.56244612866631 0.56187477437732 0.56755160066853 0.56174528397633 0.56133297758509 0.56067303111703 0.56091843912266 0.56047467402983 0.56751138007471 0.5663043029036 0.56494984348175 0.57021869542728 0.57112040172982 0.56319464707701 0.56269913384321 0.56217897785978 0.5863045105281 0.58250717779339 0.58591402330923 0.56129688108448 0.56098184761266 0.5606071741476 0.55982063256058 0.55929388200213 0.5598566982831 0.56219799747578 0.56250655551655 0.56294417280543 0.56813993286043 0.56541749588012 0.57103065033361 0.5719141537759 0.56657869062171 0.56425240504653 0.56478456489768 0.59536008768756 0.59487489989799 0.59519888207522 0.59184300733876 0.59039632657252 0.59244385975846 0.58507248134074 0.58321886935598 0.56192451872416 0.56256206985157 0.56082452568952 0.56041670823106 0.58687658531255 0.58332415887619 0.58592065377939 0.59784321243734 0.59823261568909 0.59847243579779 0.58839351625779 0.59116576036031 0.5599008041151 0.56008725279664 0.55972710371631 0.56003868127991 0.55962207395183 0.5614463408247 0.56184620543614 0.5650987411709 0.58746297029984 0.59356187372155 0.57330229564194 0.57564078960681 0.57237606927964 0.57935502820871 0.58061209607103 0.58331432095373 0.59508984049732 0.59782633398463 0.5971355246653 0.59668384572958 0.56136887605342 0.56084164900692 0.56106024918458 0.56066087319632 0.563484899413 0.56310969021705 0.5680014443031 0.56949791848505 0.59664202523673 0.59616398644164 0.59490959017508 0.59445493901755 0.5946458150849 0.59688579047853 0.59622670016659 0.59942519846464 0.59919967357128 0.59858739320782 0.5613621480441 0.56159797470733 0.56094912629826 0.56124206828105 0.59014286364706 0.59041284095698 0.59040347278597 0.56099392525367 0.56044720478834 0.56014486027398 0.56087367543181 0.56063596213007 0.55992140758657 0.55962812780525 0.56016993099915 0.56856984958885 0.57155343887016 0.57297024225946 0.57606089122315 0.57280113015753 0.57201706837859 0.57477136296701 0.58807040573455 0.59002863445052 0.57867589911544 0.58024041263784 0.57942830627643 0.56853184719295 0.58391403529335 0.57807539757706 0.57985195541955 0.5894777824267 0.58689876276134 0.58771816926171 0.59085557072125 0.59052047823172 0.59131675507911 0.5605621503177 0.56106530686789 0.58758424366987 0.58883664200786 0.58782203777725 0.59438475297106 0.59437482065665 0.59385789668023 0.59786049992015 0.59841019900081 0.59817187327976 0.55981104625448 0.56024402415067 0.561786530992 0.56025424594588 0.58880335759427 0.58959305758441 0.59080246988269 0.59050722778076 0.5942435222872 0.59235253533214 0.59220536775753 0.59162737852483 0.59391222279897 0.59262126956221 0.5957653247733 0.59464970562138 0.56152815727716 0.56214531210508 0.56177479965782 0.58240999338439 0.58017099224111 0.57638660569483 0.56221932864306 0.58482981054593 0.58724852306479 0.59183536498663 0.59076412574988 0.58192428396525 0.57876771288508 0.58211167896627 0.58711908209466 0.58717278203495 0.59329653099901 0.59338442629459 0.56324499304071 0.5632435073215 0.56295449066342 0.56289539018531 0.59049518418294 0.5931854560537 0.59368679426937 0.59327063373907 0.59290829758469 0.59238999136889 0.59278850111343 0.59300537091868 0.59283744385063 0.59333167721746 0.59138852133957 0.59407053963804 0.5913033087339 0.59086680317862 0.59088584011821 0.59042097576586 0.59042101538223 0.58931286640546 0.58886559812689 0.58970492980287 0.59019986480406 0.59426522875539 0.5945530287505 0.5939666610013 0.59225437638606 0.5928974368325 0.59257850763739 0.59190049489217 0.59152868977799 0.59343419180003 0.59365539190777 0.56799435540552 0.56987499448628 0.56769418463692 0.58651074093305 0.58748603230804 0.59087012369802 0.59115141033228 0.58473194322922 0.58656176476872 0.58905463517487 0.58887171589973 0.58926519049211 0.5900219808075 0.5748497635077 0.57805536097509 0.57471749166668 0.47143497045597 0.51707109755738 0.49991939516373 0.58806569369683 0.58820175058422 0.58863611637188 0.5895748727945 0.58936926485445 0.58913755665261 0.58988320238698 0.58991584839093 0.58967206499383 0.58982126731888 0.58965258636602 0.58938513646129 0.58991344067591 0.58983234902526 0.5896187621824 0.58899405925649 0.58876568059973 0.588865797952 0.56044132762887 0.56378484718108 0.56103388723236 0.56176078662917 0.56144501492121 0.56746003988656 0.5660053070816 0.56478749538046 0.58214180500249 0.57784915582813 0.58054471111736 0.56942601932527 0.57137084855415 0.56802403031863 0.59318240942552 0.59220665036128 0.59386793005232 0.59061030918407 0.5903830623516 0.59012128692243 0.59143292016458 0.5900536529136 0.58998580645842 0.58556321709538 0.58885211733826 0.58978719931639 0.58992002272733 0.58828625047902 0.58803367972915 0.58837322036649 0.5884829049135 0.58842923929965 0.58875156120154 0.58857515896268 0.58850007361279 0.56296741092917 0.56264677713234 0.57224625977904 0.56922066014543 0.57225905522684 0.58833291429903 0.58834610462113 0.58829191243454 0.58835411432281 0.58891363704688 0.58908955944821 0.58875390404112 0.58782207198177 0.58775092158564 0.58816354418146 0.58791381688004 0.58805481911556 0.58854897019203 0.5886100369197 0.56055564763433 0.58963424702819 0.58946389839676 0.59001008337614 0.58855618340925 0.58887192139298 0.58864802618388 0.58798085183142 0.58763556825113 0.58647037616388 0.58504077129264 0.5867276590049 0.5883991627646 0.58780607344107 0.58850320658534 0.58846332233996 0.5884171711381 0.58870944759663 0.58561638284758 0.58701281812771 0.58517146186138 0.58763221671677 0.58839130064812 0.58834922234914 0.58713067850554 0.58669922408931 0.58594401473124 0.59220704824701 0.5918695825638 0.59244101369724 0.58820848218687 0.58828576482245 0.58669000907216 0.58612276423345 0.58517997548264 0.58656789214122 0.584334250021 0.58758397628701 0.58747976323747 0.58689813496389 0.5856471424854 0.58728853170178 0.57014227055142 0.57696244877325 0.57729864055613 0.58136567517787 0.58300885255437 0.58413283490809 0.58718035023325 0.587209424985 0.57938382466416 0.57961358941366 0.30379884701043 0.29809493602054 0.29125225116891 0.57450741555859 0.57672592450387 0.57504447447979 0.56812792150908 0.56193877982267 0.56007479306625 0.58813379091382 0.5875955635628 0.58727003415986 0.58647939650147 0.58785712640249 0.58298371303801 0.57857297179505 0.58326576098406 0.5438603018363 0.55694533704955 0.57277169486876 0.56611334028605 0.58307548915426 0.5785960445333 0.58716765085708 0.58757462734497 0.58812332804968 0.58803130909519 0.58792521147558 0.58833213183691 0.54185106606656 0.55463662296601 0.58584493517736 0.58106934560218 0.58203519985707 0.5858309908022 0.58357083400967 0.58297855916614 0.57349870025929 0.58026712689405 0.58016849797004 0.5799285679618 0.58617264652842 0.5898377227449 0.59018367939051 0.58791882782076 0.5879059995549 0.57064206447469 0.5710863475421 0.58299906775251 0.57986234741666 0.58578668436548 0.58793088444421 0.58788684946605 0.58049024427738 0.5781335494781 0.57387352133504 0.5869872860818 0.58805639652498 0.58709825504476 0.58648507027146 0.58862273957992 0.58885067028241 0.59131290581318 0.57662840828722 0.569944564229 0.58698348175505 0.5879574689808 0.58801714207851 0.58833808399547 0.58887660745878 0.58811829411186 0.58971909283175 0.5885870393775 0.57044215826081 0.59359730663986 0.59450196573657 0.59286570229552 0.57011254180551 0.56019852541446 0.58183097932485 0.5776407726336 0.58819035606708 0.58808627397755 0.588307987694 0.34054086874138 0.35192143472473 0.35706397889139 0.57681547423978 0.58470604759948 0.57424601228892 0.58877603366742 0.58844538511248 0.58796425258473 0.58798490695258 0.58783290492735 0.58859602934548 0.58967890850475 0.59012239221158 0.56589837747644 0.56217820835364 0.58933856581232 0.58916513926427 0.59170010594154 0.59515044040963 0.59401172080388 0.58759418762944 0.58895793879506 0.59252303237195 0.5646780694025 0.56812877236886 0.55334075010374 0.54933612656968 0.56971714361645 0.58911938786542 0.58946095709076 0.590129411756 0.58817749058676 0.59274301903129 0.59320529451192 0.59191481175891 0.5338305849131 0.52551870429172 0.59368647735026 0.59331132993206 0.59083333434486 0.58920511934781 0.58754427445946 0.59145985414388 0.58955179876583 0.58940145780894 0.59196582085941 0.59566306795626 0.59604605330699 0.59099613294434 0.59139817252957 0.59404431239911 0.5780708644563 0.54842066027316 0.56119328931328 0.55118000575199 0.56409026269727 0.55231052244979 0.58798602223588 0.53691554905841 0.56015221834098 0.53242207005354 0.58588605974444 0.57396906072392 0.56295033476719 0.5238248123977 0.55468371049884 0.53648144643543 0.59042803788377 0.59067827300339 0.5920777386782 0.59159110864066 0.59178729554035 0.4528160580496 0.43768043093256 0.59114767476588 0.59088460396437 0.59236859324099 0.59266588601579 0.43785988423578 0.40309473182841 0.45715585925284 0.48829146141203 0.47844910558026 0.59339766029043 0.59297614124033 0.56716277208484 0.4660580789894 0.41230187058543 0.45084411862815 0.59638997431521 0.59671004807437 0.59752993389979 0.56056844989425 0.53451001178026 0.53733043083451 0.59083512400091 0.58232695463323 0.53302204238864 0.52074723956164 0.49708468727741 0.59885871801363 0.59855220208572 0.59970169485499 0.59701912289702 0.59758696303165 0.59387060005981 0.59552912308261 0.5045478841161 0.54948239006706 0.57476840322362 0.43074941844699 0.47592349468252 0.46007281710525 0.45519454510186 0.43062070314178 0.53646690850296 0.53659009155565 0.54154711988739 0.55423601171788 0.32843800008881 0.36325441674024 0.35560672168164 0.544115520469 0.53125885178767 0.55265297325531 0.53573448640482 0.54391796181847 0.51074902694209 0.49131752637339 0.5299552634449 0.53624590733993 0.55723890459289 0.54488941237573 0.43474840746437 0.42036701013123 0.4531081472721 0.29313415837451 0.29127100530475 0.28879962772337 0.58691827367895 0.58534522707094 0.58122126430473 0.50623300339372 0.49420112164417 0.47692672002787 0.47477014282161 0.50792053829114 0.53138777467918 0.50983816463441 0.33020360802282 0.32485171052576 0.34889655170456 0.48314163664564 0.43844156090727 0.48574651062819 0.41197554851875 0.41987826397148 0.47812653939559 0.44727656337426 0.4664622325574 0.36870931063679 0.49604744171986 0.41716875258487 0.37100650016181 0.37544035187246 0.48932791982402 0.30860344374781 0.32844513504736 0.31613053665204 0.38147251172288 0.40816061015817 0.41526712293436 0.30667713420467 0.29282303464904 0.30837206683389 0.43955872082557 0.41863899431349 0.59138078765181 0.59199040182613 0.59057367893192 0.5938346764376 0.59428558150154 0.59531037757507 0.59257324743454 0.45681510055695 0.4982911675938 0.28823037028187 0.28635418985836 0.28584875717712 0.28412631143776 0.28469763390431 0.30901827289807 0.30193225872593 0.31215186065974 0.40717586125117 0.42097543138053 0.37281943319592 0.35378886418865 0.33438739473405 0.28568978952689 0.28658441980156 0.28516863368551 0.3091416848517 0.28967250799679 0.29298535588893 0.28361499183429 0.34831772226359 0.35498701586734 0.31784210100555 0.3101257631894 0.28491252845424 0.28617522495496 0.2857714719663 0.28797189946985 0.29754011216866 0.29474384618424 0.28502474848572 0.29269646269589 0.29134966385611 0.28265984551939 0.28271303198756 0.28308109079509 0.28378469896451 0.28382551130309 0.28432142183472 0.28920817605414 0.28805492910166 0.29061421914385 0.29080350229178 0.2957052426679 0.32908390022464 0.33097446517102 0.36801903634567 0.33008094506104 0.32387715640215 0.29965551553214 0.32414301443882 0.30561331343871 0.28182063267523 0.28241058605443 0.28652857429645 0.28547135698929 0.28320367531393 0.28393637602134 0.28860585295401 0.29803009225903 0.29351947288211 0.29379489827213 0.2840552498332 0.28710368995893 0.29463332323543 0.3200230370723 0.31691179358087 0.30967087762516 0.35367553564515 0.34987700345414 0.3067576458308 0.34636340809252 0.28347191423227 0.2849972478716 0.28621721564122 0.29233196873941 0.28643975076674 0.29449004856925 0.28282329161461 0.28217179340567 0.28400488440877 0.28257120927634 0.35703147618712 0.35893753801011 0.3689912402729 0.35685693707679 0.3302102567145 0.35539314188444 0.36598636054901 0.28255360184755 0.28306276463006 0.28419331001701 0.28153347872832 0.28220472624506 0.29819122654515 0.33374557609241 0.34385596262807 0.32394408912579 0.33013218482079 0.32521795117068 0.3212613206108 0.3632173159908 0.36025978971166 0.46320985319465 0.49638515861523 0.37444744996083 0.33857532179804 0.32985602928895 0.3366372639851 0.37843766114518 0.37073042536647 0.44882974333398 0.48944969056821 0.48233503066044 0.38304786622039 0.42841215376324 0.45072876749836 0.43776512201348 0.40833542873424 0.41669155292778 0.41825143404114 0.36651019687951 0.40491643666743 0.43543385403002 0.46956150808655 0.47615759285176 0.51066263875431 0.51394213979934 0.47973152550072 0.52448318116889 0.44736810366066 0.43272210642881 0.3002269719044 0.30390545437575 0.38419333875456 0.30258976050869 0.30229288966953 0.42458153058551 0.40497773237379 0.30558310981326 0.6074144554401 0.60801035566409 0.60723362974016 0.42369916780929 0.39956027869414 0.48596247852151 0.39177057216123 0.38588143185251 0.59694871757916 0.59323142768237 0.59480919285091 0.58905654006757 0.58546537008471 0.4123668508461 0.40962003482422 0.40246209737056 0.42384346618202 0.41774191786717 0.46792983851394 0.47747356803271 0.29032879299371 0.38831941313262 0.42481636913903 0.46417245705744 0.44053125978842 0.49202331790383 0.49842828668139 0.52690035120425 0.50956563940431 0.52184724931677 0.50752936132554 0.53128721351481 0.38918887334422 0.37842440820157 0.28941479883807 0.2892373594927 0.49683716513229 0.48088480908713 0.33595684031238 0.38528783074048 0.37276089080051 0.47520275689574 0.4027078930001 0.39288335899414 0.41490737901248 0.38831386542601 0.51475316245462 0.50922280183978 0.48233946706321 0.47727227910161 0.4991143899414 0.46557967912433 0.39985054408852 0.30006565646156 0.29211639930536 0.44116789777959 0.42545445561958 0.43207662856487 0.34664154206975 0.35540714668032 0.3437918635921 0.42148371140784 0.38614896388122 0.48491053292954 0.45417639705673 0.58622253944386 0.5587201643089 0.58793723370296 0.56122136058323 0.57013680172013 0.56640214825876 0.54638974366161 0.44729636288148 0.55958965386541 0.53232623743387 0.46768566590596 0.56720249514056 0.57500221360616 0.52109010986136 0.507812673269 0.53117366197811 0.53972738752218 0.5457258809239 0.55182044389937 0.5640877996423 0.57257098148315 0.52900082038312 0.56705385845534 0.56502731981989 0.57378744495259 0.58620443232337 0.34030855205655 0.37323501354118 0.39099274258577 0.44512703215582 0.53291570737284 0.57332299234168 0.57276599673308 0.57694704330431 0.56984889565279 0.56883188881486 0.37222287194008 0.37967439868506 0.36653434355275 0.36322736418422 0.36416470892906 0.42077590198073 0.40929860541069 0.50589124160653 0.4566763703147 0.48565257593728 0.50602953517386 0.52339280744771 0.51427164224919 0.53440648177357 0.51995376702304 0.57674746299809 0.56068738729907 0.55975791029713 0.55487709913565 0.5719215438188 0.57248258229817 0.55801315997444 0.54767754486053 0.54432818757396 0.57147206635638 0.57296135759018 0.5747542505991 0.58338844595552 0.58786751261384 0.59170115119908 0.39518486157052 0.34879430727564 0.57114964638875 0.57435458706581 0.57083363488542 0.56701516906268 0.56776182452449 0.565311365309 0.58492692105246 0.56395971936594 0.59660842758646 0.5978152351904 0.59641955753865 0.60175854397237 0.59993086715502 0.60034813270307 0.59976131246408 0.60007698650715 0.60105804341518 0.60062654744087 0.60157482264679 0.60266143738433 0.60095856186895 0.60247382652318 0.60428002303702 0.60453010869707 0.60478966781802 0.60338801227353 0.60239589411734 0.60164666222878 0.60255938130379 0.60193481684441 0.60149578571801 0.60334688262948 0.60297281936979 0.60082653863647 0.60149120231109 0.60096496005847 0.60120276609288 0.60017060763731 0.55937431605554 0.56051714173779 0.56094232418026 0.59328371248209 0.59802500088885 0.59537813702596 0.59728343915126 0.59743539901994 0.59901298880436 0.59757132191851 0.59866732903663 0.59696781873316 0.59723103321548 0.5966190793856 0.59735927080019 0.59686382463438 0.59797313331057 0.59768416577138 0.59542468833901 0.59648648202054 0.59604817781441 0.59561865850489 0.56461336993695 0.56651271321929 0.56777994656737 0.56591896207667 0.56522785165277 0.56393289442894 0.56513220641345 0.56657295330061 0.56565350875208 0.58989117554126 0.58268398864855 0.58405175723016 0.58361728628306 0.58575309795897 0.58409268958405 0.57657051782534 0.575199609294 0.57592080744418 0.5724400630761 0.57839319235152 0.58108644264248 0.57841679382151 0.57416384465935 0.57613585533179 0.5754647684504 0.57312811118322 0.57842792660692 0.57825429435048 0.57597332308967 0.57062104310492 0.5715893541932 0.57193933067374 0.57141758550985 0.57020178099708 0.57228344229018 0.58145070180249 0.5834980869404 0.56776351612431 0.56964960221531 0.56582125262435 0.54147893853186 0.58384264791485 0.57824111493388 0.57770203370415 0.58170683532305 0.58686908886342 0.58661011588347 0.58284342043323 0.58136185245993 0.55435140842558 0.57821269606988 0.57391943742796 0.56578113385579 0.56807066044396 0.58336542560376 0.56657745185734 0.56741586461897 0.54989058824987 0.56339907258292 0.57120940626519 0.565089310117 0.56634920268374 0.58777479026311 0.59606855141956 0.5974573118337 0.59788180214948 0.5958778595844 0.59643578440733 0.59697016682698 0.59631762306198 0.59822140460155 0.59760899281533 0.59284502781245 0.59263684017159 0.59573994506689 0.59690583188347 0.56761438439028 0.58501765660006 0.5471008596749 0.53496646444653 0.59793784234601 0.60069430231091 0.59996596733453 0.60221906351334 0.59858397311384 0.58202254662202 0.58264920483888 0.59104233188434 0.59533184790057 0.59772725820545 0.57022292025226 0.38739489825015 0.4050245230869 0.38566295302869 0.52587176829644 0.54209987160735 0.47202476531863 0.49562380885081 0.46586275966871 0.46012160022564 0.47802409169786 0.56455480725315 0.55823519469247 0.55813791495984 0.46335429096499 0.45360794233642 0.44892733049349 0.60259739882488 0.57578012754048 0.5660021518825 0.57704834164252 0.59962388819049 0.59384279872463 0.59889872927842 0.60075357289914 0.56833272325511 0.54545445090645 0.60660397460071 0.60722746617196 0.60578357157136 0.6055556125998 0.60478001071688 0.6035453524038 0.60682627014834 0.60640584110257 0.60301704910869 0.60421126371733 0.60192969546541 0.60520069834651 0.60350990884051 0.61148908564878 0.61018841824284 0.61114719086964 0.60332425648194 0.60517103506326 0.60474360415088 0.60628650761789 0.60629866734096 0.60727316171575 0.60871553123553 0.60884873872785 0.60286433517422 0.60555839224116 0.61731447962261 0.61624440620564 0.61743529592691 0.60930844430644 0.60885586031159 0.61022715434861 0.61068763242434 0.60492761796628 0.60438161206287 0.60544863230131 0.6084082125432 0.60747006652733 0.6053684156609 0.6064849221441 0.60594425750369 0.60118941924136 0.58747310060421 0.59003380199613 0.49614922273362 0.49213201355964 0.60403171445868 0.60532026519503 0.61105617871154 0.60887815997257 0.60933283720699 0.60699280224084 0.60977692652755 0.60924764728759 0.44058186565114 0.42473118650678 0.51813596719257 0.48704939721704 0.48023966178581 0.47492552428052 0.53545933921175 0.54879030024141 0.56106970076823 0.60564708268909 0.60327039509485 0.400569625354 0.45987555305472 0.44207400490402 0.43513373910678 0.4264911332015 0.45358667687246 0.60796460206508 0.51286723099317 0.52635411176201 0.53198884791282 0.48511101908325 0.49221593627972 0.49505398460505 0.47183812085029 0.46762123686156 0.47807804221079 0.4878451652098 0.49798928259726 0.4875280524232 0.45694907670503 0.47358920019101 0.47853441138993 0.46237760869713 0.47470544493351 0.46800510111579 0.50435473940084 0.50423958666323 0.59465021004171 0.59498219331638 0.59928340660156 0.48464411291347 0.55357803660926 0.54550377146607 0.49022059830556 0.49958335517915 0.4976638417086 0.4940058410075 0.5111840005932 0.50571162703905 0.57165868960152 0.56768565817954 0.57072674676164 0.56929437422813 0.56858162974833 0.56799814422237 0.56819878647676 0.570201284044 0.56615732522367 0.56482298588045 0.56978441191389 0.5700552042553 0.57610061174598 0.57281108996603 0.56463260139133 0.56029753443309 0.56028138591914 0.57959945335282 0.58091367950951 0.58206201973681 0.58460644160178 0.58155327653847 0.57535825869645 0.57418286994414 0.57619248473851 0.581683336913 0.57194229957225 0.59965352342716 0.60079372050601 0.60031985205787 0.60199915979747 0.60123461786008 0.60060904262556 0.6011748557349 0.60332899119135 0.60282202392621 0.60228140228431 0.5690674661462 0.57890597305115 0.57437887713509 0.59936035636544 0.59716332431173 0.56621864082245 0.56348289981751 0.56918249666122 0.59909364629205 0.59855611308688 0.59419957207145 0.59554556693023 0.5869824382507 0.5930038329303 0.58472692762352 0.58565271056179 0.59346250898623 0.59823430799349 0.52667456869174 0.58527206577586 0.57379962734764 0.58788280261001 0.60145339013949 0.60064268033127 0.59574987426463 0.58835280754481 0.57385760498074 0.60910293993337 0.60138488972424 0.60539192928408 0.61221587671578 0.61047956185231 0.61108360831088 0.61289503806953 0.61327475236008 0.61274768632857 0.61346095422818 0.60795193238442 0.6145835945567 0.61420449877037 0.58703830305336 0.59779587577749 0.60392216866308 0.59945510847522 0.60623291700211 0.60740588074821 0.61150836117872 0.61136163943638 0.56001546167239 0.52129549381136 0.51982547366747 0.52552606431599 0.59438742675536 0.60976062034547 0.56041987721398 0.56713281713432 0.56317946127514 0.59509575963688 0.58919280769086 0.61124188033268 0.61349601926175 0.61363204314235 0.61256126520841 0.61309677769903 0.61270891809064 0.61676129678439 0.6154577219311 0.61451468660775 0.61341623247341 0.61453820438519 0.60882654163365 0.60545828114904 0.60895681067072 0.61181095222465 0.61393128963313 0.61438775266873 0.59756144262764 0.60222273798458 0.59741099269329 0.60509514893639 0.60881050491371 0.60627321404911 0.60270950596957 0.59941787597932 0.60695534329024 0.60355119068629 0.60292579068036 0.60545753872417 0.61477347183865 0.61587409231241 0.59410895366619 0.61316880333296 0.61479762020971 0.61925438808881 0.61946307056688 0.62022721254698 0.59174785250403 0.58678849493969 0.59228842646981 0.60315870005817 0.61081810386358 0.6147736375432 0.61635031682423 0.61516678375915 0.62051493152012 0.61997880647973 0.6195347358291 0.61693265556952 0.61770359613871 0.61829695556496 0.61285021193261 0.61332883510157 0.61378148261742 0.61326807016323 0.61472281457138 0.61426273213102 0.6086833802796 0.60826426594904 0.48408496134876 0.49853635362467 0.53174916644879 0.51302831943609 0.47015560351698 0.50724331093081 0.49949845967117 0.57646576722259 0.58110620336176 0.58639860543481 0.57717537502669 0.56704843484912 0.5992653093878 0.4306231910372 0.45416991442791 0.44280356559404 0.45796690315104 0.58195375167218 0.57714282179878 0.58189949978363 0.5758618720851 0.57373026729664 0.56937652151866 0.6162944590829 0.61686016718171 0.6024186418495 0.59779447172607 0.61155350952489 0.61681258598884 0.6172557294671 0.61082319394761 0.61055799507476 0.60766843778357 0.61049073377064 0.6212607395215 0.61981160092865 0.62060085190435 0.61764265249087 0.61873702588906 0.61360420405134 0.61107487676926 0.6205543232979 0.6217471285512 0.62119407061094 0.58904760806253 0.59377586720103 0.60930990502169 0.60969493484637 0.60590714647794 0.6025874556105 0.60926215539211 0.60916134855381 0.61425084519335 0.59285078619352 0.59757914460488 0.59903651434797 0.59674986626519 0.59998232723615 0.61604905000938 0.61708066131756 0.61904808527728 0.61311635175344 0.62400139630881 0.62461583397559 0.62302963994225 0.58873821250299 0.60079519337836 0.57726153348717 0.58385339321439 0.5815060663437 0.58512763602648 0.58548739236353 0.58814497046437 0.59047884610791 0.62309671809164 0.62225936309157 0.62467820442828 0.60981131383499 0.61027972333262 0.5810661861562 0.58311055454355 0.5846626293285 0.61530976870535 0.62591175338443 0.62652154878395 0.62239365340608 0.62171263269788 0.62033666780151 0.62558675460865 0.62460224913834 0.62119781570511 0.62206536833614 0.62126041868984 0.62068027373649 0.62184530180379 0.62329004356631 0.62495257120785 0.61879110049871 0.61957808984849 0.63301332383428 0.6335587446634 0.63424194662566 0.62634715763599 0.62572135213843 0.62321420628155 0.62309501677694 0.62501561351604 0.62407954729664 0.62160972665328 0.62256728371896 0.62213080005787 0.5633242506081 0.56075444988825 0.55691280411941 0.58176190317128 0.5846773639707 0.58896244881082 0.59205880983285 0.58540406110199 0.62879562656128 0.62838879608253 0.62748451750862 0.62894874778464 0.63157078079818 0.63064805601427 0.63379482407876 0.63268433931894 0.57490173279627 0.57073575546284 0.571633609112 0.57652376757657 0.57329455011895 0.57773624823852 0.58023899963555 0.58868722583999 0.59166102744194 0.58968257348203 0.57717972473182 0.57746236227937 0.54749288682466 0.55168847096442 0.55323156722786 0.57900490498551 0.59654979649577 0.59909275168426 0.59450234156569 0.62228110691185 0.58206401988221 0.57335238103952 0.5783446945014 0.56195467168193 0.55549239344617 0.51002080198828 0.50313635877978 0.50852738773849 0.55089020774047 0.54418971353899 0.54783728578645 0.55282254854049 0.54507631640472 0.5515965728691 0.62668957676314 0.62622986765861 0.6289189077045 0.62972596396632 0.63023066652958 0.62768842952729 0.62848428718031 0.62974463792173 0.63261204708052 0.6327075051145 0.62829514833485 0.62792072214106 0.62483335774156 0.62910598671964 0.63016079307091 0.62876539740273 0.62292133404999 0.62351949628818 0.6171006099354 0.61530987269385 0.61908042737729 0.62832652910617 0.63320889952662 0.63241425195615 0.62233672545501 0.6200839693872 0.6252551985364 0.62364328133794 0.62644636815511 0.62792346155355 0.63487511503787 0.63287170271594 0.63238081335527 0.6278655926935 0.62701995381324 0.77819615369789 0.78164990660225 0.79280223576428 0.63073659885837 0.63050603936832 0.6316658490247 0.63110509526698 0.62649281172155 0.62573624847082 0.62641040426128 0.62394831557314 0.62359662621202 0.62282772084799 0.54683437198618 0.54155012800333 0.54245342004532 0.531491910628 0.53387365367375 0.53822610560888 0.61723342211836 0.56236436364855 0.56677049821325 0.56199913714296 0.66023682988911 0.668955591087 0.65214109786987 0.64277136571462 0.6399834289107 0.63646142415523 0.62965007821326 0.63186291648238 0.62374087258064 0.62305979980062 0.55190412960653 0.55657225371971 0.56090510768238 0.54727619617205 0.56373231451578 0.53072876888475 0.52531191036147 0.55829600765264 0.55493270735133 0.61894741020004 0.61557122968151 0.62335699803561 0.60697080534348 0.61110375726332 0.60376405937184 0.6445652428838 0.64896242523392 0.63924498050606 0.66661052320957 0.65721872477058 0.67073611667898 0.63309481867284 0.65566280581345 0.66556458059188 0.65538403710646 0.63344789430748 0.63493192912822 0.6336196588742 0.61942412072092 0.62092080628477 0.61648828325854 0.61595937504767 0.61756648067511 0.61861008353875 0.61795703214343 0.61899390514473 0.61833487066977 0.62494624930963 0.62437583376721 0.62129056100892 0.62066442241913 0.62189973188797 0.50689566924126 0.50793410810263 0.6230944310665 0.6224910940216 0.56348065670502 0.58560543071778 0.53759933677856 0.53146724515201 0.55119866489983 0.6314129190422 0.63107947983411 0.53610208757487 0.52880474219783 0.52445923407976 0.51969390714376 0.6317775613738 0.63406836102377 0.63273602989333 0.63526495051966 0.6342032495875 0.63760167968926 0.63935302445934 0.63928054092976 0.63244513157857 0.63347776058084 0.62916497721698 0.69281276263688 0.68751555837242 0.69497354190861 0.64644213243898 0.64098877815248 0.64337931220558 0.6187216869601 0.61813534623457 0.61937399553555 0.51360743069062 0.51878877934994 0.51707391081387 0.63754531782289 0.63746488187853 0.6495595102589 0.65330268504879 0.66023167579541 0.65021073355351 0.64781570701001 0.64470571398126 0.64321241359723 0.61658046279626 0.61708036263624 0.62002340709666 0.61941226316764 0.63044683093382 0.63139006635483 0.61819233468458 0.61759396981018 0.62368484095794 0.62426585419035 0.62186141619024 0.62061583608759 0.63685104588251 0.63657346588396 0.65680703710744 0.6395332827926 0.6380304338574 0.63418624171282 0.66080092116162 0.68903702773971 0.67671715151734 0.67739919995665 0.63638984000542 0.63669835481538 0.64016728669016 0.62694969720488 0.62522924036753 0.68519261395992 0.67621912042474 0.69216838338125 0.64204495409444 0.65374120757189 0.64689878435243 0.63566908353301 0.63571597600862 0.634781493288 0.66280287377316 0.66989248567606 0.64800323841898 0.64326629397927 0.64516663939101 0.64030308517388 0.63887283088856 0.67281392363418 0.7115432833362 0.69831236051734 0.69414623791747 0.64371535556641 0.64327695206687 0.64420287382542 0.63798375887554 0.63692264849721 0.7395780296255 0.72472117364432 0.72503281966731 0.64537072030227 0.63840733522173 0.64610705815836 0.70308874084171 0.70273334030208 0.71523390243791 0.65326828235711 0.65655433544731 0.63465347408556 0.64079968591045 0.64877529463837 0.61780569919425 0.62293813605305 0.62246037390631 0.67932078999779 0.69051207937576 0.665403168776 0.69266541161372 0.68546068520204 0.61879984874 0.61702036610142 0.6592184783124 0.64350519038684 0.64408968358647 0.64317998769257 0.63198346929561 0.63226446498025 0.62959385999742 0.64151367244367 0.64102881141861 0.6366319447592 0.63582345347396 0.6856907485905 0.70511798268555 0.70198373436688 0.65850847608034 0.65029134429617 0.70182684559708 0.6371236486652 0.6373406712627 0.66588519830086 0.64152713283529 0.64047456936132 0.70170802453512 0.71152834083424 0.71131255349443 0.69237212764217 0.68388568435016 0.68644287162013 0.64267417857475 0.64215865069183 0.63990537452516 0.63916449272333 0.62731072833893 0.62838007127347 0.6285964749392 0.62925399583768 0.62796788820154 0.63604876812757 0.63791938661716 0.63848394176248 0.63737339167794 0.62602086911949 0.6264332924253 0.63336019802312 0.63381944333304 0.67435604783252 0.67939572555456 0.67621027182981 0.71705979861252 0.69351445738604 0.7068661843088 0.64376380471842 0.64282938383632 0.64640225649067 0.64447674874281 0.64483414400509 0.63848028511118 0.64834648764931 0.64610519275684 0.64536501237256 0.64570901674301 0.64377568929739 0.65065285343893 0.67373202655686 0.68742398823939 0.63921423567744 0.63980475582691 0.73761939008541 0.72649119917112 0.72695898336886 0.70892174248263 0.62799793573066 0.62734513431393 0.63740734147769 0.6381249918092 0.63352729674276 0.64291634701585 0.63973657215819 0.63910191214246 0.63739583883523 0.6368637657774 0.63120250489036 0.63056200238189 0.63182745277425 0.63427697676253 0.6348330426486 0.67804540165596 0.72545829579407 0.68480180398951 0.69360172451049 0.70668372312154 0.69866096666935 0.69500644061694 0.76575785578978 0.7587468449768 0.76972647811956 0.68942260636463 0.70286781301082 0.756804463235 0.74239657174917 0.75916100841438 0.72848113207588 0.76376403871228 0.77757368733118 0.76683672449077 0.63144066909081 0.63514627965468 0.66257437482491 0.64996320485175 0.68622369516208 0.72761857514368 0.72624937955016 0.63943180264292 0.62668727154881 0.62928317026017 0.6299106248541 0.61639511672942 0.61168529557599 0.61862755978682 0.63307648268658 0.63243248166298 0.62864452331914 0.63051990602381 0.63633168001148 0.63535175095141 0.63794209506056 0.63850889022833 0.63975920232528 0.63369186040655 0.63177623349625 0.78090543296264 0.77521254074276 0.76661097676807 0.74699768980821 0.74876855933604 0.72702698854627 0.73830060122644 0.62799523553977 0.62908770691609 0.62651586144096 0.62567593689171 0.65430375498462 0.62008313933651 0.61435960792126 0.59966768571807 0.60262190785805 0.60432322382052 0.6137401072009 0.61136372970017 0.59397301572788 0.60296920098658 0.60113050810367 0.59500844823414 0.59765196120524 0.61032436604911 0.6060141548229 0.60791243952681 0.60891005713176 0.60657087482561 0.60965965824164 0.60573059746197 0.59533151093767 0.61467038149422 0.6135106409294 0.61118870091315 0.59999730431907 0.60179945149146 0.60574089351317 0.6086528792838 0.60551448925008 0.49558867989336 0.50527808059173 0.53439016237987 0.53458827576953 0.52678457004299 0.51825916087392 0.51738164191011 0.54361401170492 0.58541862199905 0.58045815527389 0.58913512581859 0.56644615900471 0.57153023503575 0.57129139608463 0.61279756254791 0.61571466399201 0.62080287943867 0.5709491053912 0.5392123511678 0.5411790227663 0.61465563381811 0.61531794055979 0.6216444821647 0.62284720055997 0.55388902594649 0.56208873238756 0.54900913557508 0.5663376458845 0.54671626443264 0.54159343089803 0.53435588665554 0.71010659141699 0.7177185334663 0.65434237423549 0.65225311938336 0.65720846903049 0.66904756027423 0.6803988774264 0.66734809958089 0.67168474644953 0.66383063517526 0.64479176326536 0.64503293110823 0.64380646812947 0.64285109813297 0.64292449986209 0.64466407615404 0.64468455663205 0.65375365764212 0.65327896219729 0.65359876515997 0.64702574786033 0.64571053506854 0.64565004596413 0.65232915377789 0.65255479415286 0.64645663134481 0.64651231238968 0.6575365535164 0.66194495560795 0.64511074295684 0.64808945225938 0.64755999919142 0.64603662512768 0.64556182444395 0.64652793484557 0.64703594057625 0.64801311060305 0.64217157742625 0.6410427828558 0.64043157956377 0.64041634222871 0.64106716160128 0.64323558446477 0.64274547683845 0.64223895366402 0.70991313028878 0.72600915292161 0.71705133593213 0.74279638291466 0.73709450150636 0.73303997838643 0.723042596065 0.73221080390136 0.75222301285034 0.75027997731002 0.57979463391825 0.58140780730457 0.59112562645683 0.59431909485272 0.5888925103973 0.69552738005336 0.68516214695078 0.7161056642617 0.75481074029235 0.74426026576522 0.75646669154597 0.7212185790411 0.70750192459141 0.75334375882681 0.75200787154847 0.74564918382261 0.73925003758965 0.74441348330052 0.73910155331163 0.65884189812659 0.65717901103695 0.65698907685281 0.66179217451687 0.65526434555508 0.69443064114431 0.68255954822626 0.68159617565548 0.66474752637488 0.68050141024889 0.6714626840084 0.67765926468495 0.64740824099461 0.67283647580754 0.66616848797765 0.67328604549994 0.65279940123313 0.65027469417263 0.65218175615451 0.65246089289842 0.6510161132521 0.6484682920136 0.58472244828726 0.58720927719098 0.58774386789574 0.6800951900413 0.68787978958511 0.68785015121153 0.68260074397146 0.69811399121711 0.7005329502339 0.65688636061096 0.66388432989484 0.71480444874011 0.70711916311919 0.71020245678038 0.70788571781191 0.7009440104163 0.70901684861792 0.65327992450028 0.65500047934839 0.6491180814855 0.65012138818277 0.64966440126939 0.69638871508116 0.6945815782421 0.69418278633171 0.6961365263731 0.71200533231574 0.71378593127253 0.71416741686483 0.7074751562054 0.7035374540237 0.7019302664887 0.69651850775104 0.68905253842978 0.71192086634632 0.71221465118306 0.71811376113985 0.70714059897787 0.71623032383421 0.71473064919597 0.71277441432065 0.65388980189513 0.6522266598187 0.65368121634499 0.73005343012271 0.72707776023036 0.71326096170678 0.71566062986851 0.71662475986056 0.71371158247654 0.71515907614337 0.70807930415374 0.70970218178914 0.71649249690051 0.71995521297392 0.72315503081911 0.72497251771137 0.72692172508802 0.72182341168423 0.7195023514805 0.72351828190875 0.72473913574219 0.71972239775271 0.72012629617719 0.72140595436318 0.72299565759271 0.7201710978077 0.71788051255963 0.71937403480379 0.6667306286097 0.65077411124423 0.65017585326527 0.65133591536593 0.78284518710907 0.76777627114907 0.77423134505148 0.72656063261945 0.73194139414685 0.73068842331909 0.72830105915373 0.76124702541649 0.76826144614572 0.72248872036014 0.72380809040333 0.72587750442333 0.73772396192904 0.7395491496761 0.72896990998727 0.7465973361275 0.75293313008648 0.75381086387803 0.7237331653142 0.72575168037326 0.72926001999557 0.73310884567279 0.73001012781858 0.71671523585324 0.71618998763509 0.73062938866797 0.72696170646933 0.72165438336141 0.71985648535081 0.71820317001604 0.7379270656914 0.72419597334165 0.70593780826077 0.70226762985357 0.70053194713747 0.71946686708534 0.72065034161447 0.71940025246342 0.73308718455936 0.7295080713415 0.72838440541433 0.75254363228333 0.73791430643642 0.73860118973825 0.72453662471913 0.71719970678479 0.71807142396678 0.71765983797362 0.71711318678018 0.71658386898788 0.71803144118776 0.7194803333188 0.71861582016642 0.71903359506288 0.7170412489355 0.71668680369614 0.71646254447596 0.71028898382624 0.70882756309765 0.71231818469774 0.72237131960802 0.70959847917119 0.7101592956487 0.71310173497614 0.71188138012309 0.70614636774488 0.70338264907849 0.67107491254491 0.67984516546501 0.67636768708326 0.66271949677682 0.64945227373817 0.65028731836596 0.6469630215895 0.64770358986137 0.64787424249987 0.71596712493022 0.71546685044219 0.71727022966432 0.71686281864892 0.71678599579352 0.7173460706135 0.7174455166179 0.71766480843799 0.71788089686774 0.66722503210048 0.67394367885898 0.67407178338804 0.69759310240409 0.69264365359953 0.69428517076171 0.65683341299049 0.65507333607225 0.66459218868874 0.67407661171508 0.67107517078684 0.65164684922242 0.6520167481542 0.65151194047408 0.65189539101558 0.65095754408822 0.65154741091471 0.64992325901595 0.65045596719173 0.65074914741386 0.68068276011453 0.66271389331843 0.6588357659569 0.6631877627382 0.69905259132923 0.69470593230021 0.69199549561935 0.69622250527431 0.71544349650446 0.71643151091692 0.71560534979637 0.71422231869723 0.71490825318071 0.69558130868568 0.69464661708512 0.68954409469722 0.71713361910613 0.71125457231579 0.70899347349799 0.70991812818422 0.68878761783562 0.68927415593602 0.70659862270226 0.70442585903096 0.70942844495619 0.71803161173384 0.71820439071547 0.7161119660711 0.71500912090759 0.71762123125409 0.7177356418609 0.69876148771508 0.6870419758343 0.68278285429375 0.70196545533349 0.74741804589227 0.73892969642948 0.75118095441006 0.74102485393694 0.73719414654719 0.76420826089975 0.65070648057075 0.65703531885559 0.65666529491794 0.65442321393095 0.64632628476496 0.64914987422138 0.64853332523853 0.64852730483052 0.71721545389525 0.7170539140127 0.7165195318404 0.65579368949589 0.65608829190565 0.65671053621892 0.7129280208779 0.71329016677869 0.71157368329882 0.65362106818645 0.6539276874861 0.65410700878961 0.7179318905216 0.71907420119105 0.71849753493137 0.71905903532867 0.71557413504914 0.71418708308333 0.71774533688728 0.71794704127354 0.71818624478818 0.71758575094291 0.71811253265 0.72629521307248 0.7253563689965 0.72458404132129 0.72086407976979 0.72077520092959 0.71808943463593 0.71825820148623 0.7171530294627 0.71711076283004 0.66548000488508 0.67026127601309 0.66663830707283 0.73098578131864 0.72816157799326 0.73059965882617 0.71981047448447 0.71894903272133 0.67591082949121 0.67125082025759 0.67085472466837 0.71663712380168 0.71791025847527 0.71708251925684 0.65552794495411 0.65598178449262 0.6553664831009 0.71902771753211 0.71872315164478 0.71458269009621 0.71350149365487 0.71506971289548 0.73290659963391 0.73007048273731 0.64986641709745 0.65185086815895 0.64939219869172 0.7202352738824 0.72080268394978 0.72154190460747 0.72283955973511 0.72348050444865 0.71936333266642 0.72217831671965 0.71974678956584 0.72212447920719 0.73326363533545 0.72072190195699 0.75485187877312 0.6496313439794 0.65118411471288 0.64906891906449 0.64832099561875 0.65363410113957 0.6528626192893 0.65318682515699 0.65176287728915 0.66305508211061 0.65433478443028 0.65656620306684 0.65610161052484 0.65501458560168 0.65488253854948 0.65527400126948 0.66018451852533 0.65116313929627 0.65157990541927 0.65229005174459 0.65248068161171 0.65279011904221 0.65655237735657 0.65755542321416 0.6604401930801 0.64980685222796 0.64914411393879 0.65119562265057 0.65331284263947 0.65345371727334 0.65287019946264 0.65105888206878 0.65151318046589 0.65037975071529 0.65059809437186 0.64819960544061 0.64863123635899 0.65260277829663 0.65199032212891 0.65428558300317 0.65370924958284 0.65350113172701 0.65304314296557 0.65317180834039 0.65311412736283 0.6538294815946 0.64793746213348 0.66384939914309 0.66215338020381 0.65483916781783 0.65449989912448 0.67341763384989 0.67067082770639 0.65521428105695 0.65494771723427 0.65583692492908 0.65618004078506 0.65463234007882 0.64847191091788 0.64893959761591 0.6586629848603 0.64942095127666 0.66964318367431 0.67576619915927 0.67350891998643 0.65434948761337 0.65271498660841 0.65246058292658 0.66323861217671 0.66156350024243 0.65478249405815 0.65512318269198 0.65484802911573 0.65392767645171 0.65412792034148 0.6490312219042 0.65439639041015 0.65436071747858 0.6560669575666 0.65724333169291 0.6620725442242 0.66187084068718 0.65222088235565 0.65298628012175 0.65395146556096 0.66695426058199 0.6939657160431 0.69964921957915 0.65641960835346 0.6569424068195 0.65794349033625 0.66531342012568 0.65986048341803 0.6592128545273 0.65445758027396 0.65455044228073 0.65434567757972 0.65614467276454 0.65553315068651 0.65421744404506 0.65459763619452 0.68656316523785 0.69243119204773 0.65951377925096 0.65847135461098 0.65656715184584 0.66331611099997 0.66257932708775 0.65542958004352 0.6548510383307 0.67995252461489 0.67852881467302 0.67145207122384 0.65350437677319 0.6535879074512 0.65421704022332 0.65450186496244 0.65533682904468 0.65510886762523 0.65728647420161 0.6535401636561 0.65412503331287 0.66077055791987 0.66640982660361 0.66382412040503 0.67000995669179 0.67598401361979 0.67875106686908 0.68124446551794 0.68164271686381 0.68595896232997 0.66437474493096 0.66048576469607 0.65888763409068 0.65036920163614 0.68465978994487 0.68469627219737 0.68035173053061 0.65363776862709 0.65398243194639 0.67419319827162 0.67998890614751 0.67462277512982 0.65226929382777 0.65293985709982 0.65160214906782 0.64939652985919 0.65096652906832 0.6564330071504 0.65974028145272 0.65987800601689 0.66936806598492 0.66519872541966 0.67090515905362 0.65409655996166 0.65123919510942 0.65398177682423 0.65480343780385 0.65395828111426 0.65374340333432 0.70313977267408 0.70567489194934 0.70143686150864 0.66428540745203 0.66182300952222 0.65624262595316 0.65574533523522 0.65301249786905 0.71014125593096 0.7115254717272 0.70821616305946 0.64776616160074 0.64615032564396 0.65237000256625 0.63996344026857 0.64854829898285 0.6449065944752 0.64054324589615 0.64479598870436 0.64780097198774 0.67788658192815 0.66068041519255 0.68772583895625 0.69150739205329 0.68094553762805 0.68277251021644 0.65194226277761 0.66144807469239 0.66177107096326 -0.64698096972308 -0.61633611119894 -0.61267581003755 0.66366256956579 0.65967965421755 0.66941298956829 0.6545837667326 0.67491582051945 0.63423274700036 0.63092434482349 0.63450172914369 0.64830550559533 0.63132208911341 0.63555653285238 0.63008181005642 0.64019714240945 0.63668052531378 0.65056290397392 0.69575474795544 0.69978916940112 0.6909879691456 0.72956262688655 0.72761981861205 0.66940424681013 0.65937178861176 0.62199622161722 0.62762894230531 0.67976781588927 0.68457478764835 0.69649800743935 0.69166123768198 0.69552709557517 0.69175966185265 0.70048628646468 0.66785898773007 0.67587153204957 0.67842994772508 0.68906002193976 0.69687645265314 0.70146827080245 0.69397858293534 0.67621252088202 0.6970465160115 0.68916681854559 0.68055082597497 0.672062050237 0.70881417021058 0.71151520698299 0.70525261896888 0.57070854978017 -0.58925712373135 0.47883384527707 0.68557941716035 0.67969638407458 0.70721388919786 0.71413011950739 0.69146912775129 0.6867155215577 0.70043781918178 0.72301987998907 0.72570952328238 0.72496739405091 0.70768538631955 0.70379475171779 0.65897504792448 0.65286013103426 0.70625044295634 0.7123273065077 0.71651091026929 0.71952505557149 0.71874177309337 0.70711421391582 0.70415864334586 0.69505517229291 0.70202261688381 0.70896792776023 0.71032364674885 0.71246079847775 0.70057536226634 0.68207673941231 0.70298814130822 0.70646722300009 0.70288397405511 0.69263465379144 0.6991336516787 0.69381523869855 0.67608565557159 0.67156197603665 0.67120278880775 0.66607351448494 0.69859242882326 0.69154505601433 0.70246593770782 0.68570766381757 0.70722633742967 0.70314629556905 0.70442314417277 0.68450606265405 0.68326773275917 0.68806243896039 0.67471886060582 0.68512199763053 0.6694607223953 0.6677685043582 0.71828424836301 0.71288879425317 0.71393306423438 0.70966621617617 0.72550025600122 0.72379395660136 0.73482282584528 0.73127287185243 0.73373844599735 0.72763320400154 0.72880324673541 0.70303952634418 0.71021296857827 0.6926334693191 0.73438693083946 0.72975217956981 0.73260644396333 0.75384777683925 0.76059144173679 0.74561307525085 0.7209251740108 0.72488117909398 0.72432881859911 0.73537516614137 0.71241520808194 0.73734613926406 0.73940285493677 0.74149411558579 0.74377219563866 0.74440096395461 0.74717907477886 0.71250720666863 0.71595543610105 0.72553419030551 0.72816410371054 0.72199562681542 0.71026868619241 0.73924048560168 0.72658022862649 0.74946747959088 0.79291268208992 0.78568993316611 0.78275227664892 0.7609221556667 0.79650116877593 0.78782984062872 0.78872270113376 0.77370261883835 0.64286361351324 0.63875861364628 0.62493690009824 0.62718651976138 0.63306842842461 0.63563758489906 0.63084890700421 0.62893895571368 0.62320251180463 0.62386741377432 0.5652548794298 -0.50606388796149 0.63292232374425 0.62717704390799 0.60340001340441 0.70168422479002 0.69293961040233 0.69696171530644 -0.50228201830453 -0.49397614683197 -0.62577535635792 0.62159772141747 0.63273116928021 -0.6625820381114 -0.65187822682159 -0.63956615980821 0.61752949109565 0.60925030332797 0.71012410494418 0.70672528787753 0.64724678635787 0.63829747007069 0.64427749609865 0.54202501661875 0.59558761766822 -0.66681503448138 -0.65923199226729 -0.66166337801737 -0.67444829798872 -0.69454345088847 0.52616810069378 0.63280520268516 -0.6654380078975 -0.68613281740598 -0.69704470746163 -0.68766957498026 -0.58276669366779 -0.6851106867473 -0.68734664153945 -0.69793681716529 0.67494861181918 0.65833373632483 0.66812396584804 0.55086461558331 -0.7044691023554 -0.7100365139735 -0.72842507069505 -0.71387759942163 -0.65957820396399 -0.66517684492683 -0.65958582089471 -0.63215759331092 -0.63345576045325 -0.63325146759763 -0.67608812935722 -0.64685650061541 -0.66292817927226 -0.64162064828858 -0.70564033720782 -0.6836192947141 -0.68110481085839 -0.68795763463114 -0.67137059258761 -0.67098539557495 -0.6994487706813 -0.71761837495224 -0.67836146992579 -0.67938432569486 -0.68797043442043 -0.66911952012836 -0.7125499349472 -0.57365453814925 -0.66699778783334 -0.66650229641777 -0.65886947758814 -0.56544368798719 -0.61742129729088 0.61499724592955 -0.58912548109122 -0.57437946709378 -0.61930689802403 -0.64715039113891 -0.65072373281997 -0.7287538360827 -0.71217639129209 -0.67260572263614 -0.66930189578665 -0.8108647311978 -0.7796313636486 -0.809592162718 -0.74304544307825 -0.75199471443742 0.70079554028422 0.68312332833367 0.71494474157243 -0.61086905646486 -0.54498298745004 -0.53867022551534 -0.75095778416283 -0.73781271268193 -0.78856406247278 -0.76345859906545 0.62619687479874 -0.56942307633084 0.57339920057493 -0.64726674856343 -0.64470625829831 -0.64627867817829 -0.66454933579106 -0.63197235921714 -0.62933579301992 -0.63009698229558 -0.7706432387312 -0.7244128503502 -0.73790401482542 -0.62817887529351 -0.64561950768256 -0.64203431407918 -0.64405827167018 0.60021838487135 0.44912772128077 -0.59693607327226 -0.65969374118897 -0.66265377855724 -0.65374156262225 -0.64570626870035 -0.64178362924715 -0.64297594672492 0.82739129574968 0.80209908125928 0.82878949501443 -0.65321103192867 -0.65320366557955 -0.64903199154876 -0.66248797877042 -0.63373726631525 -0.62773848419869 -0.62471580708419 -0.65831302222184 -0.65425727043064 -0.64009190637371 -0.62666469499253 -0.6541947078104 -0.65076107605504 -0.65570766877352 -0.65258340888332 -0.65549838687805 -0.63482552278912 -0.63623965102716 -0.63298035510295 -0.63153431108727 -0.63357077418458 -0.65176634916813 -0.65691947500228 -0.64972583488646 -0.64776904774878 -0.63433460429278 -0.63608838827757 -0.66474915109242 -0.63769213903365 -0.63914055959456 -0.63593380180755 -0.64658966282724 -0.64154770846588 -0.64361984883699 -0.63955951930226 -0.6429395822128 -0.64571488849385 -0.65609369499935 -0.63858372534673 -0.64057595001655 -0.64221173085762 -0.64881895902935 -0.65234198341531 -0.6373262566694 -0.63948208578279 -0.6372435462713 -0.63406075697595 -0.63206678231724 -0.6252310856258 -0.62341817972233 -0.6295777172149 -0.63596757633568 -0.63460468176145 -0.63369062038343 -0.63817475876983 -0.63744713316765 -0.6398374832951 -0.64269371537402 -0.64283642867451 -0.64086749269661 -0.62162518730323 -0.64115337735905 -0.64174889955933 -0.63122569536361 -0.63357137833288 -0.65008235683097 -0.64926974400129 -0.63839653827888 -0.63641370363381 -0.61330009163034 -0.62511335374153 -0.63875734089004 -0.63251717596921 -0.63259036923843 -0.6354677111105 -0.63361799533689 -0.59796938273821 0.47981477501027 -0.64850730602115 -0.63637884177386 -0.64938049470273 -0.6465420377703 -0.64811994800295 -0.63186507072883 -0.61928827793246 -0.58011529155117 0.61232858539487 0.63497621110413 0.62524020245389 0.66078678212869 0.67771594959846 0.7631950649461 0.77955855503467 0.77132380861504 -0.62485303049384 -0.59787131897311 0.68576854819132 0.65532453259086 0.63952386320405 0.76725860422922 0.77116441386507 0.63531872110655 0.67510791877183 0.68932863995962 0.70084820038832 0.64558227451342 0.70702332032057 0.66273789139546 0.6826870026478 0.65951079423601 0.65655667556938 0.63170084282136 0.67196029871413 0.65339769148866 0.71813815992313 0.70826605778417 0.71617197516903 0.71355185212128 0.71736574207133 0.67468506764966 0.66541641785736 0.73181768918467 0.73073797047115 0.72293531390263 0.57287599274346 -0.56893677038552 -0.55203416030407 0.65974327945914 0.70325753899636 0.57684203906733 0.80910501978278 0.81388019876325 0.80125260098929 0.71778813471633 0.73553765619828 0.62438648837698 0.75882604907896 0.77800534137846 0.73028638053382 0.68678696830502 0.69241148763715 0.64963531520461 0.84728511077218 0.84110942015742 0.81478827580545 0.76769524639608 0.66622582033997 0.78691160129561 0.76953976606596 0.73049771680615 0.72611487302673 0.7844452368952 0.77585110562763 0.79231475103044 0.62892419461584 0.76937506070324 0.76010660984162 0.76691600184939 0.73593628349124 0.73888358680007 0.73522379010278 0.75447547723035 0.75205403398711 0.73052989268918 0.72134803002909 0.72427669393764 0.630206457091 0.63912899831399 0.66110622855994 0.71808394906258 0.72685552557937 0.67747103255591 0.6405937706157 0.69978862734719 0.68295582287565 -0.56437618586083 0.57242749612812 0.58348644743211 -0.61501867310356 0.69229535866741 0.68877117651978 0.71046194226483 0.73801226262164 0.74021825954546 0.74415426537409 0.75760246958499 0.67654123611092 0.68645422775687 0.68475636120243 0.67947914686105 0.69066692038677 0.68386624652906 0.70046569444281 0.73641782530495 0.71049318408189 0.70194879998685 0.73987447621094 0.74313970415329 0.71715308754705 0.74772967436194 0.77307390470678 0.78045203777826 0.74744898556313 0.7222372222933 0.73388903789046 0.72750385998395 0.73991380000956 0.74820603346175 0.75502739838228 0.77005644582938 0.77739779712477 0.76455517766647 0.7638749029164 0.7572034365853 0.76535506748188 0.77405568638366 0.78333332594168 0.78565008670532 0.73088184138492 0.71557787675222 0.74089877911403 0.74212874784997 0.73586856757349 0.76053624557771 0.77271289315288 0.73726076287995 0.74185142827761 0.77062836306457 0.78401004720503 0.7860158538463 0.79474106918898 0.80324133835385 0.75274245229299 0.76128324453164 0.83800113167408 0.86936019550505 0.86280272246613 0.80035350503599 0.81141166970397 0.81021649275221 0.82051916845569 0.80877595092502 0.86563970236215 0.84880287893648 0.86652421055075 0.86620597028349 0.84677833805376 0.87018887156332 0.79197747235818 0.78799611948362 0.80018804695708 0.83520318293489 0.81867399016565 0.83326236923845 0.81483927786979 0.84789397780806 0.86560060945713 0.83613930318474 0.83501976496908 0.83956715769735 0.82566673392553 0.83269160634441 0.80368873958408 0.79409375121963 0.79889537096667 0.8136534758482 0.76146873080674 0.78206590435805 0.73976507001449 0.8093438142488 0.79108032403853 0.78025030839211 0.74339434180284 0.79003351487756 0.75110649648107 0.75180339004402 0.75384451835009 0.80081195818053 0.8048260036065 0.88665525664963 0.82564993459453 0.83306692157518 0.83330964969831 0.94265417357042 0.92505056008384 0.95125918142547 0.90131835661141 0.85435397547324 0.89676080047913 0.73952442375987 0.74233170942134 0.74335861242795 0.73656054341604 0.75481779454067 0.73506917961876 0.76552831926708 0.80630918364402 0.8148034642655 0.92440792887627 0.95179279285604 0.8400052251682 0.85100383167447 0.8589055159062 0.91112947204868 0.90399153839728 0.84312568142664 0.80900757995242 0.8462440612253 0.78067572047923 0.80594379687186 0.93186095991602 0.94820917345961 0.94813921518896 0.85859050027901 0.90221174751143 0.99218307430443 0.96448977582556 0.97312756940678 0.83399459406318 0.90465311669374 0.94917057136048 0.92001708075152 0.83907085571528 0.88516864020339 0.8600274679204 0.76429894987463 0.86580066970403 0.90498512159384 0.9328202571369 1 0.97545506733055 0.90810213621752 0.88031950074829 0.98293346502926 0.97071620296455 0.85755018740536 0.91223934577476 0.90742541486346 0.87830811076628 0.89336975164074 0.87878983768447 0.90215299654389 0.96427821579233 0.97808398964185 0.98089429954639 0.99577211430144 0.62366273495509 0.57564389091069 
SCALARS mn-pot double 1
LOOKUP_TABLE default
0.63309659868549 0.63305969450904 0.62796378679877 0.85330188333074 -0.56223780113772 -0.56223694142647 0.93748335644674 0.88751019541865 -0.65951922160603 0.6703859146267 -0.79477910806851 -0.7951529672002 -0.85411105775597 0.68366388210519 0.85879173397984 -0.85505185954738 0.68406163283497 -0.73006933850565 -0.72990036761747 -0.69464863949762 -0.84303140178998 -0.84241075960833 -0.53912583125523 0.76353153900027 0.76276256037598 0.77855054803161 0.77823595871408 0.65078080535874 0.64489109250655 0.65910070904604 0.64198752103098 0.65065773036725 0.64744639188757 0.664890672609 0.64639302644454 0.63935721556125 0.6567159867072 0.67084025453128 0.63804259437882 0.67434491265652 -0.76281163945966 -0.7627798070939 -0.69091041389279 -0.69144543101584 -0.92640934740502 -0.89044595514454 -0.81580045531306 -0.81600414382346 0.82621932023308 0.82339428138718 -0.79909297296442 -0.79987213335479 0.7206237126 0.71884928755771 0.82943382089012 0.82884204299329 0.68175767001474 0.64776150419258 0.64858472165009 0.65346180219749 0.65434474297338 0.63656175012616 0.63574895450479 0.67745313916468 0.67917450348892 -0.74682154120308 -0.74688409833775 -0.77779133589533 -0.77780185241 -0.71357665651273 -0.71299717475244 -0.57068540734316 -0.57062823640118 -0.86577628071793 -0.8636004747992 -0.88001762052137 -0.89173181906235 -0.80531552719786 -0.80490698448826 -0.82779944071152 -0.82748164319509 0.80282420043796 0.80178397461111 0.86397461549137 0.86695316555852 -0.83279732853945 -0.83296559110125 -0.76311248874667 -0.77180913960863 0.75101950832152 0.75174125042136 0.69589832349441 0.69684510189203 0.8057680058903 0.80527196802346 0.85905087970645 0.86227779337772 0.64745794555495 0.64627724298816 0.6463588460844 0.64423563860714 0.64531675791499 0.64473001412524 0.64201320783343 0.64349562899555 0.64358163579257 0.64312970127513 0.64490570174359 0.64657329865415 0.64533997774898 0.64129483835293 0.64687209185788 0.64771309688445 0.6470930973293 0.64916969068391 0.64396289404885 0.64265119706455 0.64935176292553 0.65003745597374 0.64860284177033 0.64078172471052 0.64974563625191 0.64872561056346 0.64793575721635 0.64819721096334 0.65013318103435 0.6493692222542 0.65102204996349 0.65137509509961 0.65236652855216 0.65204373383406 0.65268860062266 0.65433331665955 0.6565409498658 0.65502310379894 0.64965869141893 0.64176692551924 0.64063070923313 0.64784473174189 0.64126769846847 0.65009581413484 0.65204999917286 0.650701553265 0.64977969537956 0.65107198441231 0.65156208270104 0.65307051019373 0.6606514737093 0.64000661974745 0.6384033471372 0.63962675799328 0.63911993148792 0.63806800399921 0.63994207645286 0.65305001929967 0.65536127976511 0.65605195946728 0.65795365368874 0.66008321288167 0.66473316364099 0.66192826236927 0.6627545172339 0.63732063038521 0.64132088525266 0.63735260500755 0.64242511011486 0.65500669571663 0.65361948495735 0.65205034397005 0.65618222980324 0.65331860662835 0.65158765832394 0.65106621572098 0.64922225171241 0.65002441206092 0.66212031648363 0.664786840128 0.6676471193958 0.6693990282734 0.66707982258361 0.66816809069767 0.67079307674856 0.67423546283921 0.67183540074564 0.63198302397726 0.6402733286478 0.64092109202115 0.63915441353524 0.63695462471649 0.63610712554445 0.6348845616645 0.63454659235124 0.65351872585525 0.65463480243782 0.65745161074833 0.64691626234353 0.64334418375485 0.66302379920356 0.66811085713183 0.67598466220243 0.63676913274459 0.63830937818867 0.6384708210371 0.65936571962409 0.64867543657785 0.64452564331522 0.66579257246886 0.67208059540178 0.6689300301231 0.6733930429015 0.6785248642915 0.68052519928395 0.68147248367436 0.67680988691608 0.63740012116763 0.63274700263121 0.63541633660448 0.66093802293374 0.6503431941306 0.64942931797181 0.64375588975619 0.67562436363472 0.67244504695331 0.68387435952421 0.68921914400383 0.68996301215767 0.68625839643965 0.6868530902414 0.68818736963983 0.68382327582825 0.69235850963615 0.68678464913036 0.63293156907281 0.63621855719146 0.64896219785593 0.64811905229991 0.65088864523735 0.64791373647653 0.64643212676758 0.64702867598468 0.6428675309605 0.64746629888341 0.64129373442717 0.64668887859919 0.64621957151982 0.64519223356062 0.64407709076766 0.67868056723384 0.6450428420637 0.68167086307203 0.69257508324811 0.68999112770351 0.69318735614454 0.68498164052265 0.70454116326315 0.68936531314005 0.68501252420136 0.69233473355629 0.68620409011424 0.67967592737992 0.69337030682954 0.63392844978315 0.63416117061335 0.63468090456893 0.64801492593584 0.6456173916848 0.64687611152981 0.64718998312938 0.65487699168134 0.68491190409207 0.64851394172751 0.68130303615648 0.64461931551288 0.69051529930807 0.64627764180289 0.6459387765931 0.64739164664931 0.6790061406667 0.65292909096222 0.64542266262165 0.6760749300579 0.64274001046353 0.64340404992085 0.64741848124028 0.64557824618366 0.65963017760585 0.64668826653732 0.64616538398885 0.64478973742462 0.64645398487813 0.64505586088187 0.64544118849719 0.64488096376205 0.64430066192947 0.64279638634775 0.64285987315904 0.64205499765972 0.6420545561429 0.64220611197797 0.63651568105508 0.64234396023841 0.64101907651803 0.64325082066508 0.639340878784 0.64172734828287 0.64577446926943 0.64406589600679 0.64585026332744 0.64470086296561 0.64380427657843 0.64488699135932 0.64421547045786 0.64519317524609 0.64434016687837 0.6433081534158 0.64413625332478 0.64597355051787 0.64578714491725 0.64281133267426 0.64309787456024 0.64220842722896 0.64347403648459 0.64316831415658 0.64223685481067 0.64366796175876 0.64279900954614 0.64379235585625 0.64238278702058 0.64334831042118 0.64290954105689 0.64378025054349 0.64374781393198 0.64418155051733 0.6428203986707 0.64426581840217 0.64474497014572 0.64226240176434 0.64151434886285 0.64170593077976 0.64131790924117 0.64006424873368 0.64043071288513 0.64373019659764 0.64325874813886 0.64483795490316 0.64203200371409 0.641995074467 0.64076799271874 0.64153162377278 0.64107778167229 0.64139198767733 0.63994385930791 0.64081285504861 0.64027538882408 0.64047529261307 0.63931190458194 0.63883911738793 0.63888519249965 0.64018679192791 0.63929691748312 0.6377034926891 0.63807336263108 0.63907054243885 0.64140500870965 0.64104466659404 0.64124417300016 0.64044116101767 0.63979499625486 0.63608569390734 0.64021576317222 0.63880446832968 0.64059926058675 0.6400009298383 0.63741893039783 0.63739791431656 0.63831814881987 0.63247257605553 0.63570606865056 0.63759596139554 0.63692529059662 0.63461830058036 0.63242257519284 0.63643113585673 0.63428743991969 0.63602134203676 0.63586460911534 0.63328519613108 0.63405590817184 0.63403559178915 0.63410088729223 0.63543872001326 0.63038486425324 0.63305052484804 0.63128633680042 0.6326743183501 0.63259114634215 0.63222233842324 0.65859970441487 0.6330836166955 0.65724165612493 0.65802848595616 0.63879336860336 0.69593545282329 0.70673078478948 0.69623335088645 0.69947382310653 0.69610462092313 0.70098666046353 0.70018202086482 0.70508386045337 0.70494835421627 0.71180835368513 0.71496575114667 0.71332297688498 0.7334347043039 0.73156963464079 0.71966005701899 0.72713592448348 0.72531133951233 0.71680472727726 0.73537187974426 0.72327774101501 0.71372298825713 0.70948097988401 0.73051961879504 0.74170908267127 0.72730425753159 0.69667094684307 0.69005191481189 0.69993187979449 0.71559796374672 0.74291311867351 0.73633794437144 0.7317291292309 0.74589246698244 0.76486508203451 0.74415800071461 0.69678750581792 0.64810405350741 0.64893520089974 0.64683033405191 0.64312457486331 0.63576373187618 0.63644117368519 0.64561756172533 0.6461858656832 0.6725546370206 0.64991495161698 0.65050339684794 0.6482830679344 0.64928225837926 0.6485885172293 0.65010124413895 0.64966489222477 0.65138605306242 0.64917454159214 0.65289143353538 0.65115381227949 0.65146575997798 0.65187294531874 0.65190341863017 0.65290460988956 0.65442528180263 0.65620920299915 0.65360337238128 0.65287656446965 0.65318510457792 0.65484179961385 0.6643841812304 0.65318762827125 0.65422684888075 0.65597570062323 0.65704307961526 0.65685296762771 0.65896424557364 0.65557235473247 0.66072274770383 0.66016331508919 0.6576662655003 0.65847330682875 0.6545391883969 0.66326710130748 0.65610526413556 0.66266391320782 0.66023725243593 0.66039537209712 0.66098043299689 0.65887579141569 0.66438764178293 0.6567491333818 0.65849491794563 0.65619278642336 0.66123592629995 0.66018142505794 0.65855601867556 0.66271494736123 0.65445223818599 0.65516362057821 0.65492102085226 0.65433270244616 0.65668517667788 0.65792442392865 0.65771525591636 0.65836623375657 0.65979708322398 0.66589088490892 0.66738708814969 0.66522823441689 0.65384026973698 0.6601787482711 0.6624318599004 0.66166610410947 0.66338154885869 0.66575567692951 0.66376070253868 0.66829785116262 0.66536478587227 0.66909656269829 0.66022137995534 0.66509919248199 0.66116351555172 0.66283667424639 0.66315334071325 0.66168112160606 0.6612916239279 0.66487221647979 0.66254374316254 0.64274336220895 0.642831684319 0.64400396286774 0.63839883767101 0.63734213093059 0.6371882504935 0.63602934167741 0.63795666237537 0.63566693149322 0.63420892192001 0.63420457588091 0.63473897097991 0.62927044332121 0.6302492985788 0.67777582090829 0.70721160821557 0.67483535742589 0.67653303892602 0.6770810560198 0.67393045711591 0.67810445375043 0.68115295687373 0.67455731928558 0.67224570371889 0.67184049911083 0.66951000277194 0.66913234033254 0.6669689664427 0.6671176265825 0.66571736956467 0.66421736621695 0.6635762892346 0.66760514090709 0.66458872020655 0.66620259747325 0.66560075699969 0.66708810571917 0.66853252541755 0.66700981563973 0.67599790891435 0.67071303762999 0.67705541367791 0.67474292133948 0.68101122199517 0.671315265476 0.6747436531365 0.68113277657391 0.68227071299444 0.685270184152 0.68253610176982 0.68000525837605 0.68590946260191 0.67742080750083 0.67984140808985 0.66493490578765 0.68319768189887 0.68555648181456 0.68840507361412 0.67520196671367 0.67267599765133 0.66940729142555 0.67795069860182 0.66835391959352 0.67313926808415 0.67281861071529 0.67084912135231 0.66945790703324 0.6714597725779 0.66869263402096 0.69600644552964 0.75281694698573 0.67018397800824 0.66926839312235 0.69344328267929 0.68486748218649 0.7059645191081 0.68410697345818 0.71668510986022 0.74420972240606 0.70727046841266 0.69593531117643 0.72353275843964 0.70419960630861 0.69506816664146 0.70946380805623 0.68905828966774 0.67076662093671 0.74662754268876 0.68754704202266 0.74069398126185 0.73229603259583 0.72638219508798 0.76486812175721 0.67941356036109 0.68003786664331 0.67231844122822 0.72843434420764 0.67653370467914 0.67143211260039 0.67586171513432 0.68659378546427 0.72221059907452 0.70282484111089 0.75027327786106 0.67400151483063 0.68934601140115 0.68397638211277 0.68145698445268 0.69615270677081 0.67536991575362 0.67967983832173 0.67106722451041 0.69022932220676 0.67252957202988 0.67327424609494 0.67411222839973 0.67141042044275 0.6750390110839 0.67285298773255 0.65782377656212 0.65693784501487 0.67016401413343 0.67105000578909 0.67344546068465 0.63607310242732 0.62985879645543 0.63077869383424 0.63020980524936 0.63139257691084 0.63158911346104 0.63283852448518 0.63142694499607 0.63307464302565 0.67594154483655 0.67207399123779 0.66432078722941 0.66904541092149 0.67025997256055 0.6721045833861 0.67303717721986 0.67241844881262 0.67240690728999 0.6707381390364 0.6740032349144 0.66908295281084 0.6751682058329 0.67708354652517 0.67447249105246 0.67779571775107 0.67934029395324 0.67685056031013 0.67921949124578 0.67522565441069 0.67911022528083 0.67532389192013 0.67613958273517 0.67608636145438 0.67788610037868 0.67687731779369 0.67964865670592 0.67846414185915 0.66760836527799 0.6821651501702 0.68021516443838 0.68022297505798 0.67081216096011 0.66709780572462 0.66702565869945 0.67973951575225 0.74194195779374 0.7554660626139 0.76440286723647 0.7778518517217 0.75620080833015 0.66744600906045 0.69060831948717 0.6657398650055 0.67104774915725 0.6713927231104 0.74607723970251 0.73705133849504 0.7130154574614 0.74801351594208 0.66939349765045 0.67458426357039 0.67899641524571 0.68483144308107 0.68358798641202 0.66551376409071 0.69109478026111 0.68258556248915 0.70021492554851 0.67634631862509 0.70763367756991 0.72229408649391 0.72210590110274 0.66937336154284 0.7298162440388 0.69691895791872 0.67819610041728 0.73280238522175 0.70647499395592 0.71153114713201 0.77117677092232 0.692985456059 0.69541129304675 0.75391262492797 0.74887457006924 0.78022715444969 0.73835862067111 0.76858639166303 0.68590616634123 0.6807272075978 0.68411270112874 0.67418142921548 0.66634948910729 0.6737134242424 0.70905255526785 0.77104645142816 0.80278998113964 0.69868769632432 0.68661077321117 0.70666235989546 0.72262579243537 0.70929795725762 0.69926725419367 0.72011690005067 0.72087955426389 0.73906278131292 0.6806076998784 0.69321151948992 0.68634360191992 0.79024583316769 0.67307633762872 0.79542787147953 0.79416854693839 0.67885030629722 0.68093991704856 0.6832855488543 0.67893691951197 0.68803819937815 0.71415221065773 0.7102955012201 0.67345366047112 0.67380584344348 0.76566035340385 0.70403627646894 0.69315263199947 0.70797387558675 0.69557544913848 0.68165161949105 0.68670154139966 0.69233898999034 0.82008295242769 0.78326711617849 0.76924921241541 0.76436266004736 0.77649521647554 0.74762840641038 0.79011888845071 0.76676520747235 0.77530592991657 0.78315398985923 0.77106939275824 0.78417131827608 0.79271941647634 0.78945643280218 0.78668665128873 0.77151815756213 0.79588622858756 0.80078666685722 0.79490878130048 0.81657404380648 0.800403586316 0.75425384218821 0.79936549856728 0.76129438310482 0.79310371859422 0.80970143607656 0.80270726679682 0.7997660435639 0.79638885659298 0.78769579001817 0.78567845527265 0.78046930435523 0.75803862179964 0.76549532526313 0.75508818975279 0.7619129205982 0.758718339276 0.77031606840171 0.81712750731274 0.78596628029669 0.77026173863878 0.77209278293886 0.81113636412485 0.80852860334195 0.81418002086165 0.82121113499447 0.81155139923968 0.82239704114635 0.8179362914949 0.82466577865759 0.82124455606691 0.82795780712426 0.81110871885936 0.84272197032655 0.82878981926156 0.8229333285733 0.81126261160301 0.8009894029643 0.80472312956863 0.7841988078893 0.78593676308934 0.74666502194713 0.80601357146536 0.80672906750824 0.66804133670419 0.78506661934019 0.74830882451568 0.81439450844121 0.68715952907842 0.68537170399709 0.80539871335819 0.7477001321801 0.72493703308001 0.72282585855413 0.67767038220466 0.72189117335963 0.70020878518007 0.68011662124895 0.76368391034422 0.70739417452767 0.69923596219889 0.69139692683354 0.78637890912913 0.75838675090832 0.79410948928615 0.75549375560736 0.84133457893937 0.76740144497347 0.7256229356914 0.80492632121186 0.82290702692066 0.84364132034369 0.68113708672405 0.68468777682199 0.6845314943146 0.68575322458078 0.68327617815604 0.6788358866624 0.68895039980033 0.69183635098131 0.70485118044433 0.69919109072028 0.70890353716441 0.72063276303875 0.73019413045422 0.68582090423348 0.69963206172996 0.76916853316849 0.7047565506044 0.68917354535968 0.72480178011787 0.75150944611785 0.78765701449535 0.83275392434424 0.82844574555756 0.67480052745849 0.72012255324059 0.86955005959949 0.67638060908832 0.71378261976631 0.85304844157154 0.86329466948177 0.85805327951713 0.68734076905973 0.75941594224591 0.83794216119701 0.88001737255363 0.86022411856345 0.70101931183874 0.69179349952918 0.69652696575545 0.68738187449747 0.68110831399812 0.74943983191203 0.77780988208528 0.80701949886541 0.80152018281007 0.81101012949307 0.83954374742895 0.83393785187425 0.85211299512024 0.83105794016517 0.79383705228767 0.87249650608178 0.68042614412042 0.67741558617501 0.84688082627374 0.86825853057521 0.88806986630481 0.67249165235895 -0.6404669095065 0.68285940879677 0.84920106588728 0.83085280443113 0.87397591447161 0.8151130308918 0.86937932903473 0.86290554213113 0.87651281702442 0.85875078908562 0.87695611900022 0.85669724751484 0.84170563925015 0.83787114438766 0.8325656876946 0.64042765528828 0.88764233570217 0.82732397035467 0.84473875282723 0.82072562502319 0.82597049067023 0.67447007959336 0.82388006112683 0.81257773188379 0.82064859812721 0.82156273755605 0.81706687098249 0.7948443412559 0.68485073357003 0.65928926551025 0.70405231404462 0.87449836952834 0.89494659252539 0.83336345786361 0.85554661654284 0.79540723687814 0.81841826976319 0.7836321464363 0.77195305979001 0.66862364724657 0.80847643790262 0.7660596141659 0.74690937197329 0.7764127121672 0.67174953376637 0.81235356145577 0.82190100325564 0.76651769085467 0.77498005048919 0.75907666412385 0.78094965475482 0.73370204530654 0.76758257284321 0.78864134734852 -0.67295455089337 -0.84558634113189 0.7268924165283 0.75366089910621 0.76612894979868 0.71983622100298 0.7532982086281 -0.72638946061486 0.64506639730846 0.68191040989198 -0.65256407233254 -0.69977857944991 0.73262473168598 -0.7800026156565 -0.79240965253341 -0.76028170098821 -0.77982022094362 -0.78847405365501 -0.6830553670328 0.75735692468246 -0.61238967486597 0.63548001995147 -0.81776215909504 -0.85378657303656 -0.79228467048506 -0.80477341047422 -0.79551448992128 -0.7972246324795 -0.78991520894743 -0.80091919222999 -0.80952875722589 -0.72627473916691 -0.83460104991662 -0.8206953682156 -0.8590251164644 -0.81207516670593 -0.79634087298285 -0.78476641284046 -0.8618633248897 -0.86520454953524 -0.38761153208616 -0.84655105494549 -0.84116244913081 -0.82253815987703 -0.80400285620777 -0.84995197105737 -0.71524394534576 -0.82843943918531 -0.86212107083473 -0.81509684610427 -0.88059347938273 -0.8708738767815 -0.78876954824031 -0.80553579107423 -0.84556003786515 -0.85575239231127 -0.86824364313172 -0.83950945015971 -0.66272617695674 -0.84573376342534 -0.56047029052234 -0.86796111216437 -0.84194690015045 -0.78468154656417 -0.83870718972886 -0.81786942041601 -0.86764768315242 -0.81671564238012 -0.72683272608037 -0.82446666249314 -0.73590632144701 -0.76447801864734 -0.74683589184176 -0.75382959083281 -0.66701506643564 -0.81195691030505 -0.81629306739954 -0.78513481414561 -0.73605164566881 -0.75888950989114 -0.64219234268497 -0.72871692492923 -0.64288281883449 -0.62003768929356 -0.79649851637505 -0.54475292456403 -0.6921781549408 -0.66525487114274 -0.73348476305731 -0.50894124421441 -0.6218335024804 -0.85019584775695 -0.84020554658213 -0.87590719015358 -0.86017581261556 -0.57650939130356 -0.37900026218748 -0.51584193743802 -0.4398131154873 -0.41823923014705 -0.44536944749933 -0.38165952865301 -0.39321240187656 -0.38934756529316 -0.43411362175237 -0.40362886914403 -0.39932419367739 -0.39396466699452 -0.49934102995451 -0.4674897322734 -0.3851729062982 -0.38378762652141 -0.40417768386547 -0.4080614041061 -0.38782730951519 -0.39471468672402 -0.4031943692967 -0.42752737617702 -0.51547809913177 -0.42468814964961 -0.43281201269768 -0.39188427961542 -0.38019374660505 -0.38491398129325 -0.48628368949888 -0.39576113735158 -0.38301865903648 -0.47138039753586 -0.42860254880732 -0.59612447182684 -0.53567876104551 -0.53296525725514 -0.53751758557157 -0.60087883663252 -0.59303480166091 -0.69200660179113 -0.67502482855194 -0.74991953655208 -0.70593359502542 -0.39479083085395 -0.42520069200971 -0.41264349039504 -0.42480890597319 -0.65514698357748 -0.66165232245751 -0.67110059956675 -0.61817282846071 -0.75297109745527 -0.56942338271464 -0.51779674696642 -0.37900010488937 -0.45363531211171 -0.60172604955947 -0.64591090755973 -0.59263543803249 -0.38480258783839 -0.49020224452083 -0.44181725960303 -0.49591914360186 -0.43928347777897 -0.5224446960878 -0.39488061750219 -0.48842572856016 -0.48395986232371 -0.54148223868052 -0.51016913752467 -0.59780401783629 -0.5915436066806 -0.58994527176612 -0.7259349209033 0.52419364785206 -0.68470339149808 -0.61967830905851 0.64173847810816 -0.66660785916342 -0.51348040515373 0.47989596954473 0.56850835928783 -0.46508873561958 -0.53621934111965 -0.53415142494054 -0.56668832035821 -0.60661658965694 -0.64759551899114 -0.69589214895018 -0.71149319589177 0.48994368645674 0.64069201306239 -0.54199973212093 0.70915165001967 -0.60112081627233 -0.49632003719262 -0.47921325787403 -0.69567971860379 0.65159853332765 0.57338362745394 0.56710599652918 0.64589537267879 -0.67707113140461 0.73701229098876 0.83057123766868 0.83885867395671 0.84941547659336 0.83457384106683 0.84171404845809 0.83536486577067 0.8313215183977 0.8438412039277 0.83256070409971 0.83962451995062 0.83623729229492 0.84951942585534 0.85046510311645 0.85220865545361 0.68174989057217 0.6810268700266 0.85013777222675 0.85278833465332 0.85640963823119 0.85946563255106 0.86922879274041 0.86706945870921 0.8990936882055 0.86709732640988 0.88087611668193 0.87625594924715 0.90691177935735 0.88134948903562 0.90968431580742 0.95314307323549 0.77580212326169 0.74357122668957 0.81557337091978 0.82008509002788 0.81272825633149 0.77473750189366 0.78376526137514 0.79902101393689 0.77490970052623 0.79614319048421 0.75579432615997 0.79924635813605 0.78994057451472 0.75407083573204 0.71914088129777 0.7531291290671 0.77271579572422 0.77389487156638 0.76014113225387 0.72798242748337 0.68625214427969 0.71547606854135 0.74290453417298 0.57435231877238 0.73624318795426 0.71866031681676 -0.80957951055408 -0.89249504853555 -0.91952429715412 -0.95227022935137 -0.90120034397498 -0.8730951105714 -0.87884979364778 -0.87113426723289 -0.88496076201562 -0.88028141650054 -0.87638322702091 -0.80498714090092 -0.83044955798149 -0.53890386778278 -0.60932376998963 -0.58464525767552 -0.76725616997664 -0.80156260599125 -0.78883812414902 -0.84893446437979 -0.851285323369 -0.8575805416957 -0.83105298053346 -0.86503118147113 -0.85147527486688 -0.8613160713138 -0.85192302476467 -0.84215190075485 -0.85576375718937 -0.84638023916731 -0.83977315020076 -0.83108323696617 -0.83491426673517 -0.85853009775359 -0.852895931741 -0.84851630692985 -0.83925543289873 -0.83054783417223 -0.84742630207957 -0.83518471510232 -0.83137084416878 -0.83887081894544 -0.69202936474945 -0.71656460412833 -0.6778086487257 -0.50690924887559 -0.55830108659223 -0.69975692178503 -0.61007071420577 -0.6493190037405 -0.6128443708947 -0.60634823032148 -0.58119457929032 -0.57402181958959 -0.61253017251084 -0.66641805554766 -0.65592102110885 -0.63879469529898 -0.65073034919374 0.68580839701235 0.69157921493825 0.72619650932185 0.73845513628453 0.71687212978783 0.68305252457881 0.67907981221573 0.74734957679017 0.76626838502831 0.79076267059493 0.8027807283834 0.81987999081747 0.78014213080447 0.82581454536895 -0.87426212716216 -0.86825789553542 -0.87243264663188 -0.88436857691247 -0.88002088832672 -0.89333488703022 -0.83474618479791 -0.79241124024594 -0.82443534034106 -0.80524849778247 -0.81152537931696 -0.82656710450746 -0.8217714843509 -0.82653576582598 -0.78989704795166 -0.8235736852611 -0.80501015771255 -0.81393552609414 -0.76457844893054 -0.81402200656158 -0.80188667258899 -0.82101076297699 -0.81885722396799 -0.77199353936135 -0.80817757082837 -0.82104439657771 -0.80353804775164 -0.78635483203975 -0.79758035265173 -0.787818098582 -0.79962295841878 -0.76662347342373 -0.81910176249548 -0.81493139867532 -0.81281475549677 -0.80910971483813 -0.81849851224262 -0.82132035890721 -0.82433101547613 -0.83511334674529 -0.83592012313485 -0.73645670196762 -0.73106385344862 -0.78887969082843 -0.83022834726658 -0.83188923079864 -0.84608966891851 -0.62857779712712 -0.57690426850555 -0.64741061338671 0.77075278849508 0.80664319452979 -0.7297804497921 -0.76824897807401 -0.80556297172899 -0.79886736278318 -0.79045661657597 -0.77664644464262 -0.7922387058841 -0.76171029971131 -0.78376478102665 -0.74667638856981 -0.74461629275416 -0.78226139350635 -0.75608365093914 -0.74198761566804 -0.63739675170824 -0.76173599012275 -0.77409423160721 -0.78513758980888 -0.79059726474055 -0.79003423736693 -0.78683985316483 -0.78254828564417 -0.78696852687398 -0.79765720948392 -0.72930337604689 -0.72102935279704 -0.7826506471843 -0.77774848483187 -0.71109570423218 -0.73361995752708 -0.72444348533829 -0.7136877289681 -0.68067330411673 -0.70362994103421 -0.71295051389713 -0.71366238294597 -0.69755362041199 -0.78417902005409 -0.77874662705699 -0.78401085505561 -0.78162278157355 -0.78039235960082 -0.77532779798178 -0.77415089625879 -0.77904439814796 -0.78978083626507 -0.78576452225658 -0.7938914939287 -0.68371844453472 -0.69546112083262 -0.7585776467354 -0.76433022138717 -0.79945139092682 -0.69682739402701 -0.70863685145182 -0.6764416195419 -0.76829213253549 -0.76635315600699 -0.76053953968538 -0.77310429130647 -0.77457622561725 -0.80166992924397 -0.806220858265 -0.80115595197192 -0.79731626034936 -0.6347701105726 -0.79992583873181 -0.73855822643138 -0.68656279833045 -0.6612698072026 -0.62971277041125 -0.77826247708873 -0.78045717296054 -0.78069154614256 -0.77719807813937 -0.78651208922779 -0.75027680489624 -0.81066246010659 -0.62787988254426 -0.64449945289537 -0.66580444790194 -0.6699081488873 -0.7744091109668 -0.765055650391 -0.81296408730613 -0.7658361054502 -0.81092149866737 -0.79738240743793 -0.80243114323041 -0.77643703375671 -0.77166035743012 -0.77718519971048 -0.76550859150527 -0.76235949440673 -0.77473128291046 -0.77887449189701 -0.77903030081226 -0.77108800521037 -0.77095534302881 0.69159300556261 -0.77091224747399 -0.63693262599553 -0.78180257315355 -0.77634750687191 -0.73740438561882 -0.74476008547776 0.73842028476766 -0.75580091489797 -0.72104076795077 -0.70464816720256 -0.80807015208184 -0.81344630470035 -0.76370171140096 -0.78335911338708 -0.77366361738187 -0.7204128726044 0.77708265508152 0.7845769498334 -0.76664848699708 -0.75664395434073 -0.76820377136718 -0.79015058382075 -0.77459679698221 -0.78616936502189 -0.78935391260739 -0.78170577984715 -0.78054381401348 -0.75197621339796 -0.72650472517609 0.72851085687831 -0.77063684890057 -0.76798998663299 -0.77219741310629 -0.76529339862023 -0.76004717251767 -0.76636630606386 -0.78601416304131 -0.77446851311666 -0.77508615717953 -0.77082716150213 -0.7300387120969 0.82864562255124 -0.68926506224756 -0.56530875178044 0.86239989699485 0.74931853835666 0.77685577130997 0.88301840009815 0.68195780410473 0.81741739326786 -0.77291268569713 -0.79051755684532 -0.78173903008852 0.72090417709177 0.81127147593803 -0.79273815885505 -0.78815934329404 -0.7761068593415 -0.7727850385897 -0.77969799121787 -0.78381520141033 0.84865702863121 0.80687056607058 -0.71160985049194 -0.74705492969882 -0.66606157950467 -0.71492201122029 -0.74423884738032 -0.72996862238236 -0.69291023130221 -0.72150501454391 -0.71314103360536 -0.7303679406047 -0.74126121336025 -0.7548788628653 -0.74190535832662 -0.75283663675555 -0.7613815735222 -0.69020006372436 -0.693337654093 -0.74692264875019 -0.75305684334087 -0.74954129992605 -0.77092877868189 -0.76677226634561 -0.77600821609773 -0.78010421564198 -0.77627899658235 -0.6917046872794 -0.66733696015274 -0.80414076503259 -0.79751092421903 -0.79154995928943 -0.79666734497674 -0.79402299602882 -0.73510699442889 -0.74789111659211 -0.71409884574779 -0.70813920911266 -0.72131459577982 -0.79258914056451 -0.75530791071594 -0.76240443084565 -0.75525434208264 -0.76283436272536 -0.75931577857001 -0.75957914322919 -0.75526070773368 -0.76110158846933 -0.75929348320305 -0.7573260547228 -0.76526240597371 -0.76869589486747 -0.76453319260523 -0.76649138651979 -0.76866671155803 -0.64791879197956 0.70377741468085 0.87751878522927 0.8391537538335 -0.7468248441616 -0.70412081512655 -0.78661504037479 -0.81678581118022 -0.73342383927869 -0.67991648805788 -0.60870063227351 0.75911244858529 -0.58315585654325 -0.74499947341377 -0.74193580121218 -0.7492499625614 -0.75388982490092 -0.75603129752678 -0.75947209196001 -0.76048682132045 0.8232124470006 -0.71015186927318 -0.7189460550992 -0.71648891524066 -0.73975998711512 -0.74552324697026 -0.71361912488134 -0.75053261492448 -0.73305371337766 -0.72953838609314 -0.71742696413248 -0.72192991967979 -0.72837771318676 -0.70260211125354 -0.71414795824428 -0.73287910979732 -0.64246206443113 -0.69238261173333 -0.69337887939743 -0.67276765546954 0.61534988865713 -0.6890146438236 -0.70012303557868 -0.75129015900091 -0.64533278847338 0.80313444944458 0.64784023065005 0.73504424033011 0.60377224124303 -0.63083783588962 -0.67081776923606 -0.66957372874011 -0.63398219977964 -0.68555093367021 0.60256545031348 -0.6730029324014 0.75834017885202 -0.60363477592297 -0.64347432404812 0.70921755635484 -0.68970310447198 -0.68573207659902 -0.68132501646175 -0.69285344075142 -0.6841680430985 -0.69565872275587 -0.69878966504285 -0.74721215197698 -0.7554861291365 -0.68878031247126 -0.70614824649545 -0.69222054930492 -0.69301487699284 -0.74144570496102 -0.73936920941406 -0.74598135276113 -0.73907159430128 -0.72924840964056 -0.69515272919933 -0.70092467028163 -0.6980608621227 -0.71312086037512 -0.69446479718551 -0.69148928149672 -0.70619305741174 -0.71944342756073 -0.72367678665134 -0.73133170039918 -0.71102286825629 0.71917975299695 0.78639211174569 -0.75100399076859 -0.75648679709 -0.75854272386348 -0.6988922407726 -0.720905403475 -0.6930820740289 -0.69415346185777 -0.69399924074471 -0.69614789578727 -0.69517705647077 -0.67328619815945 -0.69404205551141 -0.69628915079122 -0.69862504987474 -0.6976259813423 -0.70012631582013 -0.69836684107744 -0.69558258459201 -0.69698751803615 -0.69762515804445 -0.69651940927625 -0.69507048296346 -0.69625961774058 -0.69500072255311 0.81727974394652 0.83777547937061 0.74911337279637 -0.75287463436532 -0.75335620200919 -0.75582236891158 -0.75063821563264 -0.74835772374197 -0.74722323996028 -0.74594218537092 -0.74444831543921 -0.74840198753761 -0.74272999058558 -0.74059028967502 -0.73814919893884 -0.74770975396334 -0.7504127108076 -0.74546980989648 -0.74257158509815 -0.74326380646385 -0.7441528153718 -0.75316347840413 -0.74112760751541 -0.73795863279103 -0.7351853398192 -0.73394172239917 -0.74261391297614 -0.751076273998 -0.73825053474005 -0.7318859706705 -0.73149673849185 -0.74896530273494 -0.73401571940519 -0.73468890029513 -0.72317174860404 -0.75315854255647 -0.74475465644587 -0.74041839277331 -0.73396380855441 -0.72895362902316 -0.72842489791272 -0.7319563636496 -0.73608650254303 -0.72648596027863 -0.72693758419588 -0.72386426385538 -0.7235206234996 -0.71593603899677 -0.72467067205998 -0.72655368599123 -0.72187870867299 -0.72583497597151 -0.71979274231761 -0.71899440945172 -0.71948173713858 -0.72672689597351 -0.71935120483292 -0.71168100178641 -0.7138037992448 -0.72827558046361 -0.72508624338367 -0.71189210490933 -0.71360878650065 -0.71517194820231 -0.71799271452225 -0.70795118216266 -0.71644761177147 -0.72154678635603 -0.70965692351781 -0.71165772296921 -0.71046857440852 -0.71043190938891 -0.7063876667076 -0.70617619762825 -0.7116910367197 -0.70834847462068 -0.70716973690541 -0.70640226481756 -0.70894823118908 -0.70818077983895 -0.70789224839246 -0.70865898474035 -0.71022564034794 -0.70471798968956 -0.70612715957567 -0.70396298764164 -0.7029090478451 -0.70623469570116 -0.70338319944357 -0.70531873923083 -0.70131161491451 -0.70176960770515 -0.70329279289152 -0.72142717561824 -0.71288307866409 -0.71215151469053 -0.72932627146881 -0.70520675488237 -0.71981728067593 -0.71105885847825 -0.71573064056383 -0.71691196088529 -0.71428006204816 -0.72232482582693 -0.72400769784119 -0.69123868025484 -0.69779473830195 -0.700164783686 -0.70066432432182 -0.69580145845787 -0.69477051286247 -0.69556397698275 -0.69503134583368 -0.69612908227203 -0.69040861838753 -0.69790947580019 -0.69533772101669 -0.69657894523523 -0.69673055838173 -0.69920977272177 0.78542242242862 0.76522676489501 0.81024666308884 0.84751770751617 0.87772152761255 -0.70872349920192 -0.70627136702517 -0.71072944906392 -0.70867396663528 -0.70725741853093 -0.70356644382054 -0.70526556846582 -0.70088749198346 -0.70238250361372 -0.68935781880429 -0.6902802211519 -0.70275941781066 -0.68240677615869 -0.62443315337152 -0.70133653848046 -0.64866357831491 -0.67395000703758 -0.66478084972933 -0.6610175862166 -0.6564372395976 -0.67003303777671 -0.63209958498166 -0.64094734649117 -0.59200437284208 -0.61241890187805 -0.61730016493274 -0.58176418216099 -0.59389971281151 -0.69851845963898 -0.70513154083394 -0.62801737423501 -0.57774181346451 -0.57553002238231 -0.67909367698953 -0.62056164715337 -0.66409972973305 -0.58814136291164 -0.64615500284481 -0.56129999834861 -0.56625371982609 -0.57509164011441 -0.60669751648888 -0.57973399029191 -0.59624359352728 -0.57681808977721 -0.62069922861732 -0.56509306366307 -0.57123811350087 -0.52970975648421 -0.56360663427175 -0.56708710003356 -0.56826237026983 -0.56600338982478 -0.56291157217886 -0.56508551155823 -0.56840092686977 -0.56356223169128 -0.56694035083704 -0.56596528400669 -0.56424848492104 -0.56209756240197 -0.56317707133345 -0.56426262163751 -0.56269014178393 -0.56254289613598 -0.56230932473989 -0.56366271865524 -0.56486322692152 -0.56658311524128 -0.56429509294021 -0.56130988073365 -0.55899860686556 -0.56665999733796 -0.5681791382508 -0.56528578836347 -0.5711507965581 -0.56791045728396 -0.56970311585297 -0.56859059022625 -0.5638926976216 -0.56478658980458 -0.56472694562036 -0.52497772343176 -0.56432235938984 -0.70533218656703 -0.70720632875808 -0.70587261390319 -0.70383226864415 -0.70773095999515 -0.73164799057417 -0.73427023646471 -0.72680986822389 -0.73806496440341 -0.69858148654007 -0.70130421262678 -0.70016778937415 0.84534578426345 -0.70722265918323 -0.65752199761695 -0.55702215742074 -0.54415857523891 0.7162151504713 0.58791059387026 0.45447218470134 -0.68164458686796 -0.46298956856719 0.6118662019024 -0.59178736915662 -0.55820028703476 -0.70332052205882 -0.69367182718149 -0.6982903410192 -0.6951309086942 -0.69276946075794 -0.63025811791069 -0.60545209405276 -0.5983393982875 -0.58679815290943 -0.64651328307279 -0.67018930304294 -0.68155284584832 -0.68338484883811 -0.69443965668976 -0.70122102056343 -0.70358879328453 -0.70118888589239 -0.69751182634381 -0.69536113167963 -0.69835895702672 -0.68873016288657 -0.69257760243402 -0.69272989347719 -0.69196164851708 -0.68957096628516 -0.68145550365383 -0.66696993401933 -0.65833951427089 -0.64840707776944 0.78235810303173 -0.63692634346846 0.62014959788577 -0.67487537027271 -0.68693303441895 -0.67056393136084 0.64359010414855 -0.65250003579223 -0.46445586960419 -0.63278612967217 -0.59018541433443 -0.63931599305844 -0.65645854646735 -0.61687634551202 -0.685940599281 -0.6915971021751 -0.68882674819864 -0.68201476773415 -0.63670721113604 -0.64152135465643 -0.66798117378373 0.64017732097412 -0.69513620013891 -0.69276882801187 -0.69486729120316 -0.69406389804992 0.49670220710059 -0.5518071733593 0.62792075963341 0.62042833825623 0.82873321639048 0.68625865554506 0.71243782520611 0.68338354886039 0.76036317724557 0.64909028101997 0.68750955546127 0.79741453938215 0.75284386012869 0.84115350415008 0.74680269661393 -0.5918487139454 0.73337056460977 0.48177983070796 0.6455487201042 0.69370849854999 0.71896886084056 0.79009427035021 0.81360977392616 0.78995735737283 0.68913069956141 0.7799675680621 0.81495655567386 -0.78781914433529 -0.72975527320573 -0.69934715027367 -0.6811816371889 0.68316427187918 -0.68398503638719 0.66331128338714 0.6625142737438 0.66386364036211 -0.57326769116012 -0.57602185456157 -0.57876252767448 -0.53595638785667 -0.51163124622948 -0.49052897667035 1 0.94083979125035 0.92985234211834 -0.62364487289733 -0.59442246440152 -0.64710435120712 0.67413411351839 0.67498701243649 0.67333570042285 0.78542291689488 0.76877566121415 0.76727367091603 0.66596869706808 0.66485292121732 0.66593035839022 -0.72906057239464 -0.73001937756716 -0.73093092642608 0.64417433000444 0.64482118092452 0.64410468558316 -0.66010852277999 -0.64663940948238 -0.64952981824328 -0.79378397138633 -0.79506475823709 -0.79610172331798 -0.82604294243802 -0.82957777458183 -0.82771740739251 -0.81153807463897 -0.80891403171922 -0.8120760650057 0.78390561887596 0.78289812227303 0.78668969625879 0.81498301091925 0.82608836452057 0.83237787694641 -0.82363110573229 -0.82446702758675 -0.82152344765444 -0.55662307852616 -0.56094060223918 -0.51484732295404 0.68399640753691 0.6853439834546 0.68541817855581 -0.76689931846226 -0.76675771920586 -0.76837936416884 -0.56833852123698 -0.5693710585024 -0.56758279580481 -0.76196073603246 -0.76021858414996 -0.76109999827312 -0.75246079751675 -0.74961210297208 -0.74853155912735 -0.79820529631882 -0.80024372366268 -0.79711488581944 -0.64950639313352 -0.63254659016233 -0.64740580975101 -0.89294918737126 -0.90778896380696 -0.90113817456318 -0.76127798133956 -0.78110077636834 -0.78754482204673 0.82111325751433 0.82185338299911 0.82231193358922 0.76534482189189 0.76004934597414 0.76314054200765 0.77300880795353 0.78373959871781 0.77558151945197 0.7315589677574 0.73505460805206 0.7304459453097 0.86856290150283 0.86495736290402 0.87169831744524 0.72539063226388 0.72388271586178 0.72211444428488 0.64966995780288 0.64978485376154 0.65024055539592 0.6506821605602 0.65108423830551 0.65041672374451 0.63883090993924 0.63925443793828 0.63873176728312 0.64657475715034 0.64730712054095 0.64699483302021 0.6530803246907 0.65349407885565 0.65390515206329 0.64354934028636 0.64414665505865 0.64946151803571 0.64895007815463 0.6492196986755 0.64802759873698 0.64748053137196 0.64692676126056 0.65038080474918 0.65086688623647 0.65019579635853 0.67387991308375 0.67308893377822 0.67262292557554 0.64931061928301 0.64985860891801 0.64914468983704 0.64165300956082 0.64175247236826 0.64212218523979 0.636332943725 0.63695965466853 0.63674292713692 0.65639581762796 0.65584920190189 0.65554536973838 0.65617574214319 0.65563792636861 0.65682826040243 0.66643528343821 0.66763155231148 0.63785020200043 0.63771168145473 0.63818960067725 0.67998942109839 0.67954155727511 0.68101478714699 -0.78159441434837 -0.78147685505418 -0.78066013542033 -0.74369245800338 -0.74476516094958 -0.74582466262972 -0.77528879393172 -0.77609541877983 -0.77692567086971 -0.69825149531859 -0.69800630175165 -0.69864559062542 -0.67191200673056 -0.67933359217727 -0.68567856324685 -0.71081464580021 -0.71211546632497 -0.70961601037949 -0.84244053283036 -0.84540164523939 -0.84801959126692 -0.88146719682847 -0.88336094466252 -0.8747669721881 -0.90774585402333 -0.93446215333815 -0.82940617800348 -0.82590875301692 -0.8326190295143 -0.83251975726429 -0.83503996545112 -0.81460656635922 -0.8159464060422 -0.81715942299503 0.89022084168114 0.88459938793948 0.89595345223792 0.69511526169314 -0.68988033310416 -0.74616777075105 0.82365105954254 0.8222515827177 0.82572845050907 -0.77887485835476 -0.7658846628767 0.74016575870586 0.74160956864567 0.75556288169975 -0.8015841256918 -0.79965652144569 -0.79758050906107 0.69419487306941 0.69297678944748 0.69451382993676 0.75695735896989 0.75528646804603 0.75348247878796 0.70707720092125 0.7047594338948 0.70280541049572 0.71570293152375 0.7151125246514 0.70673714711178 0.83441202165768 0.83276209003338 0.83104482229672 0.8056171167354 0.80402181459019 0.80690736432118 0.76697467777429 0.75679801977386 0.75894456049373 0.64762634388231 0.64688206784886 0.64595136490247 0.64673081769082 0.64608001823744 0.64804121955374 0.64861210657456 0.64989300024539 0.65960863881129 0.6593476078694 0.66038231022116 0.65273036704917 0.65237169790614 0.6353473644478 0.63472002672199 0.63550452532202 0.6373577290516 0.63790547013523 0.63786583755712 0.63715698244175 0.63654000846528 0.65263076484912 0.65370591513842 0.65312867552869 0.675838870045 0.67673308086632 0.67510985972095 0.67768709969617 0.67886522656868 0.67800312863043 -0.76644235671829 -0.76749911980394 -0.7654121423819 -0.77590600520911 -0.77724546156638 -0.77592992963805 -0.74898386096243 -0.75002610745908 -0.74793140660359 -0.79283138727776 -0.79397116478565 -0.79164857401884 -0.78776970880238 -0.79110835784658 -0.78859276084222 -0.63723197828045 0.67245316268701 0.66269245845017 -0.72534735052949 -0.72566372843329 -0.72933044310567 -0.7119465117478 -0.71345169053766 -0.7147129448185 -0.7275006964092 -0.72833007084023 -0.72916378402593 -0.69107727907664 -0.69529855623232 -0.68576191946105 -0.70445026881271 -0.70389924951531 -0.70283046395294 -0.56943695917101 -0.57083586210005 -0.5729352629394 -0.83144277243137 -0.83329914629636 -0.85458887824286 -0.82890194281884 -0.84723778740266 -0.86511332226533 -0.86770559326372 -0.86119783413151 -0.84974164060431 -0.85211293364432 -0.84790660884971 -0.57899773708077 -0.58810772785059 -0.55126672872426 -0.88831455872262 -0.8871721043129 -0.87858936816016 -0.77765713072527 -0.77799389202674 -0.77682045349948 -0.82886929583855 -0.82633685963434 -0.75726527265194 -0.7562733023036 -0.75833698075071 -0.81474400752429 -0.81724922519503 -0.85878980575857 -0.85600089586398 -0.8538174494996 -0.84287068330559 -0.84488597630558 -0.84064318477566 0.8581146832512 0.86386672756889 0.86347123134349 0.82529862728322 0.82812686095231 0.82247244001673 0.79593322967289 0.80199599092343 0.80781327603775 0.80165380519156 0.79070711267103 0.80558358518231 0.81846306146077 0.81773703270886 0.82039893637357 0.8227968726848 0.82342263974719 0.82482511205938 -0.83682661378133 -0.8329848532973 -0.82827632736313 -0.7763035879741 -0.78597954692836 -0.78348975071009 -0.79323368576661 -0.77961462423458 -0.77261543288864 -0.83802194600364 -0.83423540112453 -0.83188076717188 0.76715625525952 0.76908366690703 0.76475587192925 -0.79739941870445 -0.80106461968095 -0.79438943853406 0.72117063363519 0.72013497498032 0.7179470229381 0.71444400312709 0.71530260810657 0.74697766618456 0.74873274987227 0.68755439404034 0.68594604020606 0.68799829776681 0.68770012009108 0.68663663838847 0.69806172019792 0.69637973999441 0.69830363047061 0.76300280177627 0.76568087476764 0.7678440390981 0.79479476381447 0.79814057378265 0.79652060948558 0.79792442650731 0.80108862640982 0.79966234779551 0.82683644162536 0.82531497728468 0.80764582498854 0.80306683792024 0.80475778030332 0.85550104228283 0.85739119663356 0.64690309058637 0.64632917866793 0.64819151316471 0.64638989333769 0.6458054068316 0.64556710358073 0.64513311461688 0.64503154011039 0.6447704909965 0.64448909726532 0.64562147095446 0.64296900068119 0.64299606251515 0.64554640999246 0.64585271702342 0.64585850180165 0.64059312317598 0.6404239344181 0.6401076423975 0.64462964104942 0.64405641359691 0.64471259628362 0.64391271566169 0.6399933760929 0.63968165605388 0.6403155253585 0.6422101470002 0.64277784085211 0.6425513220812 0.641651558002 0.6418635849889 0.64442141536054 0.64369789701225 0.6433608952559 0.64274421644829 0.6423440905572 0.64306290428063 0.65256728434679 0.65156751465354 0.65205172280818 0.64729855328003 0.64774723887037 0.64374910606283 0.64512712007988 0.6457032350483 0.64039561674444 0.64101963358655 0.6406334045596 0.64997527671845 0.64935771862896 0.65042184501048 0.64713152886269 0.64534957844209 0.64617247480075 0.6482119599103 0.64825600446377 0.64754568359863 0.64764179442673 0.64701937464759 0.64686820516488 0.64750921761464 0.64726051922304 0.64863040530871 0.64905408188268 0.64832893363744 0.64961159413962 0.65034962458461 0.64330997214845 0.64353241601497 0.6428968872258 0.6409516359463 0.64244848736369 0.64190380096978 0.64255654766021 0.64807694322361 0.64876995800622 0.64971815909239 0.65055628898142 0.65015105285554 0.65102322073234 0.64912560156323 0.64845484863809 0.64888921169837 0.63981240018249 0.64019892652807 0.64060819910973 0.64084238446155 0.64101696096969 0.64956287259077 0.64783697111256 0.64673365590694 0.64746404302926 0.64716458914366 0.64908874400671 0.64912201366614 0.64815884936767 0.64954688206267 0.64909739305696 0.64853167159912 0.64843867517207 0.64801877199131 0.64825855458144 0.64772448342688 0.647948069785 0.65471850674803 0.65576991423877 0.65541062625742 0.65040914305427 0.65091489393745 0.65157925827093 0.65256139690149 0.65198851979764 0.65254360586433 0.6533404987422 0.6513945930866 0.65171867874746 0.65148531839167 0.65187522999595 0.65168312660683 0.65201791459229 0.65332973239107 0.65435645144013 0.65519595113091 0.65631185101196 0.65422831672085 0.65468788348585 0.65725059719142 0.65697282254306 0.6527336394179 0.65369023228227 0.64195896632424 0.64163298581158 0.65517485527039 0.6502043087163 0.64003222383997 0.63970897139847 0.64011128269912 0.64127277670869 0.64152263678144 0.64167084846382 0.64221824945711 0.63937053141075 0.63956374284324 0.64778361765712 0.64757889807757 0.64724111056811 0.64219623268611 0.64131403454798 0.64975159220379 0.65001913921587 0.65089680676306 0.64981533355222 0.65135681595488 0.64872255491667 0.65424014075978 0.65407244626217 0.65484250621158 0.64916301845017 0.650333477853 0.64996416568462 0.65051156029106 0.65196605611746 0.65098961090754 0.6515799345921 0.65093888021958 0.65097381196364 0.65237721058514 0.65201204217861 0.65146456465995 0.65233656135843 0.65257822297978 0.65337730668699 0.65401708039413 0.65853035612294 0.65960591198568 0.65899737715144 0.65734254954284 0.65829550630434 0.65763249957167 0.63859299131351 0.63822589051713 0.6387620696568 0.63923599945242 0.63769129011929 0.6385951324706 0.63921217137383 0.63902091910374 0.6381059760481 0.63793279552489 0.63862845401106 0.63977985782517 0.63964501290251 0.6392087111221 0.63732243983023 0.63693868263273 0.63871470623465 0.64078475094487 0.64045142002908 0.64096998544359 0.6398119580586 0.63971317949174 0.65275975476025 0.65331114263597 0.65432089389943 0.65449363244536 0.65348177953311 0.64533364757791 0.64532078422375 0.64505373696493 0.65778720756145 0.66376121645426 0.66236754904773 0.66336275148023 0.66199044640813 0.66142771148307 0.65915992545369 0.6584347572937 0.66013175814943 0.66140864017622 0.66170631827216 0.66049443597846 0.66100664385643 0.66382493085615 0.66277365356762 0.66477474484712 0.64004649142691 0.63980140484094 0.64051889242895 0.64962429348619 0.65017271762169 0.64144216523429 0.64112083674797 0.63954713202165 0.63636779150815 0.63593275372556 0.65332240043416 0.6548554073193 0.6554068158035 0.65416556179118 0.65245296737971 0.65259068260377 0.65581637761898 0.65267419056074 0.6518228607031 0.64309611059949 0.64280171211217 0.64304274370235 0.65788352329461 0.65809591655231 0.65706277946734 0.65702765668567 0.65827492699128 0.64446304705168 0.64417205706775 0.64401766878346 0.64936532794576 0.65084299380424 0.650280376089 0.65053526872804 0.64971753759519 0.67813499995257 0.67955305533929 0.67897624505363 0.64895461608498 0.65078747230064 0.65104550975441 0.64936455825388 0.64893665171623 0.67049764852158 0.67227565014629 0.67060762301356 0.66669172726261 0.66616032509385 0.66531475867192 0.6701028061017 0.66879520499739 0.66946805466273 0.66620146590335 0.66440207953792 0.66950075780964 0.66792589167945 0.66922600501296 0.67083318774764 0.66822295299497 0.67213531122559 0.67253441346344 0.67381731160297 0.67060165048293 0.67132418859935 0.67518123826724 0.67469775606136 0.66986743940805 0.66834146705204 0.63898793365414 0.63859693158378 0.67208608467121 0.6363879175174 0.63677065623808 0.63770570620346 0.63817681617037 0.63380743357472 0.63396510037087 0.6375140912537 0.63610276385911 0.63627160681471 0.63660409215823 0.63515441581949 0.63572911934896 0.63381572237619 0.63307387751775 0.63443631051728 0.63382276713978 0.65382197774704 0.65771538574011 0.64480566116305 0.64522492348163 0.64840683237171 0.6761032468921 0.67604311421728 0.67528228269694 0.64167153632043 0.6420562040962 0.6416764014285 0.66004142723671 0.65642067707138 0.65610616896112 0.65569003312587 0.64913589746225 0.64893623881571 0.64844809300423 0.67164246917936 0.67727015022556 0.67799499938586 0.67558923551753 0.67641095722098 0.63404627949996 0.63479186420633 0.63468041480891 0.64643065706249 0.63440504811112 0.63349457317616 0.63521712610224 0.63520112918816 0.63573370049383 0.65627414588052 0.65673130844074 0.66164299271664 0.66257213813294 0.64334712049329 0.6439657913478 0.64348450008741 0.66251036504019 0.66170556344185 0.66358074889222 0.64903434774444 0.64285645907247 0.6425898944287 0.64264158288339 0.66384187565793 0.66732410079324 0.66707491575095 0.66854534342966 0.68032074383302 0.68011640864399 0.6790049244306 0.67711547807379 0.67647486484813 0.66994460868481 0.68264909870352 0.68258894270884 0.68379030563156 0.68032551979485 0.68205939823403 0.68155353441975 0.68275090854777 0.6358155882834 0.63555803031941 0.63515123225951 0.63708141995679 0.6376285694173 0.6418944416539 0.64156912510072 0.64172354212756 0.63632751643722 0.63688092609781 0.63442397123864 0.63504550588689 0.66081323453917 0.6512294815251 0.64772784678566 0.64833827353614 0.64807844832885 0.64840741868211 0.64795379439896 0.64781883333531 0.64251322731389 0.64278832028205 0.64247148815589 0.66269831367446 0.6638903097503 0.66210431005735 0.65938978512547 0.65754583013301 0.65887336688543 0.68392135742925 0.68501045420049 0.68493056444107 0.67385617316616 0.69428458033475 0.69415436255831 0.69252515045401 0.68875139127551 0.68724202839348 0.68513629497035 0.68509647416221 0.69119153341962 0.6891016568983 0.69020476470015 0.68115741245107 0.68259978034019 0.68835971362372 0.69079853101361 0.64922676378739 0.64980112903638 0.69125736934928 0.69154531476893 0.6960039401318 0.69164543281314 0.69291964706426 0.68726197454438 0.68691328044801 0.68986516011436 0.689678261035 0.69085148888016 0.63592919333364 0.6355907791208 0.64838998329178 0.64867577354111 0.64838671745643 0.64853060926465 0.64798857937116 0.64687721240651 0.64733342202841 0.64738974552748 0.64788340416262 0.64710732781328 0.6463883100688 0.64644771797218 0.64662232877718 0.64644896678791 0.64685343435636 0.64467219048355 0.64483105919738 0.64149785032815 0.64164077074567 0.64594439240564 0.6462416230529 0.64591520392396 0.64632658193724 0.64872095368912 0.64196581081767 0.64176126291975 0.6415216612942 0.6423888415446 0.6424549025888 0.64588159793604 0.64629445883464 0.64640286863779 0.64717021665645 0.64744407338109 0.6457040924422 0.64579623075893 0.64447689814883 0.6445796763826 0.64419531540542 0.64354854876116 0.64354700530139 0.64378674026704 0.64501724954443 0.64512552332063 0.6453105093093 0.64656949250482 0.64677552806195 0.64648388650559 0.6470787835619 0.6666516403509 0.66459676840724 0.66530154432439 0.68283044360898 0.65209401613957 0.65302207284906 0.6872918615565 0.68790738640996 0.68981500575706 0.67068516488359 0.672298320163 0.67170381361746 0.68829821418306 0.68590777026702 0.68440013483915 0.69464679779995 0.69297722623931 0.69431903983982 0.69409249022608 0.68500788812278 0.68317624622235 0.68305715876258 0.70242117313515 0.70490551274722 0.70235471501324 0.69123716913752 0.69618548222239 0.6878716195022 0.68706548540616 0.68559441104043 0.69077697137759 0.68169463493351 0.68380795279393 0.68413652806524 0.69759087950773 0.69770778030425 0.6891197521205 0.68759952060268 0.69086252040545 0.68360708237374 0.68567365928035 0.68701801608343 0.68290286329207 0.6825343339502 0.67794159241799 0.67870678682476 0.67735534344321 0.63342801397334 0.6335457728727 0.69470275830826 0.6330080582042 0.63284006943765 0.63345018214885 0.63371371509803 0.63251425265462 0.63263382096755 0.63316573498597 0.63623138611551 0.636553167657 0.63707761176477 0.64740998266204 0.64679038752667 0.64705687978922 0.64714000479202 0.64551190164282 0.64511687087511 0.64516882211828 0.64581866150691 0.67681084348292 0.67822308625927 0.67597205787174 0.67733535141024 0.64729801276756 0.64773086703861 0.64930178541074 0.64962538148176 0.64973063752096 0.68007017150206 0.67825178787145 0.67910484994775 0.68120483336631 0.64788643703554 0.64732036766479 0.64665503094766 0.64676659495462 0.68037236712801 0.68071478278197 0.68171598432784 0.64887594357847 0.6487837945762 0.64457455701982 0.64483366419219 0.6447795569739 0.68013888915135 0.6791861577712 0.68012243570521 0.71443842703224 0.71752561698172 0.71648730094926 0.64589750301408 0.64589228320691 0.64561925524149 0.64631283453078 0.6468221910727 0.64703006370707 0.64623400809767 0.64532548322173 0.64551861973829 0.64523186755245 0.67746497841642 0.65499988980205 0.65602780540293 0.6566078260856 0.6433754541485 0.64385161026009 0.6438074665541 0.64326553772503 0.64282827719255 0.64330349336454 0.64413796375158 0.64399490931729 0.64386552803851 0.663229162521 0.66146723419156 0.64306229953728 0.65378189571217 0.6442593962543 0.64430341901362 0.64355234594429 0.6460508685011 0.64643257088447 0.64630404687043 0.6488555562887 0.64857663084808 0.64483946224114 0.64515096593925 0.64653293620742 0.6464276125348 0.6515239133621 0.64692870686946 0.64524348765332 0.64497417728886 0.64547841986575 0.64577429301575 0.64587910241176 0.64579188577944 0.6449416570197 0.64599791630198 0.64569648205564 0.64442051359847 0.64372874990361 0.64362342066408 0.64350444606714 0.64388190613104 0.64244898679291 0.64241884875259 0.64126868841352 0.64099337536156 0.64074764079572 0.64122592218764 0.64138244390599 0.64256781839783 0.64220113909119 0.643027385587 0.64304116335709 0.64281790629213 0.64433643893648 0.64425793957643 0.64286438413989 0.64307949928745 0.64312977765108 0.64135930095815 0.64161523620941 0.64091943815316 0.64074400341361 0.64396202760066 0.64397971556812 0.6437657965247 0.64591595135533 0.64643603622858 0.64203127479906 0.639675099901 0.64012676879904 0.63974479001239 0.64227629843723 0.64151077075326 0.64195466734796 0.64582702474381 0.64331592381393 0.64341819124701 0.64357466943901 0.64551113543076 0.64536563166135 0.64504919722296 0.64530945443807 0.64480140607628 0.64452355094221 0.64436962875 0.64447573931606 0.64298685235437 0.64344423032005 0.64394482918187 0.64460599796837 0.64420875732618 0.64476755187353 0.6440598535052 0.6440029315599 0.64373251800768 0.64399507217648 0.6441994836139 0.64448180051988 0.64445948801211 0.6461162866161 0.64662919610139 0.64377264946336 0.64386186030708 0.64427692970014 0.64468891038288 0.6432933084624 0.64363107593392 0.64305261774166 0.64323945248874 0.64298006243824 0.64364162467834 0.64557794320751 0.64549487092849 0.64525294358137 0.64496422048164 0.64547986472482 0.64265427261283 0.64252544530293 0.6422345225492 0.64250302018012 0.64245273934272 0.64294689922991 0.64314025996516 0.64239842568174 0.64211861356231 0.64251584154286 0.6425194733273 0.64299315762942 0.64251565862683 0.64280498334855 0.64348376530299 0.64209619082509 0.64188464611025 0.64145830364133 0.64180621018092 0.64231461512137 0.64333149929461 0.6435611641783 0.64400540657432 0.64188959898752 0.64278421861597 0.6425380094321 0.64310634528933 0.64260046360375 0.6434962155268 0.64354756194436 0.64330455127585 0.64374116145585 0.6440029376529 0.64450536425654 0.64479351540545 0.64422582757401 0.64232091224363 0.64303903417408 0.64348541573645 0.64468391534154 0.64454600390468 0.64496705263288 0.6418869634319 0.64194030966398 0.64116682653889 0.64175924425278 0.64110077592808 0.64116318581706 0.64145280116988 0.64198261587218 0.64069323140594 0.64054713365266 0.64032141780314 0.64062927741349 0.6406431366557 0.63838749642398 0.63790003168833 0.63857351219263 0.64055660248651 0.64117845070239 0.64134979570107 0.64085500468079 0.64349359583808 0.64325596307135 0.64304007025445 0.6429929576059 0.64439574296358 0.64299023112864 0.64165698930044 0.63989652914547 0.64029885930768 0.6401948558262 0.64153744119066 0.64130983150996 0.63907753348584 0.63955823848907 0.6411819547248 0.64114543180154 0.64107983057449 0.64052285896362 0.6409196430419 0.64054594714039 0.64083203509648 0.64010572235308 0.64037568396747 0.64060257774545 0.64020946838188 0.64053592345409 0.64038956179193 0.63965314249638 0.63940478809405 0.63905485004426 0.63967949425135 0.63941815998312 0.64032798435906 0.63820438453074 0.63845457882085 0.63939634692793 0.63810203506298 0.63750064463919 0.63688010812612 0.637557730955 0.63676515821913 0.63857318654854 0.63912955199123 0.63829832208288 0.63814500007038 0.63953682468079 0.63908949768723 0.63850449149363 0.63918383632141 0.63956132939084 0.63730627300237 0.63787179184254 0.63775289886088 0.63629802154307 0.63711949676622 0.63728829391746 0.63870364030028 0.64013954471726 0.6412678511776 0.6392977844246 0.64087498839743 0.63913950570238 0.6386339099651 0.63930136724799 0.64094092966182 0.64084138503307 0.63885149510751 0.6386259505653 0.63513051432858 0.63514765030409 0.63605505859358 0.63987679966567 0.63793637671436 0.63860235296292 0.63530282605867 0.63597746965853 0.63541511124031 0.63660747472598 0.63705683040171 0.63647900656922 0.63839081105373 0.63818318447719 0.63490139403138 0.63439449668602 0.63328775009147 0.63353432689015 0.63435542381964 0.63474612740267 0.6350263424659 0.6357320912783 0.63607004993844 0.63691841088598 0.63701475410939 0.63787218741255 0.6376557321478 0.63622784610097 0.63680907611631 0.63597322279343 0.63664463646133 0.63675449983938 0.63486300971874 0.63557653962334 0.63500053577334 0.63259358343171 0.63326081387198 0.6334323830818 0.63713326833415 0.63668529867375 0.63647304802307 0.63419568664395 0.63417201774353 0.63593216260846 0.63366376470503 0.63298903646108 0.6333568644561 0.63420767640832 0.63511562385953 0.63506134219854 0.63535339141401 0.63629977267813 0.63584812784275 0.63264765745951 0.63365493043297 0.633221445673 0.63263535089245 0.63339816843689 0.63344109712356 0.62910565545436 0.63023427414194 0.62908894530958 0.63197739311563 0.63194317297997 0.63118578127608 0.63050111853839 0.63090297124555 0.63273962988251 0.63358166810945 0.63378549025739 0.6336699326825 0.63220989982432 0.6323375874756 0.63165886091296 0.63084526077335 0.6314942683141 0.63062882399055 0.6308874794238 0.63012412195082 0.63664094311967 0.63226395978976 0.63274208968521 0.63356086362025 0.63191038460575 0.63150085366724 0.65480082047613 0.65509674746088 0.63309117169865 0.65829373471265 0.65523382786025 0.65384166731444 0.65421451227789 0.65920500835193 0.70808191773223 0.71075663473136 0.69644586113242 0.69508204787413 0.69258824388466 0.71320398333482 0.69783759216126 0.70374255653067 0.70120734846692 0.69884943835308 0.69821228978163 0.69358561321716 0.69641881196933 0.69352604820341 0.69995770461888 0.70037701022875 0.70191209379314 0.70129965024884 0.7003113796653 0.70221896291336 0.70357451525006 0.69869985727406 0.70903386656589 0.70522604846858 0.70923391659335 0.70843154163094 0.71270683151005 0.71615323112976 0.70083261506554 0.74933726035747 0.75025107312409 0.74518580332441 0.71009563354997 0.75312693896667 0.74650730016234 0.72653987131814 0.72932902379919 0.71938141674473 0.69998641838868 0.70164962609159 0.69525086071651 0.69829338943335 0.70291527463148 0.72341696462834 0.72110418987477 0.7220236233698 0.72254359622403 0.72205950896792 0.71542130109582 0.73974682340836 0.73820370675667 0.72798258101219 0.72665567778919 0.72432826898499 0.7082226767543 0.71177272202248 0.71011175961048 0.73206454697194 0.73857392129503 0.73305443309213 0.73593688787066 0.71885875904901 0.71540155951928 0.71726024777498 0.73771217939987 0.72899813961425 0.73113001729951 0.7424037833884 0.74703059791022 0.73979410717923 0.74303260195901 0.69364926986106 0.69035485721063 0.69507952668455 0.68312814376168 0.68108921589501 0.68304725974972 0.6910353609596 0.69260103738897 0.73175478750794 0.72390340408962 0.723693726273 0.70763110659056 0.6935079452302 0.71128470337776 0.71152215857934 0.74118723987765 0.74447746994643 0.74849734650097 0.72956557359544 0.7342641012614 0.7381484216996 0.73801468882295 0.73895434274571 0.75275529736435 0.71112186347256 0.70652436813385 0.68830089574597 0.68559040068505 0.7480127581535 0.68782626566905 0.68800781729247 0.68575212309864 0.64750039580086 0.63692224014376 0.6460666885622 0.67017291347667 0.67056082087586 0.66869075168331 0.66465293696409 0.66541931198634 0.66498177033452 0.6479926950395 0.65169077217663 0.65104892747546 0.65077539430043 0.64922663681928 0.64971360569958 0.65062894297539 0.65127994080782 0.6505459137636 0.65039141673779 0.64947544359311 0.64988197625667 0.65030068571943 0.65010176641516 0.65099416042963 0.65058460362304 0.65216086000308 0.65214002545599 0.6529327032177 0.65200989513155 0.65237045720963 0.65152742572488 0.6530045883652 0.652549314012 0.65082244965924 0.65322224892767 0.6524126122168 0.65274580267324 0.65117602449 0.65165490182751 0.6522070013064 0.65237210242228 0.65303245078596 0.65399999228125 0.65462774954442 0.65381886339085 0.65327892827403 0.65359428599385 0.65397821147961 0.65698627508173 0.65652250022627 0.65937433152971 0.6614552576308 0.66054857534545 0.65646219645961 0.65590780861245 0.65569181256891 0.65368121796364 0.65401375758147 0.65364526670261 0.65404146112092 0.65386464637016 0.65335986429381 0.65415851423061 0.66176201099842 0.66060382657307 0.65546633562555 0.6545875625035 0.65523340120402 0.65449204359743 0.65419473996523 0.6548651080936 0.65456040678547 0.6554284344501 0.65596651031273 0.65744483771883 0.65629749483377 0.66113619927481 0.66054432468381 0.6595772795056 0.65850092512113 0.65909727005581 0.65553957746944 0.65581124020293 0.65702791150512 0.65778366283284 0.65806822278618 0.66512227586082 0.66046948780068 0.65760019977535 0.65866042255882 0.65784799099643 0.66521216620073 0.66425885835032 0.65897379697257 0.6596099141849 0.65994180212186 0.65964416828268 0.66068375630696 0.66622217000898 0.6577655356941 0.65731725654946 0.65814323010998 0.66884179091055 0.66794963728172 0.66236087289924 0.66156270975661 0.66355700116075 0.66300295014881 0.65952160299313 0.65936626248511 0.65816638798099 0.65905263914405 0.67283620257538 0.67452042383363 0.65826840050453 0.65720522834702 0.66030596713158 0.65945697337935 0.66406455180175 0.66321583732748 0.66456763069943 0.65646460993128 0.65737904076228 0.66013881985272 0.65939562367203 0.65935772597972 0.65461803761121 0.65555279405335 0.65737744546088 0.65702405117143 0.65656562799493 0.66594516245412 0.6667498597351 0.66829996885579 0.66146848623485 0.6606597864953 0.66195674724463 0.65639146618905 0.65564331703389 0.65875722228936 0.65915425325064 0.66230022136305 0.66359611875485 0.66250468474106 0.66449421200726 0.66608581197823 0.66532697229761 0.65339284682478 0.65652716528157 0.6559049957231 0.65550445975593 0.65535443284338 0.65526282272323 0.65480017264219 0.65470140245372 0.65425206463937 0.65803345987003 0.65909359901917 0.65720895674705 0.65690102236742 0.65815822594359 0.65751022070168 0.65731444817627 0.65705057603384 0.65876609374326 0.65901231085326 0.66073212815788 0.65993367144761 0.65928212917848 0.6654610894324 0.66472475361326 0.66702467052785 0.66722040785511 0.66487330557858 0.66912325250967 0.67114191233735 0.66146638012348 0.66093864128326 0.66251114543003 0.65371581619622 0.65999462810949 0.66140143942304 0.66076518608656 0.6604628783043 0.65999839544649 0.67134698539113 0.67118633417331 0.67227106187537 0.66202475192847 0.66289773595579 0.66390634764186 0.66434235196051 0.66432926056084 0.66284055116761 0.66241261255956 0.66211158214959 0.67131199202381 0.67052789170394 0.6699244650002 0.66615985358559 0.66933102853012 0.67067190526465 0.67205563622187 0.67319275347704 0.67337358521102 0.66682464234213 0.67028495635555 0.67222209783864 0.66916195399218 0.66216146598295 0.66336594232951 0.6623566936575 0.66180391625119 0.66070441827661 0.66777636884878 0.6670654015055 0.66780544731361 0.66142836703911 0.66094937592199 0.66191718290889 0.66205783457203 0.66269454095379 0.66574627240185 0.66502083429288 0.66504579401513 0.66076685828295 0.66045078421369 0.66370164000736 0.66401835359543 0.6614918170077 0.67498656229755 0.67370980237575 0.67393264268195 0.66408183700522 0.66485305242266 0.64258644451546 0.66384093798439 0.63799459154642 0.63746210382077 0.63744260777277 0.63813838680205 0.63584220660126 0.63447515161329 0.63391275229357 0.63757368958965 0.63484697924722 0.63493938204886 0.63411732960788 0.63253201566902 0.63211636453394 0.63180833029723 0.63271714624428 0.6335374706886 0.63439772259352 0.63496319901044 0.63031830449759 0.62956689561894 0.63002718038951 0.67585447491846 0.67612146385228 0.67715974181672 0.67794682894074 0.67766352612693 0.66639472199656 0.66705269369256 0.66639867780117 0.7219594704126 0.72963164554657 0.72475549536192 0.67969725749161 0.6796773589437 0.68123638892985 0.67166349378652 0.67217272048755 0.67424829814051 0.67261904568774 0.67634703516939 0.67553623553644 0.66991876575383 0.6691086519029 0.66629804818672 0.66659360446043 0.66589661604932 0.6775733389648 0.675846341385 0.67460767897711 0.67248233449641 0.67345061272339 0.67352995780352 0.6740888334381 0.67651028445014 0.67355530829316 0.66890997971281 0.67088558617921 0.66766730660691 0.66826881276179 0.6666511464185 0.6676251110316 0.66664018400747 0.66704513504354 0.66832822528204 0.66835566378428 0.66834054868237 0.66617167683302 0.66641053603442 0.6681232300776 0.66378844716387 0.66632669103313 0.66332388515753 0.66386953635367 0.66300656188853 0.66539404114098 0.66565144780232 0.67155390713817 0.66473495313815 0.66690815709673 0.66523835656993 0.66509010721588 0.66357827759382 0.6645913469835 0.66597021277003 0.66635769587481 0.73647058866524 0.74262195156082 0.66730149252935 0.67660081032136 0.67619247084594 0.67572582669467 0.66964347747391 0.66879079497901 0.66938595301176 0.66802333520579 0.67379781391301 0.67320190376804 0.67459684931265 0.67696078817531 0.66987778394131 0.66907969627452 0.66989387534059 0.67155874554455 0.67050039559409 0.68005278770432 0.67850670089574 0.67943206793339 0.67744060210849 0.67873249404815 0.67836709309245 0.67301734176746 0.67255926730357 0.67349852622749 0.67414912041447 0.67292381919909 0.68179298541213 0.68034049454326 0.68107342257718 0.68314402831859 0.68513723676874 0.66785267340687 0.66791647642535 0.67109220555458 0.67175145020244 0.67200286331642 0.68932790452172 0.67907993498811 0.67883962440196 0.6777100264919 0.67850244619309 0.67945054362792 0.67733317280644 0.67813059588954 0.68104439224756 0.68114589854379 0.67993210816109 0.68393255481871 0.68242441711779 0.68410774692268 0.68421895367575 0.67876766430203 0.68393332648607 0.67692297640016 0.67695241487818 0.67612623109679 0.68125954267779 0.67636403934876 0.67605752900861 0.6791598070542 0.6792315754537 0.68123211460599 0.68171498205569 0.68274941317214 0.68003785525744 0.67482276152877 0.67375326496978 0.6738647101986 0.6763512603307 0.67395131731891 0.67498560124543 0.68701724430275 0.68438663288397 0.68579854724438 0.68705260576884 0.69121490288883 0.68884902770485 0.67205966528999 0.67228090176958 0.67388738495051 0.67287491103222 0.67631372799637 0.67015757854499 0.67037464848213 0.67118308146325 0.66970363237656 0.66943872328911 0.66900039721839 0.76223685260247 0.75123568793533 0.68650560500392 0.6845547485922 0.74974119739549 0.75123652789768 0.75418756150511 0.67257372431884 0.67176408457448 0.67161540322529 0.67216627913112 0.67298870745714 0.66934535481728 0.67006098009456 0.67007864456519 0.67112803109752 0.67082806615957 0.67032290889362 0.67076964327244 0.6712324519243 0.67088063958061 0.67079407679514 0.66986401194493 0.66974121619178 0.66907405761382 0.668264972576 0.66899801630526 0.67051248189942 0.72816287417799 0.720328294813 0.68659012682849 0.68541298467712 0.68806723145416 0.68665539983777 0.71341145685254 0.71803296328228 0.66817399474839 0.6678399091755 0.66877906222119 0.66891049186893 0.68410275591098 0.69492280524148 0.70104815672789 0.68169499093925 0.6826373432005 0.68841154266179 0.69127687126227 0.69216981489278 0.70177968018616 0.71946400480968 0.73745981295109 0.74444235609513 0.73986457398476 0.71245106232985 0.70587842380341 0.71055737148743 0.69562570430305 0.7001334311396 0.69974206003044 0.70724596111124 0.74879624207632 0.74699155831276 0.75371784133739 0.7011548929443 0.6917227748465 0.69266154972752 0.68850899358472 0.73669568001566 0.73243330773549 0.72793683165612 0.69565312653226 0.70310594966463 0.69241217011356 0.77323874497946 0.76788122083492 0.76976377158408 0.68177615062782 0.67958915592006 0.68194869164189 0.68588690535511 0.67349445129733 0.69290357171217 0.69635220469339 0.73451467996667 0.77580962984107 0.77514129485265 0.77096145833654 0.68219904360023 0.74383493959564 0.75709605179714 0.75800141016326 0.67909908088218 0.68022154427059 0.67441465003643 0.67520031662374 0.67573130888522 0.73270289310158 0.73708961942851 0.74633226737727 0.76040805758327 0.75996163930846 0.76484668186308 0.71623622405093 0.72466618312289 0.67725230713959 0.67798325814573 0.67984524055946 0.67833102731847 0.68699950208273 0.68754027175254 0.68435011847385 0.68183298526012 0.68408493178445 0.67370536502536 0.67452999376696 0.67499361539346 0.67756060927963 0.67622113372569 0.7030284958058 0.75130541132866 0.74189491545544 0.74703705447099 0.67176706387382 0.6713089461796 0.67197495502099 0.6731874320601 0.67124361536301 0.67069244494062 0.68203284531212 0.67989485467122 0.67183026429246 0.67199911905397 0.67247334449792 0.6720806228396 0.67313316399397 0.67235463599307 0.68277334496654 0.6840157651021 0.71640142749849 0.71244281253623 0.71851240916296 0.70674761505602 0.70861598629086 0.737710008803 0.73477349554177 0.72556026096949 0.6997820901173 0.69339709726859 0.69651149190479 0.68731789937808 0.69085563369728 0.76561297036158 0.75772844944674 0.75875339326975 0.74902486859253 0.68576640806523 0.67408151825778 0.67524931881166 0.69135214211579 0.68079184808809 0.6777961358523 0.67830732097832 0.70541456944423 0.70431523671995 0.69798869710722 0.68853171240958 0.70333313825079 0.67742861268205 0.67787170423681 0.67549881627999 0.69101442857788 0.6869888862445 0.68656934120256 0.67935113268066 0.67683986812052 0.6770179859016 0.67409260538568 0.67142561648438 0.67051357639579 0.67229631981896 0.67294360443742 0.67330552066873 0.68181661055834 0.68317766560579 0.68030404810321 0.68577480610145 0.67322894934797 0.6739502814927 0.67401701986324 0.67524454365866 0.67187361737245 0.67118186896779 0.67147569369828 0.67414414105103 0.67293430587278 0.65817612696282 0.67015096678232 0.67344334745934 0.67477986686225 0.63556495021946 0.62974363628074 0.63108971621101 0.62862910356452 0.63081768753493 0.6315119168719 0.63352103638718 0.63200014558933 0.63084078953875 0.63233109092909 0.63135645717109 0.631951054614 0.67752726947988 0.67621674305158 0.67396539705562 0.66831712762271 0.66530953809286 0.67171339955311 0.67216870487027 0.67316007023055 0.6750468924127 0.67418815116361 0.67397620881416 0.674583235335 0.67459771490149 0.6748182411368 0.67243037871998 0.67157078812092 0.67322357725541 0.66837316082561 0.67072965182203 0.67499406061851 0.67557501256823 0.67655997863958 0.67548582747514 0.67689890469603 0.67451860462451 0.67641991560162 0.67733200346929 0.680338324769 0.67953487909529 0.68098946925996 0.67561768085355 0.67803174209627 0.67796319458331 0.67807757003571 0.67462198135314 0.67746328275803 0.67700562385558 0.67544749081209 0.67540625365427 0.67784693258116 0.67565368413225 0.67603366093591 0.67870511646012 0.67648751642511 0.67888834688285 0.67983808208015 0.67863293265594 0.66736433618792 0.66994402597606 0.67022420686036 0.66644738652702 0.66705933057468 0.66637690278371 0.66775729589263 0.67775701338034 0.75304619602932 0.75900650057051 0.74837833961237 0.77946084666846 0.77420986811382 0.77520166586355 0.7570545056282 0.78500381132898 0.78198673374309 0.78070344939339 0.72547663187661 0.73311470434121 0.72129406984385 0.74811106762044 0.7563091356468 0.67708795314799 0.67506766478818 0.6770333778511 0.67663803722811 0.67360503891334 0.71520134638509 0.72250902954667 0.71494377721991 0.6709428369743 0.67168394580622 0.76194043672036 0.72150389089088 0.71384381223362 0.71784169509088 0.71070303288807 0.70181027710159 0.697131638943 0.69571994289211 0.70404219202404 0.70667461022594 0.73592403430819 0.72786253074984 0.74123187594312 0.74377888506663 0.67268097806823 0.6718746492209 0.67015339583998 0.66841545999251 0.68230091974578 0.68161564488749 0.68317897763115 0.66502040084352 0.66992517148267 0.6697830540986 0.6702700689659 0.67276102452489 0.67594933036159 0.69561485186868 0.670349338731 0.67744049129302 0.67392491494268 0.67735473910657 0.70403327527018 0.71084384341664 0.70820465941133 0.73711048624448 0.739928840041 0.72669917433494 0.70739186436034 0.71466430296755 0.69917528848156 0.6951341906076 0.70201177524508 0.69983958960204 0.70073327335323 0.73555476534691 0.73632585632947 0.73024883441372 0.78099666959823 0.77031012747359 0.78067460386803 0.6883857874338 0.68577029700293 0.68333807331963 0.69279285799041 0.68738584171318 0.69337328520914 0.72289423205033 0.71787867370716 0.67951631108216 0.68873308125052 0.69060461128526 0.70919255248128 0.7519881615282 0.74104560990765 0.69193819850039 0.69193125158258 0.73189121572724 0.72085705608624 0.76281038521535 0.7611237458411 0.77996148051832 0.78026908961223 0.78383677069833 0.68949283094313 0.68507762084419 0.69953204312844 0.70307883929494 0.69592627567653 0.71478902583036 0.72176421897134 0.71631764236268 0.77786962590573 0.77640297779301 0.77047307396014 0.71970664285665 0.74476488287981 0.75512365433073 0.75916476063274 0.78886517736053 0.7866964303517 0.79273303177858 0.76030935975805 0.77145212769117 0.76696160359906 0.80718692850715 0.81009208556399 0.80868489666684 0.73910229816711 0.75382160414012 0.75282704680424 0.79176522650456 0.78682230790451 0.68172085519387 0.68216244433677 0.68113835334795 0.67855616421502 0.67401969541519 0.67732088400211 0.6771403149617 0.67987114669361 0.67604020244029 0.67806816357747 0.67889658715144 0.67392455443017 0.66994140326323 0.66948038743292 0.66753096414041 0.69734693796552 0.704306471718 0.70237317088511 0.6653805183358 0.7307217642233 0.73000288138128 0.70619184555237 0.71535995882407 0.71247743244496 0.78269240128584 0.79271986353083 0.80053035374302 0.79739144904082 0.68540087823508 0.702324842675 0.69718305216901 0.68157323795632 0.67439345992902 0.68455634358937 0.68383286499138 0.70830545598815 0.72967642435742 0.71615207247762 0.70942055549158 0.71378238456494 0.68352587200669 0.68363542052843 0.68656065737765 0.70024492412779 0.69291452696875 0.72105453859652 0.71349609229107 0.73153184634161 0.70564940144714 0.69859160697178 0.7000327996689 0.70160598632876 0.72314498928807 0.7371660662666 0.7354980748691 0.75588158278289 0.76846667193726 0.68927637099747 0.68631668808227 0.69034066613885 0.69413247905081 0.691079713402 0.68935816872156 0.68217156711828 0.68572847520509 0.6848367914196 0.6811074141852 0.68272512347229 0.76772372622013 0.78226697994517 0.79681908962746 0.79829701123278 0.79790044853321 0.80679992525753 0.80364714783172 0.67868112017359 0.67471293476824 0.82384446735498 0.82024870881111 0.82090403282159 0.79523229953221 0.79745404312099 0.79835647953382 0.77916590911176 0.77605100638047 0.67123166122053 0.6827849007935 0.67991581653638 0.67979206131516 0.68732988536826 0.69184061097506 0.67762704362364 0.71013004624515 0.666324227081 0.78566848235788 0.68997530077613 0.68611600604344 0.69447141304094 0.68434592939075 0.68345809951577 0.82328467970835 0.81922022940176 0.81049373547633 0.81831426282134 0.81693103816429 0.80640962381607 0.78481327548832 0.79695569179612 0.79613608562625 0.68305702287722 0.69456235294683 0.69665198008033 0.69784487028501 0.68123724979595 0.77332974352675 0.76853622319536 0.75383085085592 0.69136083156488 0.68948379883331 0.82379207463319 0.81375345968789 0.8374757525052 0.83596316132735 0.83399121363495 0.7817560976156 0.77520217180583 0.77249701950304 0.77862339340233 0.7523739364584 0.79004840217872 0.78718158173156 0.78678494650517 0.77128485186018 0.74260414467419 0.79298754540647 0.79265390772133 0.78305364917412 0.78367871776496 0.78626220819619 0.77151737490035 0.7824880888201 0.77671142722206 0.77439244002215 0.78651316206569 0.78875241893772 0.77484969311978 0.77095979912358 0.76793344150778 0.78485823033301 0.78959504379522 0.7908422528716 0.79390428072649 0.79456024709895 0.79604329600086 0.79244449258784 0.78200113624262 0.77427294639381 0.77915246838746 0.76746616580912 0.76318995823705 0.80190395746184 0.79689074897596 0.80239223998328 0.8026468683053 0.80536859429473 0.79805888555158 0.7978470755047 0.79564528122959 0.80082264772494 0.81254634648106 0.81573072783459 0.81574321180639 0.8183065424184 0.81934064252875 0.80639722805185 0.80270842784813 0.7999811144674 0.75457355354492 0.756057304903 0.77087736541685 0.75996085129469 0.76148471639358 0.792118881579 0.79026721933719 0.80812531099058 0.80984354653365 0.82504875680826 0.83071392876609 0.80809533059237 0.80775873747883 0.81149791487959 0.81045126525377 0.81217293639237 0.81324022713434 0.80129057181297 0.80426770561583 0.80282048536083 0.79044461744808 0.77927376436333 0.78305454236353 0.78228482922321 0.78685163594369 0.78923228298234 0.76766613379293 0.76825979507947 0.76000987367669 0.75850971837319 0.75659738907387 0.76343253824722 0.76795121621839 0.76376519548599 0.76616219235596 0.76036525155814 0.76212268718875 0.7791236706547 0.76881055378305 0.77123998380802 0.8191958003777 0.81568522448975 0.81764468299678 0.8138745935646 0.81540037493645 0.81267805663656 0.78957524060013 0.81140819168743 0.77604197029667 0.80807757072661 0.81890062631277 0.81291825177973 0.81434605269749 0.82180601832965 0.82559921816825 0.81997224403864 0.82210630429416 0.81665572612109 0.81482786772438 0.81426255044774 0.82675291208215 0.81965569536745 0.82299454731856 0.82477520545143 0.82102014498948 0.82462523118266 0.82711457357564 0.83166871012388 0.83336941482635 0.82923401529618 0.8351288003583 0.83324019312838 0.83687036955386 0.83903097436282 0.81327583125681 0.78772546663234 0.82702741702157 0.79649100134746 0.8031697088319 0.79431669318423 0.83671274724632 0.86285433993969 0.85426262453636 0.80661326604974 0.81081330705324 0.82616143314139 0.80374745821009 0.7789282029137 0.8102554005455 0.76033416020535 0.6837205184795 0.68661495293393 0.68441380773938 0.74369057201235 0.76046777091278 0.79628968203086 0.73683243139492 0.7473452441527 0.70805421075372 0.71572992082655 0.71555650803986 0.76876663348431 0.7979508623294 0.78584830728686 0.69009346456584 0.8354518248044 0.83707040390667 0.82748956857105 0.74811800562929 0.74207995604187 0.7301982319102 0.74875891960752 0.73648275273604 0.72434117303063 0.73670109376432 0.73691497394791 0.72295147690463 0.80993384054081 0.81881078640205 0.85985895637046 0.84979821346705 0.85338745057171 0.68183874274698 0.71691482468609 0.68287610350459 0.6853192662906 0.68342867281849 0.70380206949852 0.70435111260784 0.75078179269254 0.74784369699218 0.72836364651314 0.77382334591461 0.71496134974458 0.68392353878959 0.68109515522141 0.68165381841134 0.72585147594371 0.72006813796134 0.71539627881343 0.70412373211934 0.71113176851946 0.69253373340173 0.696167706419 0.78256222529347 0.78009124815711 0.76583587211292 0.6994256662883 0.69536179474782 0.71541077385826 0.7319981486957 0.72151089683945 0.68403862481345 0.68240006379878 0.68167581552337 0.68603998428018 0.68678092571328 0.77637834752857 0.7614880713952 0.7515516528511 0.75328302615124 0.84116061697397 0.71322598227756 0.71537907892755 0.72343354483879 0.81781545372374 0.79759618619648 0.81052969668243 0.78881227541899 0.80004147949676 0.84865537529388 0.8499312790507 0.83992204961474 0.76230699545155 0.78354844663932 0.70239530440977 0.71457239389714 0.69052708396685 0.69575293988063 0.69403176966108 0.73774850426614 0.7540368683866 0.74027877984949 0.81659185143986 0.79539175502464 0.84612760042366 0.83798826416374 0.86512270964419 0.86409088372079 0.85718925853937 0.84719415565184 0.84393172754857 0.6806917325591 0.6815496776285 0.68854598210084 0.6893989964726 0.69699339252603 0.69447180659597 0.70249766021888 0.68683787613981 0.68800854156029 0.67827608412519 0.67971896810341 0.6802655610084 0.68818574828178 0.69036906072617 0.67952116801223 0.68914411903147 0.69243511095395 0.69555590865103 0.70714829591696 0.71790929633409 0.69846904222169 0.7044049817237 0.70013183203354 0.68519751361396 0.71048350491405 0.70232429734315 0.69449360282548 0.74398572269023 0.68317798219699 0.68375318323384 0.68635987231124 0.68984190544134 0.68432265696555 0.76012639661767 0.749758634891 0.73884911017848 0.77185397923085 0.77345634388774 0.72021271975722 0.71281292610135 0.70737628081294 0.84201196709456 0.83095285845718 0.84355323778256 0.68764357262792 0.68970657905286 0.684276467086 0.67788059794412 0.67370453925378 0.67687927990775 0.70782565275098 0.71110092624087 0.71790224859708 0.76139889181832 0.73963072373178 0.77945787993858 0.78717233509926 0.75489656121261 0.73298636065028 0.73902448141212 0.88397695892714 0.88390402133806 0.88889597136119 0.86138863402352 0.859291890017 0.86664903470176 0.83351364927457 0.82335780687624 0.69883822859993 0.70798090911736 0.68139981178883 0.67930956185322 0.84701321275793 0.83524969856075 0.84216034538937 0.8743671963813 0.87355950672754 0.86848270395833 0.84616320985277 0.85586937656408 0.67705095092834 0.6787227309121 0.67763480674879 0.67975620948062 0.67699889857809 0.69674347246609 0.70298198832395 0.74198545001428 0.85027507232219 0.86383887111971 0.79646782092752 0.8069972331604 0.79085812627 0.82237804956208 0.82708601748058 0.83653582125989 0.87130463677157 0.85643957417611 0.85164754952172 0.8549591591265 0.69428597195354 0.68002935043333 0.68520730416308 0.68242809300392 0.71919801506839 0.70764709947408 0.76487392391023 0.77412575319508 0.87533871540319 0.87849520715117 0.8959307142578 0.89215128862224 0.90352128866876 0.86627117770142 0.8584393735651 0.85412419353914 0.85141457620719 0.85602201665541 0.69592904494565 0.69242624856028 0.68837951811416 0.69362126534098 0.82494289218838 0.83105825237817 0.83168718450524 0.68344891418899 0.68378637619431 0.68080404028356 0.68611374386326 0.68520874783593 0.67485529762992 0.67036615808938 0.67288080851385 0.76962878688618 0.78746782031755 0.79495901985466 0.8091331332111 0.7929182975203 0.78659691942851 0.80063905703111 0.85207753987518 0.85760895997154 0.81878251093964 0.82513998306876 0.82096655665789 0.76918078721511 0.83316160575819 0.81284321146983 0.81684355371194 0.85118672111829 0.84276160408658 0.84203897264144 0.85366290551854 0.8489771785417 0.85313098353553 0.67482193382625 0.67725562826929 0.81089686154796 0.81484983595644 0.81645050465195 0.88006698975343 0.87723295745322 0.87562410581743 0.86804915536478 0.8638647363425 0.8631991413712 0.677714905543 0.68007802710014 0.69020970441291 0.67938860984362 0.83816262386514 0.83745449748558 0.83788344399131 0.83244055751457 0.88142295097247 0.86604555057976 0.86624049997719 0.86346148698744 0.87204594388139 0.86806316523147 0.87737548311604 0.87466757281211 0.67637262223007 0.67684559094595 0.68409115929592 -0.65548234129126 -0.63073471402844 -0.52515483996738 0.69125810061932 0.8295903680775 0.83661166537128 0.86120740785345 0.85584858652749 0.81510464938606 0.80440235449675 0.81218053977964 0.82171322593365 0.81929531789301 0.8716380799719 0.87255540680382 0.69520448973425 0.70104188883127 0.67149048059519 0.68017079601433 0.85749650939973 0.87127259728582 0.8769636885062 0.87183233015464 0.86899466467644 0.86531398729213 0.86692845281132 0.87020901215827 0.86888407594077 0.87597145939609 0.85113441635804 0.88265216758909 0.8479152846904 0.83983039116127 0.84343381969412 0.83896776983799 0.83488742242827 0.83257439285182 0.82937482786247 0.82954211096904 0.83001189618356 0.90452881256434 0.91225924221575 0.89315129267785 0.86161930190696 0.87145269214006 0.86600019675249 0.8562994536444 0.85034955195912 0.88089804966664 0.88346284646325 0.75908785819782 0.77378684268941 0.76052240262206 0.82537858650295 0.82549822478486 0.83895582552138 0.84401815853148 0.822762144255 0.82885822748679 0.80406203493304 0.79518230133687 0.80563882594292 0.82793426103351 -0.58036213487015 -0.6249499136071 -0.5258936024702 -0.58371837969156 -0.63513987934476 -0.62133633890015 0.79776642731724 0.7889634402287 0.80357614015615 0.81109426883552 0.80644758855153 0.79860328003702 0.81867172471606 0.81963739374582 0.81338664572316 0.81686729765299 0.81663314872159 0.81437613243387 0.82076767488333 0.81866337802162 0.81417247344708 0.81002573805988 0.78570683702081 0.78834142046303 0.66981099762537 0.69120390539511 0.66596185668795 0.66384901500992 0.67034087554689 0.64810495935013 0.66386406969499 0.66135660150279 -0.67289778277326 -0.63686449220496 -0.64343046055018 0.76221535747858 0.77625418562455 0.75563652361222 0.87661695789674 0.86023092633704 0.88394528901671 0.83395512099898 0.82933416527532 0.82362189621378 0.84872249930636 0.822066401985 0.82054315411307 0.81403003557256 0.8116460101656 0.81585710535573 0.81908758324036 0.76260411550795 0.76083456332414 0.76639677380321 0.7706697193731 0.770038700748 0.78735449570697 0.77868557274581 0.76951807811887 0.65643042298995 0.65089212718391 0.65538645011694 0.67088213834395 0.62791583145871 0.75610830245564 0.76063101186983 0.75443857615084 0.76252391051225 0.78887703124009 0.79556694421649 0.7820484895981 -0.7957839074482 -0.7940640963915 0.73740749961391 0.6811719432445 0.67547339703914 0.77137378972264 0.77518062415477 0.66407273126198 0.8119754488926 0.80737855266543 0.82126243409233 0.77408047903296 0.78813417691628 0.78974800885795 0.76620318783296 0.76024133372129 0.7603907018229 0.74477782769521 0.75279403064627 0.77274150918777 -0.74695886319888 0.76828295129791 0.76555445963919 0.76089591669863 0.78056351375984 0.56078609652965 0.67916068030686 0.68547774398729 -0.75928455143415 0.75609919987432 0.74809002891505 -0.78479341335281 -0.76865068645508 -0.77769378477691 -0.85943742137274 -0.85670281283682 -0.86184020907607 0.67522877282717 0.73343742033288 0.74374402042608 0.72773411906446 0.76514330887496 0.77104631747207 0.70729571951462 0.66454930221428 0.72365212565505 0.80417663146163 0.79573983523245 0.79891128048376 0.62283530421275 -0.60164618139727 0.67416606065075 -0.67539444619533 -0.74239557486551 -0.69681469839314 -0.79908008939374 -0.79646096484846 0.70901248072833 0.72544403506897 -0.45896855874098 -0.44035204818948 -0.42217226927643 -0.69417904941258 0.72780215691533 0.73804761572383 0.70440604343921 0.61686246593365 -0.62670007061654 0.7491230476668 -0.68675044120201 -0.74947826201427 -0.73879933809107 -0.79456295756513 -0.77463950699532 -0.76225517802246 -0.78411424166327 -0.66667266933583 -0.69189718078923 -0.72883903467754 -0.70206144825085 -0.78858531027652 -0.78457527585627 -0.79182863391121 -0.78853487546052 -0.6835960251626 -0.74001435649169 -0.77698407001388 0.75282007534293 0.61727219967192 0.67124376215105 -0.82245857768325 -0.81498458851065 -0.82065359910215 0.8060857534011 0.80200183777769 0.79723932893804 -0.81384387112276 -0.82356126730371 -0.84992776412051 -0.85261479645688 -0.85931697263614 -0.83647044484121 -0.83961199656537 -0.78424741306856 -0.78913368282944 -0.77830382060732 -0.77300026721284 -0.83860601274497 -0.83833801721978 -0.8465465431337 -0.79458383583818 -0.79220766437444 -0.83265803758509 -0.82540753194115 -0.82273153938095 -0.81139617457951 -0.81585803475669 -0.80734517943037 -0.79288816339509 -0.81599927803546 -0.82214336073027 -0.8516872520583 -0.80524244782623 -0.80057787719875 -0.80372645948883 -0.80468413477317 -0.80398152652385 -0.81682615120964 -0.82611137238169 -0.80979239095781 -0.84063859482517 -0.83331993677934 -0.75534175699148 -0.87428707734558 -0.87703726684214 -0.8696233647905 -0.7646386926168 -0.75667918227275 -0.80127652970865 -0.79300469492255 -0.80439388333312 -0.80177022147938 -0.80753693364501 -0.51409544098869 -0.5180173712781 -0.53744319229288 -0.84182712181923 -0.85066042304789 -0.8366123915438 -0.81704239055884 -0.8112931534495 -0.79648014511722 -0.79811638368123 -0.78880204168312 -0.8436795294032 -0.84792863835209 -0.84560525164242 -0.80111579633898 -0.80148216499725 -0.85920701054286 -0.86159833971938 -0.86505063275564 -0.88073650801887 -0.87445643953223 -0.82557784013489 -0.82950554022601 -0.86583735008066 -0.81076614144506 -0.8189286626437 -0.82077641904106 -0.81715341897733 -0.84077905457689 -0.82271024720189 -0.82808840035272 -0.836894180953 -0.8065654137556 -0.86510614504803 -0.8683916337316 -0.86077340752923 -0.64475195505399 -0.67355614503717 -0.87257949397895 -0.86993760352946 -0.85203664001309 -0.84938655133144 -0.85087241221193 -0.85390030814243 -0.86574116198463 -0.86765774625089 -0.8710153722979 -0.88724021706282 -0.88432125454686 -0.85755226259388 -0.85622467139671 -0.87638133245274 -0.85211816253787 -0.73154759997545 -0.7383300362864 -0.72326755706253 -0.77670638658391 -0.76058940270349 -0.8540319130485 -0.7877610302283 -0.81177869110372 -0.77919677835984 -0.84001365328291 -0.83335140868586 -0.82129159501478 -0.78059652042966 -0.8164416340212 -0.79290524455536 -0.84025199652858 -0.84314543130384 -0.85758335474573 -0.85258395902968 -0.85475659654787 -0.6808194740221 -0.66633530509723 -0.84806941288372 -0.84564705242339 -0.8606459299772 -0.86385062611646 -0.65632879279482 -0.61288999541676 -0.62745199084515 -0.66102120853345 -0.64108430418009 -0.87215557551146 -0.86700614556907 -0.83236390354957 -0.71036060395381 -0.64645875313961 -0.69444667338167 -0.88126415994414 -0.879729229611 -0.88259991264311 -0.8263829595455 -0.79731478704919 -0.80332639542196 -0.87045210280993 -0.85814338104403 -0.79677400018084 -0.78265761593029 -0.75140927350648 -0.88051959417741 -0.87739023340297 -0.87669768773696 -0.87521674181072 -0.87281618192534 -0.87582213133065 -0.87978010235142 -0.7638134290874 -0.81716775003942 -0.84737644282883 -0.67321675724008 -0.72509896566574 -0.70589777407499 -0.70184537217829 -0.66830119031463 -0.79005623726775 -0.77456540468052 -0.7865240880693 -0.79564084563782 -0.52748780400463 -0.58568196963988 -0.57301526950498 -0.74488963862121 -0.7371646771233 -0.71246184055486 -0.70432346833238 -0.73718480577396 -0.72058428359703 -0.70553161982052 -0.74700537400811 -0.76455219801066 -0.78721974903397 -0.76904680350798 -0.53464182620555 -0.5399666639716 -0.55346709541009 -0.43264250733533 -0.42406070549001 -0.41224431690926 -0.81868269404218 -0.80994738187875 -0.80605438631228 -0.748656561122 -0.6944856446699 -0.70423702242067 -0.69804536317881 -0.73358965245823 -0.76398812553519 -0.74565007959379 -0.42267518248228 -0.42323368664653 -0.4391014933744 -0.71455371323334 -0.64608978861733 -0.7048667797554 -0.61754258579912 -0.61956728229301 -0.71710548057316 -0.68191827324151 -0.7077265982812 -0.56545689049174 -0.7337742853735 -0.64683362316755 -0.58527583222257 -0.59990899446363 -0.73609766884114 -0.47460062104827 -0.52523223993106 -0.49981546026676 -0.61161054384191 -0.6467573263483 -0.65570099663696 -0.47810109553909 -0.42809288066848 -0.4821091013347 -0.68600367916563 -0.65985553660586 -0.85036608589747 -0.85703264347898 -0.84292281078996 -0.87787842103767 -0.88334906442221 -0.89886782822574 -0.86272007638073 -0.64830233114544 -0.68806168378852 -0.40685205724595 -0.39874364112099 -0.39638571119383 -0.38909860701212 -0.39238762101122 -0.45502845876097 -0.42840621638109 -0.45219799161412 -0.60006371967443 -0.61049039484341 -0.54663505969157 -0.53952485376955 -0.51869210140786 -0.3968380875387 -0.40205331971426 -0.39484412231338 -0.48301213634705 -0.41156036411497 -0.420484269242 -0.3872433043003 -0.55929004354449 -0.57221624508561 -0.48821574315102 -0.47156993842507 -0.38776498879679 -0.39054519846324 -0.39048863929675 -0.39926770248902 -0.43397141025756 -0.4172374137206 -0.39156079717564 -0.42061217460959 -0.41265668619269 -0.38351710884359 -0.38330335852423 -0.38498561323749 -0.38719918760195 -0.38620263331722 -0.38840737442382 -0.39815937777145 -0.39409772438525 -0.39916111835006 -0.40398008056806 -0.41600938591167 -0.50925018406445 -0.52195248668769 -0.55449215891984 -0.49936560904563 -0.47780683622886 -0.43103605665371 -0.48478890336265 -0.4546793197057 -0.38085174003784 -0.38274971782476 -0.39368629419146 -0.39106146937474 -0.38436046571734 -0.38585367074837 -0.3990233218962 -0.41055939124354 -0.40387440034355 -0.40204903111068 -0.38549913269047 -0.39119901292866 -0.40817336945518 -0.43988857283222 -0.44325043587868 -0.4276053788542 -0.51194441777484 -0.48256973528948 -0.427233710584 -0.48896073151996 -0.38379926273336 -0.38882788526821 -0.3897561556637 -0.41093145886499 -0.39352627711216 -0.41252251263769 -0.38410839008746 -0.38170757971737 -0.38756533758106 -0.38256452992763 -0.51746383139455 -0.50277551785126 -0.52764707758929 -0.57147949437699 -0.43455337553905 -0.47306693513926 -0.47059849712767 -0.37917172633812 -0.38193701042821 -0.38215053369748 -0.37952538042848 -0.38109105881212 -0.41990546433243 -0.50881843229303 -0.53625055597631 -0.43664102015678 -0.45023401954646 -0.48041252607044 -0.46240957223881 -0.57262476149996 -0.57241280460336 -0.71369395464188 -0.7539012972837 -0.59819553895703 -0.48823170494231 -0.47190392557712 -0.47342581253357 -0.57708329397145 -0.57598129993886 -0.6845882115266 -0.73810659227952 -0.73178594180437 -0.60165274396918 -0.64157458122108 -0.67723679080119 -0.66386755953655 -0.63840879358466 -0.64549483293632 -0.65864367135562 -0.59064043551098 -0.63797982591177 -0.67989227376631 -0.72139842634309 -0.72973190176589 -0.7701749007907 -0.77078855845473 -0.73277263063826 -0.78426961641611 -0.69463313679782 -0.67665819129804 -0.41396682012582 -0.40964285597003 -0.54328611483003 -0.4185827899509 -0.42134427984916 -0.62303004416222 -0.59905932237076 -0.41723457554602 -0.84284582396179 -0.84097532658422 -0.84451896900619 -0.6499924842661 -0.61214189628087 -0.72968826708053 -0.58950788669018 -0.55814469365402 -0.86827682328819 -0.86417434261825 -0.86171458316606 -0.86103549857118 -0.85369099153859 -0.55976840840308 -0.57407683876701 -0.55534439622365 -0.58899148602854 -0.57035913665848 -0.58343034894315 -0.60312105562807 -0.39381684901602 -0.54703922722822 -0.53270956264324 -0.57071458735463 -0.6173110053163 -0.63205268078398 -0.62225358882169 -0.7151153986881 -0.68994515091509 0.60184455366262 0.49929076696479 0.60836817087026 -0.52684502523676 -0.50823558300099 -0.38812696141591 -0.39024911678973 -0.53589544890638 -0.48290594756998 -0.43144122716579 -0.48268839538258 -0.47346411138262 -0.56656273391813 -0.49508086995491 -0.47711056948305 -0.47464272825482 -0.47351905770643 0.60719736553617 0.58283837551523 0.51930360870781 -0.56314099392799 -0.59479931059618 -0.56652662801191 -0.4939597600712 -0.39658006523484 -0.38672686334977 -0.55183397226146 -0.53706678360879 -0.52361666866508 -0.4565275657145 -0.47330649628641 -0.46356860194897 -0.52113477892175 -0.49131471430888 -0.52824399511671 -0.48892674331511 -0.71488293562413 -0.68098241943172 -0.70951554313698 0.71781805809237 0.73941101917046 0.73774929154149 -0.65982215355776 0.37009009525146 -0.66098289776429 -0.63036516458992 -0.46456566449583 -0.65463891798642 -0.6797777249158 -0.58440157892322 -0.49051709222146 -0.61306490407348 -0.59907015484284 0.40059700419006 -0.57242272774517 -0.60003996532719 -0.58700877643031 0.59493033163624 0.67579473327433 0.68424904574247 0.59002043142078 -0.69577206087749 -0.46825750805004 -0.50589208302094 -0.51898821412329 -0.51396737792298 0.65386720032891 0.66485547741716 0.67146368987109 0.45730088281574 0.62568065780344 0.62211487159865 -0.47595911845455 -0.49194470106095 -0.48170103224336 -0.49886905230738 -0.48884589542977 -0.54914047980385 -0.52565252789669 -0.56931787189785 -0.60664546884029 -0.64041743476847 -0.6589178949439 -0.68553525919092 -0.60557061749008 -0.54347566733784 -0.69255202070393 0.75527773658391 0.71389113871566 0.66184106871234 0.68713274283935 0.67770510660301 0.59181157823693 0.72303584945067 0.69326741710136 0.68771422677105 0.75398471630151 0.76031892132326 0.77178632306637 -0.66543758345515 -0.68707779935482 -0.70433836463131 -0.51427543710747 -0.48427046275567 0.69800844503109 -0.59155087900525 0.56875967380743 0.61468082407728 0.62131481832254 0.64293140441161 -0.67658753197272 0.65879950801127 -0.71589242021617 0.848000084576 0.8467922018852 0.83170575953389 0.85454914850908 0.85000820850214 0.85384974875761 0.84046770421639 0.83791036175649 0.8452947343212 0.84227501892692 0.83900037312564 0.84635252335023 0.83344798349386 0.83202647541086 0.8301602282636 0.82787410051346 0.83010328513238 0.84124859243223 0.84676093736345 0.84179577788657 0.84449467693893 0.84611150892322 0.83798115479706 0.83995112574051 0.85007876795503 0.8478861685324 0.85094381650566 0.84653770862604 0.85693089877025 0.67562481609177 0.68204628204866 0.68453245861152 0.8492406298642 0.86017575871553 0.85316611336644 0.87260408830934 0.87467480483634 0.85937955450546 0.86346381384082 0.86405099263299 0.87015704373353 0.88099629558729 0.908253217103 0.88993074074078 0.89277075692688 0.87970541237833 0.88600244485225 0.89743649099709 0.91857807681183 0.92828621134844 0.91232845644396 0.73566720826551 0.75412219637272 0.76247337847724 0.74577337007061 0.72950716999748 0.71044191557377 0.7225738934219 0.73268271072196 0.71676121733374 0.82201715148685 0.806698504019 0.80702513683089 0.77374730393811 0.78262410778221 0.78137847391517 0.78230743392111 0.77905121094029 0.77176007190675 0.75805504036112 0.77865104333067 0.79648556669014 0.78632404526323 0.76162469114398 0.77335076483166 0.78397630549575 0.77057796091133 0.78819238713797 0.79646566851221 0.789620177534 0.72136683062932 0.72952674088412 0.74460992498739 0.73374966957886 0.73654530305671 0.75038526984087 0.78971619900253 0.79219833911526 0.70772926111238 0.68515489737122 0.66984069576013 0.63617917918269 0.78731472871808 0.76981311566902 0.76357097193499 0.77890594517733 0.78756433657199 0.77859949790905 0.75419833937067 0.76468287805589 0.69048229809945 0.77367079174758 0.75871412943283 0.74006887190567 0.74557677463194 0.7645670806405 0.73887912076984 0.72799548327397 0.69317027903391 0.61993206074422 0.71360115076363 0.69879620104254 0.71078532409657 -0.80471889191961 -0.88259422415565 -0.90339252903095 -0.89355330294862 -0.9127920331029 -0.92166209851746 -0.91563876547153 -0.89791310826726 -0.98806860274837 -0.94904323634151 -0.87308375210175 -0.87015969640651 -0.87546475064397 -0.88788943064576 -0.83568283299001 -0.85900489516351 -0.81056870967194 -0.79740272695931 -0.88819355307137 -0.86722794339071 -0.86375422667182 -0.86425381242067 -0.88372438347815 -0.84576632657202 -0.84308050907373 -0.85436216100671 -0.85782114035778 -0.85781173650876 -0.8245957744888 -0.61950965198048 -0.63478547372108 -0.6068007671288 -0.77496530963283 -0.79663099879111 -0.70669302390916 -0.73861100943362 -0.69308375779954 -0.6704266362218 -0.6997480117007 -0.82952979322508 -0.81876443683485 -0.81323097221545 -0.59884563708093 -0.59160534662106 -0.57154670844661 -0.86985866693243 -0.84054391961237 -0.8150633756404 -0.83185389602944 -0.85365540500311 -0.84855592428021 -0.8691862028932 -0.87220297393149 -0.81294395287701 -0.78938310123585 -0.84403410522427 -0.84116010466302 -0.84780239199704 -0.85126196189581 -0.85174459936774 -0.86157076950365 -0.84699437479461 -0.84968167868601 -0.8661715151133 -0.85921910125858 -0.83692142434262 -0.83828353161418 -0.84126327272951 -0.82701222965242 -0.82844625160284 -0.8253802076433 -0.85027609683334 -0.85418605732839 -0.85756138449583 -0.84897291439516 -0.83563542775256 -0.83906859764114 -0.83861543444273 -0.83756179774474 -0.8439423472112 -0.84519889180564 -0.79850879133154 -0.7955036434897 -0.79467671925219 -0.83350217564048 -0.83564056024468 -0.83317015259834 -0.8311203264185 -0.85893595870689 -0.86212017610919 -0.85572945354176 -0.8409156799142 -0.8452000768965 -0.85510206200211 -0.85010342501333 -0.85261170978034 -0.8448380323279 -0.84099832078688 -0.83916248613361 -0.72896911633669 -0.71272851474238 -0.82394422249951 -0.82916728294075 -0.82925761880042 -0.83897716748671 -0.83705132611132 -0.84761926749522 -0.83513475215758 -0.83690798630079 -0.64391560655111 -0.60750087711322 -0.76188965909215 -0.67542995455969 -0.67169999061011 -0.65255720480971 -0.76494743612231 -0.77683988803024 -0.79877349258686 -0.83306175714896 -0.83058865002689 -0.49670910604899 -0.65874995289274 -0.58825255015836 -0.596951748234 -0.56843239300148 -0.56343823607698 -0.83329453179496 -0.71490834945684 -0.72565685363053 -0.74139847927776 -0.62699017797201 -0.63076881140286 -0.6418168494876 -0.59935558897814 -0.57881855602449 -0.597009143708 -0.5921409057164 -0.61835833496392 -0.60654360958816 -0.61185926717599 -0.61262384305871 -0.62767219712644 -0.55923269367578 -0.6371322180328 -0.63807060936572 -0.6221895855742 -0.63156556483593 -0.75249877984687 -0.74959436450811 -0.7588842142792 -0.64728844754934 -0.76999440464641 -0.76576526577955 -0.62093565176028 -0.63684425287377 -0.65451191093393 -0.66223790898141 -0.64326616170957 -0.64057157126768 -0.72980940071277 -0.72143919777354 -0.72191014534165 0.71437105381956 0.73156213235243 0.71688813895424 0.68906531375206 0.75060917506493 0.74151719903168 0.7309526328677 0.75416255639192 0.76138759994492 0.79336154712087 0.77736723314805 0.73411851159891 0.68180762651145 0.68106789024812 0.79592957154848 0.8035538943424 0.8098129388895 0.8171383000593 0.81705738135567 0.79406680963165 0.79127248279362 0.80084957652611 0.8202112832214 0.78301429520016 -0.884332030641 -0.87855156127597 -0.88378751686388 -0.87179061636302 -0.87419140757174 -0.89997061278318 -0.89008051897563 -0.86933556763827 -0.87381109354048 -0.8780945045239 -0.7901691353818 -0.80559806047451 -0.80337515404507 -0.83028654793339 -0.83170325080275 -0.70527918657309 -0.6975783767654 -0.70662500877609 -0.8195050188475 -0.82590561221291 -0.81773806490424 -0.83595284177043 -0.82451953571143 -0.8294128425759 -0.81035927041399 -0.80384958862128 -0.83914362863757 -0.8422003016463 -0.76835307639262 -0.78883747105211 -0.76587696413108 -0.78832341889362 -0.81405918548529 -0.81720120611116 -0.80821446422337 -0.79813122503481 -0.77720205242398 -0.8311924271477 -0.81004211404374 -0.81778005802188 -0.82533640415167 -0.80850523526253 -0.80610555541947 -0.81039850872162 -0.82140770526489 -0.82099331870809 -0.8191406868404 -0.81783001274036 -0.81837500903165 -0.81975436141142 -0.80104183012701 -0.79648807244799 -0.80795997820694 -0.80320288157729 -0.80841332979692 -0.81394576838859 -0.82257522699556 -0.82002696134208 -0.77455490366287 -0.67720966910067 -0.66801573398117 -0.67848868866231 -0.79758982187497 -0.81736639730052 -0.73722149089785 -0.75248137402251 -0.75136230618017 -0.78850032926593 -0.78091103084797 -0.81674099069408 -0.81397740767071 -0.81686968569217 -0.81583527628427 -0.82246896095866 -0.82418069515027 -0.81096120253941 -0.81413746623386 -0.80693120567675 -0.80349049849907 -0.80240071705039 -0.80867532200541 -0.80274036499679 -0.80053601445343 -0.80316627189008 -0.81998805502296 -0.81688621897448 -0.78074826787121 -0.79481951538871 -0.78814803591934 -0.78708233164024 -0.79204843825647 -0.79312225651593 -0.77755821297069 -0.77754997352987 -0.7723719184175 -0.76970298808729 -0.76521493582185 -0.79610953399723 -0.79930982740302 -0.80253314672294 -0.76920922217668 -0.7945926503058 -0.79532350305836 -0.79944209321016 -0.79711903826172 -0.79885024721673 -0.7606248580877 -0.74986942979311 -0.75722532826818 -0.76249987129998 -0.81335252682128 -0.81751305474055 -0.80738187513066 -0.816071552916 -0.80158631887281 -0.80397794805902 -0.80353244140512 -0.81184543058443 -0.80942551841451 -0.80834492798645 -0.82439967319239 -0.82279818996272 -0.82124513892727 -0.82266880115019 -0.81855701763629 -0.81988490795058 -0.83757754546352 -0.8376654048247 -0.68564471520418 -0.71625510417843 -0.76866062606313 -0.73588698390178 -0.66430234139072 -0.71480243707633 -0.69259403247633 -0.81840861570393 -0.82017466128466 -0.83129034967258 -0.81146522276215 -0.79680418944876 -0.84903964551404 -0.60659505400532 -0.63996809756581 -0.61932465527085 -0.63142748454015 -0.76916510498541 -0.75792352710637 -0.76093531840069 -0.72182456739945 -0.72182570345393 -0.71348926901386 -0.78456320623359 -0.78839469453869 -0.77223203732937 -0.76415813453984 -0.79827090555867 -0.80487448424976 -0.80200519712172 -0.79304451726426 -0.78857708494516 -0.78147551906723 -0.78396669541264 -0.79532705406168 -0.79451911202631 -0.7933247149049 -0.79196469496465 -0.79479242196454 -0.78693333133513 -0.78052880775497 -0.80323680456251 -0.80061917878444 -0.80211825175359 -0.76289863006442 -0.75492877235675 -0.77234739304554 -0.77625315834696 -0.76496763277964 -0.7590799309759 -0.71436571467596 -0.69041505993319 -0.68739893782591 -0.74349630878713 -0.75050229375872 -0.74899726391328 -0.74334304312416 -0.74741696615305 -0.77975028328801 -0.77864451854954 -0.78357490339418 -0.77987899095885 -0.78701559231956 -0.78864445245472 -0.78875206437312 -0.7443915377068 -0.7543901017376 -0.72971824023697 -0.73851473131292 -0.73903598053242 -0.73616604161745 -0.72743893062786 -0.72612188483166 -0.73200679700515 -0.77828245479725 -0.77468019706609 -0.77739658634508 -0.76840485419122 -0.77140838644512 -0.71560950413754 -0.71483361120923 -0.72016490375693 -0.78103257684487 -0.77671847405353 -0.77944752033228 -0.79042642909264 -0.7883341159106 -0.78618167647649 -0.78831530058157 -0.79022825959828 -0.78463266616646 -0.79579822237478 -0.79725849812032 -0.7810696369354 -0.78330072091781 -0.78442657821247 -0.78473810590478 -0.77931806774072 -0.77834950667431 -0.78071959149075 -0.77977052530133 -0.77872353321861 -0.78540308963721 -0.78353752870206 -0.79414236565036 -0.79580920656201 -0.79159674231189 -0.7922578983459 -0.79956040455266 -0.79758962941399 -0.79940719208418 -0.7046278273537 -0.70597251180087 -0.69647197139808 -0.72283581894943 -0.72936050649025 -0.73786966720884 -0.73939542933882 -0.73365374572344 -0.78224950886951 -0.7834807976666 -0.78276606744399 -0.78100164323155 -0.78121782862528 -0.78236399181182 -0.77931145636478 -0.78104499079364 -0.7052697731067 -0.70156801301506 -0.69634316848214 -0.71947785518398 -0.71252057405798 -0.71797096872985 -0.72693321275181 -0.7179849308383 -0.72324832322076 -0.72469797088189 -0.71086008261939 -0.70486261702536 -0.67460240341403 -0.67465906085084 -0.68102741287107 -0.71647914401376 -0.69952970118096 -0.7093432232288 -0.71231759115336 -0.69652297537545 -0.7516627534735 -0.74031334224262 -0.7428827359146 -0.71310311884372 -0.70576926562551 -0.66628420455816 -0.65640285372808 -0.65622115300233 -0.69723948539596 -0.68712802249043 -0.68818759156253 -0.7059504083105 -0.67897148949624 -0.68970410383208 -0.78111585110537 -0.78232265305576 -0.7863836497507 -0.78504755837571 -0.78468695104832 -0.78018654335712 -0.7843464305758 -0.78328582324833 -0.78005731150993 -0.78038842603394 -0.78777666313542 -0.7877973259871 -0.78134566848348 -0.77849790948042 -0.77931957666156 -0.77976850944278 -0.78146555232734 -0.78031486195926 -0.76758196465241 -0.76222096087885 -0.76346959711765 -0.76688548879453 -0.7580837268023 -0.76534260781181 -0.77138911155283 -0.77176900860063 -0.76742342551989 -0.76447626463373 -0.77357718474123 -0.77596778878538 -0.77555706030892 -0.77735226807056 -0.77633273522609 -0.78541467194265 -0.7870449128272 0.83016450056799 0.8423107406832 0.852360925542 -0.78290645271301 -0.78446962594219 -0.78263844009347 -0.78371940685794 -0.79086996614668 -0.791149984992 -0.7897570556922 -0.79610351335413 -0.79706807375198 -0.79835161507458 -0.70272910387132 -0.69721832953745 -0.69091983159167 -0.67340814492994 -0.66957164769246 -0.67999871940676 -0.77128409950802 -0.6868174383616 -0.69551019782411 -0.69059885034867 0.54654209651978 0.63881619017313 -0.71105261469487 -0.76448932093532 -0.76990958538699 -0.77002205891848 -0.77603163466406 -0.77405336436282 -0.79557352074376 -0.79842420060122 -0.71146395191445 -0.72609028719731 -0.7267337772586 -0.7483864167738 -0.77344192344912 -0.67737925508804 -0.66571800718359 -0.68827715634649 -0.68893378416739 -0.77574679887053 -0.77146359172983 -0.76005238233827 -0.76157422610675 -0.76793068873271 -0.75735603902022 -0.63800023855062 -0.65040021270684 -0.71581764383759 -0.71621192654254 -0.72754853571675 -0.67408972594157 -0.76888132520738 -0.75379126151614 -0.74370418120876 -0.75807239640193 -0.77767946991253 -0.77687692573175 -0.77810655286171 -0.80568987764529 -0.79939295379882 -0.81320284718582 -0.81434680204782 -0.80655789872125 -0.80524779668885 -0.80771794156537 -0.80262050323496 -0.80075765072481 -0.79332984549125 -0.79493810209517 -0.80254082595462 -0.80388428773292 -0.80117968244915 -0.64776730423457 -0.6191875302765 -0.79865755391989 -0.79980345064792 -0.72257638377239 -0.77973254495022 -0.69936803916269 -0.68500890389578 -0.72302284042977 -0.77873781387996 -0.77972157637853 -0.66428997127853 -0.65567968588911 -0.6406095423038 -0.65632518774917 -0.77982554034399 -0.77797979827009 -0.7790364388755 -0.77693757386029 -0.77849077634955 -0.77429139654075 -0.77277511464441 -0.77214826490901 -0.77974854218239 -0.77901044691793 -0.78517046351171 -0.72479207407928 -0.7299037520208 -0.7230394699812 -0.76884706919449 -0.77263591930913 -0.77053650500741 -0.80772756551656 -0.80939441681195 -0.80649115851398 -0.65861138381633 -0.66116928018048 -0.67832819449431 -0.77311667033039 -0.77415552314453 -0.7670137248245 -0.76366315205069 -0.740399676881 -0.75597695906868 -0.76516926772298 -0.76862473090584 -0.76843988539934 -0.81351019086199 -0.81222439721066 -0.8052051917257 -0.80671088622684 -0.78376399186635 -0.78248204516394 -0.80954526435238 -0.81086710702315 -0.79748899694853 -0.79629244855115 -0.80095220441335 -0.80367869332732 -0.77534473001142 -0.7757691996399 -0.75840509875544 -0.77318113225127 -0.7746710588908 -0.7780489551403 -0.75697696855817 -0.65341986106235 -0.72875631417194 -0.71910225694037 -0.77551572397461 -0.77496387707151 -0.77293540450984 -0.78825630744128 -0.79366287315087 -0.72585204793796 -0.74113150327022 -0.69809718087567 -0.77117449674494 -0.76404856346619 -0.76832672162894 -0.77635703765288 -0.77630174642061 -0.7777729823143 -0.75696737199168 -0.74851724532163 -0.76631079015548 -0.76871453183748 -0.76856642956567 -0.77083374631555 -0.77212405071031 -0.70889926647515 0.78290547377152 0.73381829397817 0.74041213763911 -0.76280773657922 -0.76365460496543 -0.76194704322556 -0.77303796249416 -0.77448083884839 0.83183606950102 0.80954926083752 0.81807140162367 -0.75598152456438 -0.76001844367953 -0.75047813129581 0.71390283107088 0.73527540150358 0.76630398569888 -0.7621125616755 -0.76081777783951 -0.74531402869622 -0.74100944983233 -0.73738324311026 -0.75299576485515 -0.74719405507707 -0.75328931646048 0.77973129482974 0.78855183850007 0.71132753538353 0.76431267069221 0.7278470067178 -0.80815917809929 -0.81209579218297 -0.75980133421331 -0.76378361739823 -0.76262384720091 -0.76412326047994 -0.78194768856108 -0.78125731034482 -0.78601555234723 -0.7695153062218 -0.76925373150102 -0.77486089305377 -0.77614654818012 -0.71086328604843 0.68290409028119 0.57933137229371 -0.75802389740509 -0.76288283329194 0.68526562474142 -0.77409821556657 -0.77374412858685 -0.75400412476014 -0.76814235255297 -0.76951630813315 -0.65947519070466 0.66428361126021 0.60566799058755 -0.72614496753607 -0.73573545027657 -0.73319271549208 -0.76667352754914 -0.76669615728406 -0.76992138761376 -0.77127463973252 -0.78978271626649 -0.78802878782574 -0.78789030446069 -0.7869521686091 -0.78917722834929 -0.77576887824121 -0.77281824888367 -0.77189666663877 -0.77368064330639 -0.79243807760444 -0.7914603621942 -0.77969036817848 -0.77918916200205 -0.73864521038027 -0.73833292110959 -0.7434818169583 0.74646968779045 0.78137989769251 0.81677470737433 -0.76736038180022 -0.76531746745431 -0.76512021823683 -0.76580417714542 -0.76463459944612 -0.77193190470452 -0.7619863567499 -0.76287776588987 -0.76245790600099 -0.76117319236356 -0.76392129661656 -0.76166794447129 -0.74630634820615 -0.726703379553 -0.7707796114542 -0.76979367699407 0.81602278049882 0.79535522799857 0.80372986283892 0.80047434807922 -0.78935124964266 -0.79042699176415 -0.77368183902536 -0.77254219200756 -0.6909050818782 0.57296250031813 -0.76984481058932 -0.77087621725152 -0.77363994432558 -0.77449624143343 -0.78384962500289 -0.7849123682723 -0.78278368389993 -0.77872116189635 -0.7777885923865 -0.70384112297014 0.78332658000524 -0.5921012613431 -0.71425886087082 -0.65095908492517 -0.70279208883026 -0.69644536232212 0.83958936309862 0.83977274826569 0.85120789962377 -0.72691644608375 -0.69289985547011 0.86115412660286 0.85011282936343 0.87083317468405 0.78097714273869 0.83070686992283 0.847207648966 0.83038801177176 -0.73274112093463 -0.73595806375862 0.75049932523643 0.72581368789477 0.80067660078299 0.83881992707963 0.84487904919991 -0.77048241201134 -0.7914570048758 -0.78710146003815 -0.78595306379388 -0.73821808634106 -0.73137379287087 -0.72225245142568 -0.78070640790944 -0.78173384155047 -0.78823909150376 -0.78481766530267 -0.77534505488486 -0.77692217470999 -0.77275679608471 -0.77183832286472 -0.76977617833709 -0.77969688187306 -0.78274088940009 0.882005001169 0.86794864024731 0.86443004268065 0.81999198739506 0.82999593821634 0.82864748276024 0.79531214805522 -0.75416246325248 -0.72185595107099 -0.70767438749197 -0.73916018668793 0.75378532774328 -0.73901426327726 -0.74578092643486 -0.73168325509578 -0.7263480342661 -0.73635170557846 -0.7570784931778 -0.76071658884218 -0.73739598771655 -0.70260901100927 -0.71804491951404 -0.72613719402213 -0.73603332667071 -0.72352408721832 -0.72228649031584 -0.67504638566264 -0.73732828897176 -0.74315667025082 -0.7496814928586 -0.74844293423657 -0.73608823127254 -0.75199177896788 -0.77007926550713 -0.76404905482066 -0.74172506276617 -0.74706117339436 -0.75411438815142 -0.75806294757753 -0.75741083030449 -0.67817322728813 -0.68091621354466 -0.7018928232173 -0.71198656942057 -0.69790215109173 -0.70288065200098 -0.6905849300554 -0.71146749379065 -0.76205049855197 -0.74218538015044 -0.7717110170731 -0.73389437691937 -0.75425397234477 -0.74462404660115 -0.77498543204357 -0.77528267188203 -0.77766732521236 -0.70557182666407 -0.65898937305565 -0.66738303368876 -0.79103308831375 -0.78770420057601 -0.79204169016827 -0.7922194378474 -0.74187837386693 -0.75771196960462 -0.72604343740327 -0.77115248754585 -0.73263536078548 -0.73189797833666 -0.72979906586022 -0.65556941042027 0.63721274033965 -0.75807581500373 -0.76001497982587 -0.75728017028096 -0.75023683053582 -0.73941975187239 -0.75068106352897 -0.74724078940983 -0.75228925216091 -0.76118989436738 -0.76104919225075 -0.76280804678248 -0.76447736781296 -0.76440121596017 -0.76123344668393 -0.76111314783496 -0.73716750446716 -0.739332792283 -0.73822698326054 -0.75936593881503 -0.76037991852594 -0.75945393366675 -0.7534737099764 -0.75486226231883 -0.75810391445771 -0.75773224782838 -0.75561984410867 -0.75274527808197 -0.76023443783994 -0.75420158142591 -0.75524673853918 -0.75833410744695 -0.75930763693228 -0.75733022353042 -0.75629903287217 -0.75421044135345 -0.76580601141011 -0.76771542406703 -0.76871015749528 -0.76866173040651 -0.76754654867508 -0.7636674364628 -0.7645551322604 -0.76547688365382 0.68895530595433 0.7552857960624 0.71847549378036 0.79107076968822 0.78510223564796 0.73186472692696 0.70246986566764 0.74321758851819 0.84642056720756 0.8380121917361 -0.70259710073684 -0.70739811891627 -0.71034294387825 -0.71918409348787 -0.82077893825389 -0.70317545239909 -0.73408852547834 0.65825115134917 0.79313646695684 0.77504741226009 0.80365925854051 0.63798300715241 -0.6835446466309 0.74972109806395 0.73778768506122 0.72533060701367 0.6779405796692 0.70274732310509 0.66386595884411 -0.74583058701045 -0.74584859735109 -0.74724167688302 -0.75211636037546 -0.75507149980867 -0.72112876708375 -0.73731738844376 -0.73838216892695 -0.75293252219541 -0.73663746639867 -0.74269853854144 -0.73953574474125 -0.75593707899598 -0.74547687236416 -0.74891919000548 -0.74381622695369 -0.75233035464177 -0.7546014636206 -0.75620903495459 -0.75809573278772 -0.75806410542148 -0.76029892417741 -0.71139671509409 -0.71031523188061 -0.70456849728339 -0.73846840606324 -0.73147389088069 -0.73072776027949 -0.73433988515565 -0.7181388464071 -0.71234233058897 -0.74919694537692 -0.74657894020197 -0.67689416063392 -0.70364962019828 -0.69202215947997 -0.70560612654987 -0.71603758379154 -0.70288936158384 -0.75109840297884 -0.74885974375455 -0.75306959508514 -0.75180316034977 -0.75173275535728 -0.72180642402013 -0.7240186399705 -0.72450948212004 -0.72176459743111 -0.69957978585072 -0.69627177989176 -0.69601122386028 -0.69011272281219 -0.70895550201414 -0.71397536084191 -0.72075124753676 -0.72759184911283 -0.67498215879853 -0.67999982071831 -0.62115313305823 -0.70510834137777 -0.68859076048017 -0.69368372894018 -0.69730015103198 -0.74780938795174 -0.74948460845399 -0.74876994729074 0.70807236639243 0.67701471600914 -0.6924610177293 -0.68270188734668 -0.68437752927073 -0.69720314775108 -0.69459293540023 -0.70565098983305 -0.70278891597903 -0.67466272339328 -0.66027827623626 -0.63239302221966 -0.57140177649566 -0.54907609384044 -0.65650730911342 -0.64175321726494 0.48975399638449 -0.45008311904396 -0.68315107158809 -0.68041949764264 -0.67705962644565 -0.65433031667776 -0.67033075245109 -0.68218578886946 -0.67880638680789 -0.74370513848064 -0.75165713619582 -0.75316500587832 -0.75197939592086 0.82378981270538 0.79744398017957 0.81556474208042 0.65570013296684 0.69366175155409 0.61782315717649 -0.53449670681618 0.77570611650605 0.7849822846453 -0.67616244342612 -0.66754152353996 -0.65903747634514 0.69831279088522 0.70074961591156 0.63361235638005 0.74406046869291 0.77017812238059 0.76700837347291 -0.65503965210214 -0.62981715404712 -0.54000687411639 0.61602085142833 -0.56245578566883 -0.69108315279836 -0.69301080988564 -0.57671569479365 -0.6362033811794 -0.67072190633566 -0.67952261893204 -0.68547584654879 0.7079852687336 -0.65812778697383 -0.70863555279198 -0.71295302263779 -0.71549240145685 -0.68548886764101 -0.68254052062467 -0.68654074553779 0.42811224125219 -0.62583615714343 -0.64885743708192 0.73302968656632 0.67857504863595 0.63865416015286 -0.66059949523571 -0.69108530559756 -0.6890735215937 -0.69057610669029 -0.68953800127272 -0.689915694987 -0.68792963473766 -0.6867983626824 -0.68880209911315 -0.68594422988623 -0.6926455848903 -0.69370591810145 -0.69341283366744 -0.70186063793857 -0.70374788610477 -0.69947191353033 -0.67836730332954 -0.70334281129052 -0.70247097313672 -0.69828621384279 -0.69995728736001 -0.70697092977215 -0.7095259095036 -0.74060293036086 -0.73557546283377 -0.73675705231293 -0.74436204455377 -0.75168693085103 -0.75056233293272 -0.75770008934088 -0.75711743544644 -0.75592787768661 -0.69387156069054 -0.69499440625043 -0.69364806154849 -0.69461232427141 -0.6941375056719 -0.69167287457354 -0.69220214264227 -0.69225586714199 -0.69132726410237 -0.74022570344036 -0.73722656886036 -0.73611803807802 -0.70617225524342 -0.70739008199605 -0.70745799289386 -0.74522647053915 -0.74661617736884 -0.73929572102327 -0.73414244856097 -0.73464800806271 -0.74677375531795 -0.74572165897936 -0.74661867627476 -0.7484363161841 -0.74955636126947 -0.74947420944824 -0.74998559248305 -0.7488845909205 -0.74789364672357 -0.73099574338081 -0.74100030530037 -0.74361667537743 -0.74172915915551 -0.71755722523212 -0.7216033450469 -0.72143953258466 -0.717429533066 -0.696498317743 -0.69570919805465 -0.69693515441622 -0.69699251471828 -0.69629706851077 -0.71720142036926 -0.71706537562821 -0.72117579106277 -0.69516736841651 -0.70074264802889 -0.70226313182809 -0.70174574662547 -0.72646125815114 -0.7246386875708 -0.70681883958461 -0.70990387797685 -0.70340593370401 -0.69008985279249 -0.69013253948013 -0.6948401694882 -0.69650613283254 -0.69301203650049 -0.69355669007136 -0.71635010893452 -0.72851733187043 -0.73210645952657 -0.71437843785428 0.75987274631732 0.7434754976825 0.77640102040401 0.73722640623946 0.71381573658226 0.80565554241909 -0.74935819175666 -0.73766225117914 -0.73668473503673 -0.73941059149045 -0.75900025676232 -0.75416859752051 -0.75448884408844 -0.75799592802328 -0.69624048681748 -0.69693039616208 -0.69692184887343 -0.73001492311049 -0.73171515017786 -0.73001596245347 -0.6991408135182 -0.69898747009052 -0.70041880502991 -0.73971635125494 -0.73951538261968 -0.7380791770013 -0.692296708923 -0.69488452691437 -0.69456994266191 -0.69436153908486 -0.6974986975196 -0.69840046437944 -0.69472660233121 -0.69406392220931 -0.69354619426845 -0.69563283521255 -0.69572039091352 -0.69531755090569 -0.69570729677896 -0.69540596306873 -0.69708951764181 -0.69749494623915 -0.69813648365139 -0.69732653635131 -0.69799882018096 -0.69765538386705 -0.71971690192116 -0.71788900558738 -0.71771068484801 -0.69600006104885 -0.69643705390274 -0.69575534893053 -0.69509450705746 -0.69540893425823 -0.70967285953738 -0.70935562500935 -0.71013835865338 -0.69855611762056 -0.69665813168498 -0.69730265659268 -0.72916611158432 -0.72751281958231 -0.72811452261509 -0.69623888222034 -0.69591771426198 -0.69923107847702 -0.69953281490036 -0.6993907582597 -0.69518510178474 -0.69555089330703 -0.71590746209932 -0.71700442278012 -0.71416954008633 -0.69594442092795 -0.6952715657265 -0.69556865817413 -0.69541334351269 -0.69507582779944 -0.69662036572961 -0.69603684706904 -0.69690290106263 -0.69644884970557 0.75661878278258 -0.6948639917571 0.82101814182154 -0.7543628587361 -0.75061555751428 -0.75570904859505 -0.75712538692341 -0.74704553546877 -0.74710449651456 -0.74609520939546 -0.74720340238223 -0.74298829041567 -0.74521172482899 -0.74434212464238 -0.74357436332112 -0.73288059225697 -0.7343872530365 -0.7333594006861 -0.74095786690528 -0.74729513627044 -0.7461323217706 -0.7441062146605 -0.74427789868192 -0.74295499413619 -0.74105671589856 -0.74183291709686 -0.73874927818059 -0.75070573340846 -0.75212032267548 -0.74808289015685 -0.74040707729683 -0.73929686065899 -0.74150879784706 -0.74686895237872 -0.74580041824847 -0.74927313780265 -0.74908049980543 -0.75419143756149 -0.75315746181326 -0.74461766885774 -0.74473881453089 -0.7424227995389 -0.74188039444236 -0.74372289013397 -0.7417816466725 -0.74231000410835 -0.74493578659193 -0.740886389157 -0.75496919281406 -0.73670830929899 -0.73617912044539 -0.73622971458038 -0.7362976593204 -0.73204250144472 -0.73181433055516 -0.73096537424009 -0.73193638800127 -0.73574936228295 -0.73433411807166 -0.73295562487248 -0.75316770282558 -0.75211882916666 -0.7347149621659 -0.75106092178137 -0.71483836273629 -0.71373474818336 -0.71276925020766 -0.73599659128399 -0.74152330518609 -0.74260759558454 -0.73333426129986 -0.73305821199277 -0.72483536770535 -0.7255763556658 -0.7239341728399 -0.73610942285056 -0.73505271048424 -0.752097695645 -0.73298410320683 -0.73400010967758 -0.73299289930569 -0.73273950074994 -0.73144387850831 -0.73036130875531 -0.74367533717571 -0.74043135978072 -0.73711614962337 -0.73024920983989 -0.71659530483366 -0.71258755471447 -0.72515403941745 -0.7262186018168 -0.72487572053145 -0.72799644133838 -0.72910435189551 -0.72779965294235 -0.73198131446563 -0.73099418850252 -0.73500850512211 -0.72428224471133 -0.72564054643669 -0.72418244135149 -0.7257732611304 -0.7204069534054 -0.71619438115689 -0.72160695135132 -0.7206569135221 -0.72290714650204 -0.72278636243129 -0.72187908828622 -0.72320818594766 -0.7225030373075 -0.7198752687108 -0.71920292601455 -0.72317217261164 -0.7223815494513 -0.72342878700922 -0.72592893315645 -0.72665825332407 -0.72654502128761 -0.7281228956195 -0.72704609739261 -0.7211417950097 -0.72062125162665 -0.72650620953751 -0.72458217311072 -0.72423600440146 -0.72649746504975 -0.72460809914591 -0.72202564825993 -0.70803222419442 -0.70862179250067 -0.7076458301777 -0.71645238651143 -0.715689386554 -0.7189328140813 -0.71779362526112 -0.71223074252713 -0.71101010548015 -0.71298360377585 -0.71853678521175 -0.71669673754983 -0.71840965840157 -0.715609305058 -0.71702500071352 -0.72164539779097 -0.72259885713755 -0.7205463188854 -0.7179940223568 -0.71928079853999 -0.71195362539898 -0.71267203753445 -0.71109552860754 -0.711152080433 -0.71266298289579 -0.71193971744992 -0.71284281800957 -0.71331967644948 -0.71452066666062 -0.72739491835213 -0.72516490324838 -0.72434062892455 -0.70453073133844 -0.703390577455 -0.70495834297017 -0.71056299272391 -0.71386969457589 -0.71578513586029 -0.71996887201019 -0.71103714551328 -0.70149790946906 -0.701002193707 -0.70236029388953 -0.71656886916826 -0.71503824802214 -0.72034401660447 -0.70745789541307 -0.70834759408668 -0.70725168492284 -0.70857486527007 -0.7102138600516 -0.71015067814968 -0.71109154072697 -0.71006819143017 -0.70842805681036 -0.70722574586049 -0.70931497728874 -0.70967456163181 -0.70361765404596 -0.70557008854352 -0.70352466373868 -0.66925520658779 -0.68319439626641 -0.6788284938999 -0.70807596578841 -0.70883759069964 -0.70869365166146 -0.70904142364044 -0.70839266864163 -0.70734988185982 -0.70683750606505 -0.70776200509528 -0.71236667955821 -0.70631109128918 -0.70678655883578 -0.70583686308936 -0.707974953862 -0.70773985480461 -0.70972778237928 -0.70492072972214 -0.70388121396828 -0.70501395291185 -0.69531924082754 -0.69584222307381 -0.70759785066911 -0.70757503169964 -0.70510566144808 -0.70582789916509 -0.7076073322361 -0.71013712870073 -0.70575611978462 -0.70673358113307 -0.70528638467661 -0.70629231196806 -0.7043294396013 -0.70620940292471 -0.70688814209952 -0.70599762082134 -0.7094067852508 -0.70761141265127 -0.7054905730428 -0.70812626540268 -0.71515689754481 -0.70819276351247 -0.71108463331898 -0.72333239239063 -0.72796312337646 -0.7021325838226 -0.7007356807591 -0.70383882539424 -0.69582766179199 -0.68943156093164 -0.69611525889128 -0.70668388752904 -0.70704577404734 -0.70303782146569 -0.70013091122579 -0.70385596475732 -0.7049665442736 -0.70501666899709 -0.69718273139052 -0.69635320150972 -0.69696174566047 -0.70229321051273 -0.70267395195603 -0.70660924614029 -0.70689225689225 -0.70399798213252 -0.7000992699635 -0.69945542054684 -0.69830632993746 -0.69898740869734 -0.70268291564432 -0.70361036302388 -0.70996169408803 -0.70615509444975 -0.70289224351244 -0.70169878750217 -0.69946599431458 -0.71314456441697 -0.72525678783579 -0.70927388058466 -0.70572637470278 -0.70869929722663 -0.71357089092834 -0.70935675915404 -0.71167427777366 -0.72805281583766 -0.72927095012903 -0.7305434160638 -0.73294204897293 -0.71165255025446 -0.71546854639724 -0.70826577369901 -0.71774477006973 -0.70423525416197 -0.7071324639069 -0.70557002374519 -0.71441501270054 -0.71638990010443 -0.71383398317056 -0.71959930617889 -0.7131428085395 -0.72104018503922 -0.72554900168929 -0.69032811798629 -0.69952658939612 -0.69796110081785 -0.70206825260962 -0.69601986186937 -0.69615558058027 -0.69452584503828 -0.69489374906097 -0.69444421282838 -0.69495921399264 -0.69514334245166 -0.67793803558428 -0.67233240488151 -0.66389542739745 -0.69582392169653 -0.69670017328483 -0.69593617113178 -0.68223987551499 -0.67495214390349 -0.67563140947386 -0.69862235134017 -0.6973368858695 -0.69790565880443 -0.69526103716142 -0.70096634619242 -0.69470045196815 -0.6945652407837 -0.69439435161136 -0.6938539736412 -0.69341124808488 -0.69316264251417 -0.70115650058774 -0.70027807240253 -0.69783791019384 -0.69739950206721 -0.69879966674893 -0.70176079341047 0.77732607338423 0.74230943473392 0.79945922780625 0.88161172908608 0.86379316548341 0.86731400833385 0.81681172598454 0.8714942867815 0.85464637295379 0.86296559387977 0.8326631779093 -0.71063381203415 -0.70945756514991 -0.70574089878419 -0.70628551451636 -0.70786948991377 -0.70856414318417 -0.70727739186 -0.70675702623212 -0.70574551944301 -0.70467755082498 -0.70116105589954 -0.69832421824081 -0.70680403279698 -0.70406755432786 -0.70134248246672 -0.700032558508 -0.70103818710725 -0.70230266467864 -0.69785288014888 -0.69655353232226 -0.68989365481362 -0.69693274790242 -0.70090978063042 -0.67227108378736 -0.6810143987274 -0.68166644260761 -0.70504414871063 -0.70414421425413 -0.69931871970922 -0.69786502138675 -0.70463516183336 -0.70496824736382 -0.7061873748128 -0.70095203487653 -0.70293672639685 -0.6401260779138 -0.6578886338224 -0.68086083725182 -0.67785585717611 -0.67061917875766 -0.6860245720558 -0.69363118378287 -0.66242663450494 -0.6156909505059 -0.62839667209718 -0.6287998065219 -0.67475440826682 -0.66614975752508 -0.65721783163648 -0.65179894229026 -0.69841171262594 -0.69773779579168 -0.70119442864501 -0.6694563765085 -0.63369530119452 -0.64483093521454 -0.63627269051424 -0.65404153044226 -0.57927468055588 -0.58714696996397 -0.58691490595228 -0.56223179605256 -0.56257480027511 -0.56256856315345 -0.65936618386752 -0.60945995944501 -0.61454744679364 -0.62670542865894 -0.61916598695425 -0.64553439371974 -0.60699306175053 -0.6021777051321 -0.60467797816547 -0.5940564995471 -0.59960655657424 -0.60589990176732 -0.63494939155795 -0.58462245242143 -0.58856138950547 -0.62625871234516 -0.57829101451313 -0.64049665688798 -0.57149655573872 -0.57328199886409 -0.5698567685572 -0.69840673321847 -0.69517714539239 -0.70441946082426 -0.56211311273713 -0.55955263469217 -0.56300594220898 -0.58852216398797 -0.59583749529159 -0.65540848530638 -0.66327341767915 -0.5840974432882 -0.57748747119935 -0.60748025366276 -0.61776958605562 -0.59693804734419 -0.64683164591395 -0.6375181026473 -0.64052912346417 -0.6454729575794 -0.6526954427138 -0.55899128116052 -0.5545581262171 -0.55051507454738 -0.62748625448885 -0.61653015713102 -0.58041625838669 -0.58662122451148 -0.61858192615886 -0.61302576296684 -0.62624071392848 -0.5664782840228 -0.56580788018973 -0.56594206079082 -0.56947857221103 -0.56248628914162 -0.56179541561674 -0.56196394590888 -0.57580606957476 -0.57252674998688 -0.59493284150849 -0.60931277608048 -0.56562710324982 -0.56481152100344 -0.56510895939638 -0.65152113665934 -0.63505361991115 -0.60153602311487 -0.56702880051666 -0.56778051060039 -0.56649181178941 -0.56889730752945 -0.56806102604033 -0.56713975244321 0.67014134928564 0.63674807174158 0.65894792886603 -0.56712088417346 -0.56744423648433 -0.56635120675495 -0.57450821765997 -0.56336997030996 -0.56300659527012 -0.56192278646973 -0.57406809672648 -0.57536996510573 -0.58408859119653 -0.5913915309419 -0.56830981801055 -0.56745995090691 -0.57134191116952 -0.56979421777328 -0.5696212886376 -0.56291787636779 -0.56325906346413 -0.56262206827671 -0.56217164673763 -0.56273009343619 -0.56654893916989 -0.56773813009435 -0.56604486296179 -0.56554256415943 -0.56289004072995 -0.56336496008374 -0.5687686267389 -0.56360387766123 -0.56395042298123 -0.56324323845779 -0.56555643151899 -0.56432384177029 -0.56469948830602 -0.56396118981505 -0.56469620439069 -0.5650999952208 -0.56643094685012 -0.56390908655661 -0.56430345371829 -0.56467305034928 -0.56550161714992 -0.56593576718534 -0.5636802671411 -0.56425757199531 -0.56375345671728 -0.56295162408801 -0.56242613631424 -0.56073758065055 -0.56027773976084 -0.56179119658718 -0.56348610185207 -0.563189519582 -0.56300459625267 -0.56425374261457 -0.56395812597464 -0.56458916417614 -0.56550642715066 -0.5664946743641 -0.56583772837293 -0.56022129666629 -0.56475636210116 -0.56507273987006 -0.56241694877212 -0.56311396499064 -0.56950468596044 -0.5681380815983 -0.56459689980903 -0.56395811787854 -0.55736789214551 -0.56072131924123 -0.56551228399636 -0.5657727600962 -0.56456568404182 -0.56936149850048 -0.56747854227039 -0.56480036764542 -0.56151776633769 -0.56715660864795 -0.57778557916114 -0.5742906524209 -0.56714228318908 -0.57060459579198 -0.57341553394443 -0.57244508600401 -0.57029341122607 -0.57216478354043 -0.56406659962464 -0.6020565727203 -0.61391043786813 -0.60970245461863 -0.6476236380915 -0.64827791073212 -0.63888163113304 -0.5665631156405 -0.56704203995401 -0.54686267237905 -0.54514199135852 -0.55916399141232 0.60758981174082 0.58910862589324 -0.5185076061971 -0.50018588362681 0.41366460186211 -0.70465654930691 -0.70221101538438 -0.70278706698279 -0.73475307043723 -0.72397034657127 -0.73654059141055 -0.73932455781397 -0.67047976213217 -0.67550373985562 -0.66427815645625 -0.69972388705504 -0.70142974143422 -0.69993557638378 -0.69981839228658 -0.69971458389241 -0.65257899630459 -0.65966751981923 -0.69666902424062 -0.69669529727224 -0.69850918949456 -0.55178489736831 -0.54772281865985 -0.54579467191735 -0.53318323045277 -0.47044336710255 -0.53519031868841 -0.67547128991843 -0.6715224670363 -0.67827025628468 0.56664892023497 0.57387250726324 -0.5001770099238 -0.62725836597219 -0.62842844252061 0.60434127567989 0.54555583457319 -0.57702615619033 -0.58535672685398 0.6609420631962 0.6627469029472 0.62309186690982 0.56796388185814 0.51762315547222 0.66072558123726 0.65990282637365 -0.66282683400886 -0.67285032852346 -0.67652430036989 -0.68160576114606 -0.67642022937774 -0.70219521133223 -0.68782381664775 -0.69045962941543 -0.68946194832627 -0.69570412775708 -0.6950357345086 -0.69596471771905 -0.69073169847917 -0.69233642934045 -0.69416587984065 -0.69500704020721 -0.69632162750281 -0.68152439440771 -0.68919988646065 -0.68817516036182 -0.69823211839087 -0.69695848258105 -0.6256588489991 -0.63868493987381 -0.60634192725398 -0.59565931251815 -0.59683062603376 -0.5933953739427 -0.58793209615477 -0.58203485409986 -0.68266157542347 -0.68827294254029 -0.68836312450186 -0.69089374380106 -0.69256944969737 -0.68676867020447 -0.68547179443739 -0.70326995427695 -0.69334552093473 -0.70250337324359 -0.70441123407701 -0.6996576333157 -0.69681545667447 -0.70251230904335 -0.69525484554588 -0.69555372647072 -0.69554306614575 -0.69397082758409 -0.69397775546291 -0.69255073349029 -0.69347159634723 -0.68529131816802 -0.68440582207295 -0.69129776340722 -0.68897577632286 -0.68814346091445 -0.6835086111083 -0.69504013929291 -0.69345723120117 -0.68909634615547 -0.68902737958477 -0.68733971944411 -0.69029099423604 -0.69038847131625 -0.6917679718347 -0.68525254661763 -0.68787105206108 -0.68561494479438 -0.68455773196443 -0.63048844674777 -0.63605413941812 -0.64292491503317 -0.33622237522278 -0.52628986417559 -0.69092742757305 -0.68824063356487 -0.62116489185217 -0.65879464367659 -0.67020175268744 -0.67085451662508 -0.65766272407382 -0.67838346886189 -0.67274845442998 -0.65341761168054 -0.66181590024832 0.62866450794806 0.66785459024564 0.66698717359395 -0.66460981440326 -0.66214039933952 -0.65596179305523 -0.64264058023864 -0.64681818055272 0.59504387994611 -0.55028640414507 0.56777574713086 -0.51680001838103 -0.63700079149456 0.49834816218324 -0.68126923601331 0.58652704758195 0.58544953210903 -0.65564538978133 -0.67034053017552 -0.65818320611023 -0.6644215302096 -0.6180515859503 0.45110037780058 -0.63152789269012 -0.61900713520059 0.46827300371657 -0.58735806242435 -0.60007137672775 -0.63713535047248 -0.64925730984068 0.55311963330253 0.54808603078269 -0.59642754541239 -0.57001098661162 -0.57924878790034 -0.61103807661199 -0.61782945212505 -0.60628475877314 -0.6055639195172 -0.68375796900855 -0.69289863299968 -0.69266489864064 -0.6921171712307 -0.6797965120214 -0.67804179900385 0.65033230736063 -0.66117079016436 -0.64718668768958 -0.65554018576507 0.75633357870774 0.7310083937284 0.76531494334452 0.74343310047248 0.6998273388904 0.73286685746206 -0.69405551929099 -0.69346130098906 -0.69423851490109 -0.69459920741082 -0.69164910503839 -0.55644179640159 -0.47959893390922 -0.50688773581348 -0.55332455431997 0.73761496603829 0.76976417908635 0.59704773311518 0.60677355576923 0.6402286750051 0.72545411216794 0.71021790979762 0.73868194738356 0.70423905815382 0.7271835196339 0.63758075550935 0.67105123702186 0.75765084928288 0.77168034823468 0.7778479315873 0.68684471987205 0.73294521796762 0.84660138066994 0.83000825552477 0.82214132793603 0.68842721416479 0.72450409150702 0.83553454303987 0.79415551289215 0.7038366161508 0.7787893301664 0.76829798349758 0.68122313232326 0.73436255947132 0.76221900457187 0.77745768136153 0.83565737302252 0.81422166009708 0.77606005861819 0.69371096260792 0.81236434122817 0.80330688771908 0.60807881342856 0.70726214697641 0.70057526295024 0.65136824791079 0.69028002399617 0.67569240543332 0.69667528376564 0.78675103482591 0.80354984612202 0.80267940840483 0.8233548388845 0.77534908960372 -0.79032086368803 
